T recv, refr_timer=0x3ffc68dc paused=0
[LVGLdbg2] REFR_REQUEST recv, refr_timer=0x3ffc68dc paused=0
[LVGLdbg2] REFR_REQUEST recv, refr_timer=0x3ffc68dc paused=0
[LVGLdbg2] REFR_REQUEST recv, refr_timer=0x3ffc68dc paused=0
[LVGLdbg2] REFR_REQUEST recv, refr_timer=0x3ffc68dc paused=0
[LVGLdbg2] REFR_REQUEST recv, refr_timer=0x3ffc68dc paused=0
[LVGLdbg2] REFR_REQUEST recv, refr_timer=0x3ffc68dc paused=0
[LVGLdbg2] REFR_REQUEST recv, refr_timer=0x3ffc68dc paused=0
[LVGLdbg2] REFR_REQUEST recv, refr_timer=0x3ffc68dc paused=0
[LVGLdbg2] REFR_REQUEST recv, refr_timer=0x3ffc68dc paused=0
[LVGLdbg2] REFR_REQUEST recv, refr_timer=0x3ffc68dc paused=0
[LVGLdbg2] REFR_REQUEST recv, refr_timer=0x3ffc68dc paused=0
[LVGLdbg2] REFR_REQUEST recv, refr_timer=0x3ffc68dc paused=0
[LVGLdbg2] REFR_REQUEST recv, refr_timer=0x3ffc68dc paused=0
[LVGLdbg2] REFR_REQUEST recv, refr_timer=0x3ffc68dc paused=0
[LVGLdbg2] REFR_REQUEST recv, refr_timer=0x3ffc68dc paused=0
[LVGLdbg2] REFR_REQUEST recv, refr_timer=0x3ffc68dc paused=0
[LVGLdbg2] REFR_REQUEST recv, refr_timer=0x3ffc68dc paused=0
[LVGLdbg2] REFR_REQUEST recv, refr_timer=0x3ffc68dc paused=0
[LVGLdbg2] REFR_REQUEST recv, refr_timer=0x3ffc68dc paused=0
[LVGLdbg2] REFR_REQUEST recv, refr_timer=0x3ffc68dc paused=0
[LVGLdbg2] REFR_REQUEST recv, refr_timer=0x3ffc68dc paused=0
[LVGLdbg2] REFR_REQUEST recv, refr_timer=0x3ffc68dc paused=0
[LVGLdbg2] REFR_REQUEST recv, refr_timer=0x3ffc68dc paused=0
[LVGLdbg2] REFR_REQUEST recv, refr_timer=0x3ffc68dc paused=0
[LVGLdbg2] REFR_REQUEST recv, refr_timer=0x3ffc68dc paused=0
[LVGLdbg2] REFR_REQUEST recv, refr_timer=0x3ffc68dc paused=0
[LVGLdbg2] REFR_REQUEST recv, refr_timer=0x3ffc68dc paused=0
[LVGLdbg2] REFR_REQUEST recv, refr_timer=0x3ffc68dc paused=0
[LVGLdbg2] REFR_REQUEST recv, refr_timer=0x3ffc68dc paused=0
[LVGLdbg2] REFR_REQUEST recv, refr_timer=0x3ffc68dc paused=0
[LVGLdbg2] REFR_REQUEST recv, refr_timer=0x3ffc68dc paused=0
[LVGLdbg2] REFR_REQUEST recv, refr_timer=0x3ffc68dc paused=0
[LVGLdbg2] REFR_REQUEST recv, refr_timer=0x3ffc68dc paused=0
[LVGLdbg2] REFR_REQUEST recv, refr_timer=0x3ffc68dc paused=0
[LVGLdbg2] REFR_REQUEST recv, refr_timer=0x3ffc68dc paused=0
[LVGLdbg2] REFR_REQUEST recv, refr_timer=0x3ffc68dc paused=0
[LVGLdbg2] REFR_REQUEST recv, refr_timer=0x3ffc68dc paused=0
[LVGLdbg2] REFR_REQUEST recv, refr_timer=0x3ffc68dc paused=0
[LVGLdbg2] REFR_REQUEST recv, refr_timer=0x3ffc68dc paused=0
[LVGLdbg2] REFR_REQUEST recv, refr_timer=0x3ffc68dc paused=0
[LVGLdbg2] REFR_REQUEST recv, refr_timer=0x3ffc68dc paused=0
[LVGLdbg2] REFR_REQUEST recv, refr_timer=0x3ffc68dc paused=0
[LVGLdbg2] REFR_REQUEST recv, refr_timer=0x3ffc68dc paused=0
[LVGLdbg2] REFR_REQUEST recv, refr_timer=0x3ffc68dc paused=0
[LVGLdbg2] REFR_REQUEST recv, refr_timer=0x3ffc68dc paused=0
[LVGLdbg2] REFR_REQUEST recv, refr_timer=0x3ffc68dc paused=0
[LVGLdbg2] REFR_REQUEST recv, refr_timer=0x3ffc68dc paused=0
[LVGLdbg2] REFR_REQUEST recv, refr_timer=0x3ffc68dc paused=0
[LVGLdbg2] REFR_REQUEST recv, refr_timer=0x3ffc68dc paused=0
[LVGLdbg2] REFR_REQUEST recv, refr_timer=0x3ffc68dc paused=0
[LVGLdbg2] REFR_REQUEST recv, refr_timer=0x3ffc68dc paused=0
[LVGLdbg2] REFR_REQUEST recv, refr_timer=0x3ffc68dc paused=0
[LVGLdbg2] REFR_REQUEST recv, refr_timer=0x3ffc68dc paused=0
[LVGLdbg2] REFR_REQUEST recv, refr_timer=0x3ffc68dc paused=0
[LVGLdbg2] REFR_REQUEST recv, refr_timer=0x3ffc68dc paused=0
[LVGLdbg2] REFR_REQUEST recv, refr_timer=0x3ffc68dc paused=0
[LVGLdbg2] REFR_REQUEST recv, refr_timer=0x3ffc68dc paused=0
[LVGLdbg2] REFR_REQUEST recv, refr_timer=0x3ffc68dc paused=0
[LVGLdbg2] REFR_REQUEST recv, refr_timer=0x3ffc68dc paused=0
[LVGLdbg2] REFR_REQUEST recv, refr_timer=0x3ffc68dc paused=0
[LVGLdbg2] REFR_REQUEST recv, refr_timer=0x3ffc68dc paused=0
[LVGLdbg2] REFR_REQUEST recv, refr_timer=0x3ffc68dc paused=0
[LVGLdbg2] REFR_REQUEST recv, refr_timer=0x3ffc68dc paused=0
[LVGLdbg2] REFR_REQUEST recv, refr_timer=0x3ffc68dc paused=0
[LVGLdbg2] REFR_REQUEST recv, refr_timer=0x3ffc68dc paused=0
[LVGLdbg2] REFR_REQUEST recv, refr_timer=0x3ffc68dc paused=0
[LVGLdbg2] REFR_REQUEST recv, refr_timer=0x3ffc68dc paused=0
[LVGLdbg2] REFR_REQUEST recv, refr_timer=0x3ffc68dc paused=0
[LVGLdbg2] REFR_REQUEST recv, refr_timer=0x3ffc68dc paused=0
[LVGLdbg2] REFR_REQUEST recv, refr_timer=0x3ffc68dc paused=0
[LVGLdbg2] REFR_REQUEST recv, refr_timer=0x3ffc68dc paused=0
[LVGLdbg2] REFR_REQUEST recv, refr_timer=0x3ffc68dc paused=0
[LVGLdbg2] REFR_REQUEST recv, refr_timer=0x3ffc68dc paused=0
[LVGLdbg2] REFR_REQUEST recv, refr_timer=0x3ffc68dc paused=0
[LVGLdbg2] REFR_REQUEST recv, refr_timer=0x3ffc68dc paused=0
[LVGLdbg2] REFR_REQUEST recv, refr_timer=0x3ffc68dc paused=0
[LVGLdbg2] REFR_REQUEST recv, refr_timer=0x3ffc68dc paused=0
[LVGLdbg2] REFR_REQUEST recv, refr_timer=0x3ffc68dc paused=0
[LVGLdbg2] REFR_REQUEST recv, refr_timer=0x3ffc68dc paused=0
[LVGLdbg2] REFR_REQUEST recv, refr_timer=0x3ffc68dc paused=0
[LVGLdbg2] REFR_REQUEST recv, refr_timer=0x3ffc68dc paused=0
[LVGLdbg2] REFR_REQUEST recv, refr_timer=0x3ffc68dc paused=0
[LVGLdbg2] REFR_REQUEST recv, refr_timer=0x3ffc68dc paused=0
[LVGLdbg2] REFR_REQUEST recv, refr_timer=0x3ffc68dc paused=0
[LVGLdbg2] REFR_REQUEST recv, refr_timer=0x3ffc68dc paused=0
[LVGLdbg2] REFR_REQUEST recv, refr_timer=0x3ffc68dc paused=0
[LVGLdbg2] REFR_REQUEST recv, refr_timer=0x3ffc68dc paused=0
[LVGLdbg2] REFR_REQUEST recv, refr_timer=0x3ffc68dc paused=0
[LVGLdbg2] REFR_REQUEST recv, refr_timer=0x3ffc68dc paused=0
[LVGLdbg2] REFR_REQUEST recv, refr_timer=0x3ffc68dc paused=0
[LVGLdbg2] REFR_REQUEST recv, refr_timer=0x3ffc68dc paused=0
[LVGLdbg2] REFR_REQUEST recv, refr_timer=0x3ffc68dc paused=0
[LVGLdbg2] REFR_REQUEST recv, refr_timer=0x3ffc68dc paused=0
[LVGLdbg2] REFR_REQUEST recv, refr_timer=0x3ffc68dc paused=0
[LVGLdbg2] REFR_REQUEST recv, refr_timer=0x3ffc68dc paused=0
[LVGLdbg2] REFR_REQUEST recv, refr_timer=0x3ffc68dc paused=0
[LVGLdbg2] REFR_REQUEST recv, refr_timer=0x3ffc68dc paused=0
[LVGLdbg2] REFR_REQUEST recv, refr_timer=0x3ffc68dc paused=0
[LVGLdbg2] REFR_REQUEST recv, refr_timer=0x3ffc68dc paused=0
[LVGLdbg2] REFR_REQUEST recv, refr_timer=0x3ffc68dc paused=0
[LVGLdbg2] REFR_REQUEST recv, refr_timer=0x3ffc68dc paused=0
[LVGLdbg2] REFR_REQUEST recv, refr_timer=0x3ffc68dc paused=0
[LVGLdbg2] REFR_REQUEST recv, refr_timer=0x3ffc68dc paused=0
[LVGLdbg2] REFR_REQUEST recv, refr_timer=0x3ffc68dc paused=0
[LVGLdbg2] REFR_REQUEST recv, refr_timer=0x3ffc68dc paused=0
[LVGLdbg2] REFR_REQUEST recv, refr_timer=0x3ffc68dc paused=0
[LVGLdbg2] REFR_REQUEST recv, refr_timer=0x3ffc68dc paused=0
[LVGLdbg2] REFR_REQUEST recv, refr_timer=0x3ffc68dc paused=0
[LVGLdbg2] REFR_REQUEST recv, refr_timer=0x3ffc68dc paused=0
[LVGLdbg2] REFR_REQUEST recv, refr_timer=0x3ffc68dc paused=0
[LVGLdbg2] REFR_REQUEST recv, refr_timer=0x3ffc68dc paused=0
[LVGLdbg2] REFR_REQUEST recv, refr_timer=0x3ffc68dc paused=0
[LVGLdbg2] REFR_REQUEST recv, refr_timer=0x3ffc68dc paused=0
[LVGLdbg2] REFR_REQUEST recv, refr_timer=0x3ffc68dc paused=0
[LVGLdbg2] REFR_REQUEST recv, refr_timer=0x3ffc68dc paused=0
[LVGLdbg2] REFR_REQUEST recv, refr_timer=0x3ffc68dc paused=0
[LVGLdbg2] REFR_REQUEST recv, refr_timer=0x3ffc68dc paused=0
[LVGLdbg2] REFR_REQUEST recv, refr_timer=0x3ffc68dc paused=0
[LVGLdbg2] REFR_REQUEST recv, refr_timer=0x3ffc68dc paused=0
[LVGLdbg2] REFR_REQUEST recv, refr_timer=0x3ffc68dc paused=0
[LVGLdbg2] REFR_REQUEST recv, refr_timer=0x3ffc68dc paused=0
[LVGLdbg2] REFR_REQUEST recv, refr_timer=0x3ffc68dc paused=0
[LVGLdbg2] REFR_REQUEST recv, refr_timer=0x3ffc68dc paused=0
[LVGLdbg2] REFR_REQUEST recv, refr_timer=0x3ffc68dc paused=0
[LVGLdbg2] REFR_REQUEST recv, refr_timer=0x3ffc68dc paused=0
[LVGLdbg2] REFR_REQUEST recv, refr_timer=0x3ffc68dc paused=0
[LVGLdbg2] REFR_REQUEST recv, refr_timer=0x3ffc68dc paused=0
[LVGLdbg2] REFR_REQUEST recv, refr_timer=0x3ffc68dc paused=0
[LVGLdbg2] REFR_REQUEST recv, refr_timer=0x3ffc68dc paused=0
[LVGLdbg2] REFR_REQUEST recv, refr_timer=0x3ffc68dc paused=0
[LVGLdbg2] REFR_REQUEST recv, refr_timer=0x3ffc68dc paused=0
[LVGLdbg2] REFR_REQUEST recv, refr_timer=0x3ffc68dc paused=0
[LVGLdbg2] REFR_REQUEST recv, refr_timer=0x3ffc68dc paused=0
[LVGLdbg2] REFR_REQUEST recv, refr_timer=0x3ffc68dc paused=0
[LVGLdbg2] REFR_REQUEST recv, refr_timer=0x3ffc68dc paused=0
[LVGLdbg2] REFR_REQUEST recv, refr_timer=0x3ffc68dc paused=0
[LVGLdbg2] REFR_REQUEST recv, refr_timer=0x3ffc68dc paused=0
[LVGLdbg2] REFR_REQUEST recv, refr_timer=0x3ffc68dc paused=0
[LVGLdbg2] REFR_REQUEST recv, refr_timer=0x3ffc68dc paused=0
[LVGLdbg2] REFR_REQUEST recv, refr_timer=0x3ffc68dc paused=0
[LVGLdbg2] REFR_REQUEST recv, refr_timer=0x3ffc68dc paused=0
[LVGLdbg2] REFR_REQUEST recv, refr_timer=0x3ffc68dc paused=0
[LVGLdbg2] REFR_REQUEST recv, refr_timer=0x3ffc68dc paused=0
[LVGLdbg2] REFR_REQUEST recv, refr_timer=0x3ffc68dc paused=0
[LVGLdbg2] REFR_REQUEST recv, refr_timer=0x3ffc68dc paused=0
[LVGLdbg2] REFR_REQUEST recv, refr_timer=0x3ffc68dc paused=0
[LVGLdbg2] REFR_REQUEST recv, refr_timer=0x3ffc68dc paused=0
[LVGLdbg2] REFR_REQUEST recv, refr_timer=0x3ffc68dc paused=0
[LVGLdbg2] REFR_REQUEST recv, refr_timer=0x3ffc68dc paused=0
[LVGLdbg2] REFR_REQUEST recv, refr_timer=0x3ffc68dc paused=0
[LVGLdbg2] REFR_REQUEST recv, refr_timer=0x3ffc68dc paused=0
[LVGLdbg2] REFR_REQUEST recv, refr_timer=0x3ffc68dc paused=0
[LVGLdbg2] REFR_REQUEST recv, refr_timer=0x3ffc68dc paused=0
[LVGLdbg2] REFR_REQUEST recv, refr_timer=0x3ffc68dc paused=0
[LVGLdbg2] REFR_REQUEST recv, refr_timer=0x3ffc68dc paused=0
[LVGLdbg2] REFR_REQUEST recv, refr_timer=0x3ffc68dc paused=0
[LVGLdbg2] REFR_REQUEST recv, refr_timer=0x3ffc68dc paused=0
[LVGLdbg2] REFR_REQUEST recv, refr_timer=0x3ffc68dc paused=0
[LVGLdbg2] REFR_REQUEST recv, refr_timer=0x3ffc68dc paused=0
[LVGLdbg2] REFR_REQUEST recv, refr_timer=0x3ffc68dc paused=0
[LVGLdbg2] REFR_REQUEST recv, refr_timer=0x3ffc68dc paused=0
[LVGLdbg2] REFR_REQUEST recv, refr_timer=0x3ffc68dc paused=0
[LVGLdbg2] REFR_REQUEST recv, refr_timer=0x3ffc68dc paused=0
[LVGLdbg2] REFR_REQUEST recv, refr_timer=0x3ffc68dc paused=0
[LVGLdbg2] REFR_REQUEST recv, refr_timer=0x3ffc68dc paused=0
[LVGLdbg2] REFR_REQUEST recv, refr_timer=0x3ffc68dc paused=0
[LVGLdbg2] REFR_REQUEST recv, refr_timer=0x3ffc68dc paused=0
[LVGLdbg2] REFR_REQUEST recv, refr_timer=0x3ffc68dc paused=0
[LVGLdbg2] REFR_REQUEST recv, refr_timer=0x3ffc68dc paused=0
[LVGLdbg2] REFR_REQUEST recv, refr_timer=0x3ffc68dc paused=0
[ViewManager] Rebuilt with 12 view(s)
[PeripheralManager] Rebuilt 0 peripheral(s)
[TEMP] Forcing navigationController.nextTab()
[Nav] nextTab: 0 -> 1 (count=10)
[LVGLdbg2] invalidate_area FULL-mode -> sending REFR_REQUEST
[LVGLdbg2] REFR_REQUEST recv, refr_timer=0x3ffc68dc paused=0
[LVGLdbg2] REFR_REQUEST recv, refr_timer=0x3ffc68dc paused=0
[LVGLdbg2] invalidate_area FULL-mode -> sending REFR_REQUEST
[LVGLdbg2] REFR_REQUEST recv, refr_timer=0x3ffc68dc paused=0
[LVGLdbg2] REFR_REQUEST recv, refr_timer=0x3ffc68dc paused=0
[LVGLdbg2] REFR_REQUEST recv, refr_timer=0x3ffc68dc paused=0
[LVGLdbg2] invalidate_area FULL-mode -> sending REFR_REQUEST
[LVGLdbg2] REFR_REQUEST recv, refr_timer=0x3ffc68dc paused=0
[LVGLdbg2] invalidate_area FULL-mode -> sending REFR_REQUEST
[LVGLdbg2] REFR_REQUEST recv, refr_timer=0x3ffc68dc paused=0
[LVGLdbg2] invalidate_area FULL-mode -> sending REFR_REQUEST
[LVGLdbg2] REFR_REQUEST recv, refr_timer=0x3ffc68dc paused=0
[LVGLdbg2] REFR_REQUEST recv, refr_timer=0x3ffc68dc paused=0
[LVGLdbg2] invalidate_area FULL-mode -> sending REFR_REQUEST
[LVGLdbg2] REFR_REQUEST recv, refr_timer=0x3ffc68dc paused=0
[LVGLdbg2] REFR_REQUEST recv, refr_timer=0x3ffc68dc paused=0
[LVGLdbg2] REFR_REQUEST recv, refr_timer=0x3ffc68dc paused=0
[LVGLdbg2] REFR_REQUEST recv, refr_timer=0x3ffc68dc paused=0
[LVGLdbg2] REFR_REQUEST recv, refr_timer=0x3ffc68dc paused=0
[LVGLdbg2] REFR_REQUEST recv, refr_timer=0x3ffc68dc paused=0
[LVGLdbg2] REFR_REQUEST recv, refr_timer=0x3ffc68dc paused=0
[LVGLdbg2] invalidate_area FULL-mode -> sending REFR_REQUEST
[LVGLdbg2] REFR_REQUEST recv, refr_timer=0x3ffc68dc paused=0
[LVGLdbg2] REFR_REQUEST recv, refr_timer=0x3ffc68dc paused=0
[LVGLdbg2] REFR_REQUEST recv, refr_timer=0x3ffc68dc paused=0
[LVGLdbg2] REFR_REQUEST recv, refr_timer=0x3ffc68dc paused=0
[LVGLdbg2] REFR_REQUEST recv, refr_timer=0x3ffc68dc paused=0
[LVGLdbg2] REFR_REQUEST recv, refr_timer=0x3ffc68dc paused=0
[LVGLdbg2] REFR_REQUEST recv, refr_timer=0x3ffc68dc paused=0
[LVGLdbg2] invalidate_area FULL-mode -> sending REFR_REQUEST
[LVGLdbg2] REFR_REQUEST recv, refr_timer=0x3ffc68dc paused=0
[LVGLdbg2] REFR_REQUEST recv, refr_timer=0x3ffc68dc paused=0
[LVGLdbg2] REFR_REQUEST recv, refr_timer=0x3ffc68dc paused=0
[LVGLdbg2] REFR_REQUEST recv, refr_timer=0x3ffc68dc paused=0
[LVGLdbg2] REFR_REQUEST recv, refr_timer=0x3ffc68dc paused=0
[LVGLdbg2] REFR_REQUEST recv, refr_timer=0x3ffc68dc paused=0
[LVGLdbg2] REFR_REQUEST recv, refr_timer=0x3ffc68dc paused=0
[LVGLdbg2] invalidate_area FULL-mode -> sending REFR_REQUEST
[LVGLdbg2] REFR_REQUEST recv, refr_timer=0x3ffc68dc paused=0
[LVGLdbg2] REFR_REQUEST recv, refr_timer=0x3ffc68dc paused=0
[LVGLdbg2] REFR_REQUEST recv, refr_timer=0x3ffc68dc paused=0
[LVGLdbg2] REFR_REQUEST recv, refr_timer=0x3ffc68dc paused=0
[LVGLdbg2] REFR_REQUEST recv, refr_timer=0x3ffc68dc paused=0
[LVGLdbg2] REFR_REQUEST recv, refr_timer=0x3ffc68dc paused=0
[LVGLdbg2] REFR_REQUEST recv, refr_timer=0x3ffc68dc paused=0
[LVGLdbg2] invalidate_area FULL-mode -> sending REFR_REQUEST
[LVGLdbg2] REFR_REQUEST recv, refr_timer=0x3ffc68dc paused=0
[LVGLdbg2] REFR_REQUEST recv, refr_timer=0x3ffc68dc paused=0
[LVGLdbg2] REFR_REQUEST recv, refr_timer=0x3ffc68dc paused=0
[LVGLdbg2] REFR_REQUEST recv, refr_timer=0x3ffc68dc paused=0
[LVGLdbg2] REFR_REQUEST recv, refr_timer=0x3ffc68dc paused=0
[LVGLdbg2] REFR_REQUEST recv, refr_timer=0x3ffc68dc paused=0
[LVGLdbg2] REFR_REQUEST recv, refr_timer=0x3ffc68dc paused=0
[LVGLdbg2] invalidate_area FULL-mode -> sending REFR_REQUEST
[LVGLdbg2] REFR_REQUEST recv, refr_timer=0x3ffc68dc paused=0
[LVGLdbg2] REFR_REQUEST recv, refr_timer=0x3ffc68dc paused=0
[LVGLdbg2] REFR_REQUEST recv, refr_timer=0x3ffc68dc paused=0
[LVGLdbg2] REFR_REQUEST recv, refr_timer=0x3ffc68dc paused=0
[LVGLdbg2] REFR_REQUEST recv, refr_timer=0x3ffc68dc paused=0
[LVGLdbg2] REFR_REQUEST recv, refr_timer=0x3ffc68dc paused=0
[LVGLdbg2] REFR_REQUEST recv, refr_timer=0x3ffc68dc paused=0
[LVGLdbg2] invalidate_area FULL-mode -> sending REFR_REQUEST
[LVGLdbg2] REFR_REQUEST recv, refr_timer=0x3ffc68dc paused=0
[LVGLdbg2] REFR_REQUEST recv, refr_timer=0x3ffc68dc paused=0
[LVGLdbg2] REFR_REQUEST recv, refr_timer=0x3ffc68dc paused=0
[LVGLdbg2] REFR_REQUEST recv, refr_timer=0x3ffc68dc paused=0
[LVGLdbg2] REFR_REQUEST recv, refr_timer=0x3ffc68dc paused=0
[LVGLdbg2] REFR_REQUEST recv, refr_timer=0x3ffc68dc paused=0
[LVGLdbg2] REFR_REQUEST recv, refr_timer=0x3ffc68dc paused=0
[LVGLdbg2] invalidate_area FULL-mode -> sending REFR_REQUEST
[LVGLdbg2] REFR_REQUEST recv, refr_timer=0x3ffc68dc paused=0
[LVGLdbg2] REFR_REQUEST recv, refr_timer=0x3ffc68dc paused=0
[LVGLdbg2] REFR_REQUEST recv, refr_timer=0x3ffc68dc paused=0
[LVGLdbg2] REFR_REQUEST recv, refr_timer=0x3ffc68dc paused=0
[LVGLdbg2] REFR_REQUEST recv, refr_timer=0x3ffc68dc paused=0
[LVGLdbg2] REFR_REQUEST recv, refr_timer=0x3ffc68dc paused=0
[LVGLdbg2] REFR_REQUEST recv, refr_timer=0x3ffc68dc paused=0
[LVGLdbg2] invalidate_area FULL-mode -> sending REFR_REQUEST
[LVGLdbg2] REFR_REQUEST recv, refr_timer=0x3ffc68dc paused=0
[LVGLdbg2] REFR_REQUEST recv, refr_timer=0x3ffc68dc paused=0
[LVGLdbg2] REFR_REQUEST recv, refr_timer=0x3ffc68dc paused=0
[LVGLdbg2] REFR_REQUEST recv, refr_timer=0x3ffc68dc paused=0
[LVGLdbg2] REFR_REQUEST recv, refr_timer=0x3ffc68dc paused=0
[LVGLdbg2] REFR_REQUEST recv, refr_timer=0x3ffc68dc paused=0
[LVGLdbg2] REFR_REQUEST recv, refr_timer=0x3ffc68dc paused=0
[LVGLdbg2] invalidate_area FULL-mode -> sending REFR_REQUEST
[LVGLdbg2] REFR_REQUEST recv, refr_timer=0x3ffc68dc paused=0
[LVGLdbg2] REFR_REQUEST recv, refr_timer=0x3ffc68dc paused=0
[LVGLdbg2] invalidate_area FULL-mode -> sending REFR_REQUEST
[LVGLdbg2] REFR_REQUEST recv, refr_timer=0x3ffc68dc paused=0
[LVGLdbg2] invalidate_area FULL-mode -> sending REFR_REQUEST
[LVGLdbg2] REFR_REQUEST recv, refr_timer=0x3ffc68dc paused=0
[LVGLdbg2] invalidate_area FULL-mode -> sending REFR_REQUEST
[LVGLdbg2] REFR_REQUEST recv, refr_timer=0x3ffc68dc paused=0
[LVGLdbg2] invalidate_area FULL-mode -> sending REFR_REQUEST
[LVGLdbg2] REFR_REQUEST recv, refr_timer=0x3ffc68dc paused=0
[LVGLdbg2] invalidate_area FULL-mode -> sending REFR_REQUEST
[LVGLdbg2] REFR_REQUEST recv, refr_timer=0x3ffc68dc paused=0
[LVGLdbg2] invalidate_area FULL-mode -> sending REFR_REQUEST
[LVGLdbg2] REFR_REQUEST recv, refr_timer=0x3ffc68dc paused=0
[LVGLdbg2] invalidate_area FULL-mode -> sending REFR_REQUEST
[LVGLdbg2] REFR_REQUEST recv, refr_timer=0x3ffc68dc paused=0
[LVGLdbg2] invalidate_area FULL-mode -> sending REFR_REQUEST
[LVGLdbg2] REFR_REQUEST recv, refr_timer=0x3ffc68dc paused=0
[LVGLdbg2] invalidate_area FULL-mode -> sending REFR_REQUEST
[LVGLdbg2] REFR_REQUEST recv, refr_timer=0x3ffc68dc paused=0
[LVGLdbg2] invalidate_area FULL-mode -> sending REFR_REQUEST
[LVGLdbg2] REFR_REQUEST recv, refr_timer=0x3ffc68dc paused=0
[LVGLdbg2] invalidate_area FULL-mode -> sending REFR_REQUEST
[LVGLdbg2] REFR_REQUEST recv, refr_timer=0x3ffc68dc paused=0
[LVGLdbg2] REFR_REQUEST recv, refr_timer=0x3ffc68dc paused=0
[LVGLdbg2] REFR_REQUEST recv, refr_timer=0x3ffc68dc paused=0
[LVGLdbg2] invalidate_area FULL-mode -> sending REFR_REQUEST
[LVGLdbg2] REFR_REQUEST recv, refr_timer=0x3ffc68dc paused=0
[LVGLdbg2] invalidate_area FULL-mode -> sending REFR_REQUEST
[LVGLdbg2] REFR_REQUEST recv, refr_timer=0x3ffc68dc paused=0
[LVGLdbg2] invalidate_area FULL-mode -> sending REFR_REQUEST
[LVGLdbg2] REFR_REQUEST recv, refr_timer=0x3ffc68dc paused=0
[LVGLdbg2] invalidate_area FULL-mode -> sending REFR_REQUEST
[LVGLdbg2] REFR_REQUEST recv, refr_timer=0x3ffc68dc paused=0
[LVGLdbg2] REFR_REQUEST recv, refr_timer=0x3ffc68dc paused=0
[LVGLdbg2] REFR_REQUEST recv, refr_timer=0x3ffc68dc paused=0
[LVGLdbg2] invalidate_area FULL-mode -> sending REFR_REQUEST
[LVGLdbg2] REFR_REQUEST recv, refr_timer=0x3ffc68dc paused=0
[LVGLdbg2] invalidate_area FULL-mode -> sending REFR_REQUEST
[LVGLdbg2] REFR_REQUEST recv, refr_timer=0x3ffc68dc paused=0
[LVGLdbg2] invalidate_area FULL-mode -> sending REFR_REQUEST
[LVGLdbg2] REFR_REQUEST recv, refr_timer=0x3ffc68dc paused=0
[LVGLdbg2] invalidate_area FULL-mode -> sending REFR_REQUEST
[LVGLdbg2] REFR_REQUEST recv, refr_timer=0x3ffc68dc paused=0
[LVGLdbg2] invalidate_area FULL-mode -> sending REFR_REQUEST
[LVGLdbg2] REFR_REQUEST recv, refr_timer=0x3ffc68dc paused=0
[LVGLdbg2] REFR_REQUEST recv, refr_timer=0x3ffc68dc paused=0
[LVGLdbg2] REFR_REQUEST recv, refr_timer=0x3ffc68dc paused=0
[LVGLdbg2] REFR_REQUEST recv, refr_timer=0x3ffc68dc paused=0
[LVGLdbg2] REFR_REQUEST recv, refr_timer=0x3ffc68dc paused=0
[LVGLdbg2] REFR_REQUEST recv, refr_timer=0x3ffc68dc paused=0
[LVGLdbg2] REFR_REQUEST recv, refr_timer=0x3ffc68dc paused=0
[LVGLdbg2] REFR_REQUEST recv, refr_timer=0x3ffc68dc paused=0
[LVGLdbg2] REFR_REQUEST recv, refr_timer=0x3ffc68dc paused=0
[LVGLdbg2] REFR_REQUEST recv, refr_timer=0x3ffc68dc paused=0
[LVGLdbg2] REFR_REQUEST recv, refr_timer=0x3ffc68dc paused=0
[LVGLdbg2] REFR_REQUEST recv, refr_timer=0x3ffc68dc paused=0
[LVGLdbg2] REFR_REQUEST recv, refr_timer=0x3ffc68dc paused=0
[LVGLdbg2] REFR_REQUEST recv, refr_timer=0x3ffc68dc paused=0
[LVGLdbg2] REFR_REQUEST recv, refr_timer=0x3ffc68dc paused=0
[LVGLdbg2] REFR_REQUEST recv, refr_timer=0x3ffc68dc paused=0
[LVGLdbg2] REFR_REQUEST recv, refr_timer=0x3ffc68dc paused=0
[LVGLdbg2] REFR_REQUEST recv, refr_timer=0x3ffc68dc paused=0
[LVGLdbg2] REFR_REQUEST recv, refr_timer=0x3ffc68dc paused=0
[LVGLdbg2] REFR_REQUEST recv, refr_timer=0x3ffc68dc paused=0
[LVGLdbg2] REFR_REQUEST recv, refr_timer=0x3ffc68dc paused=0
[LVGLdbg2] REFR_REQUEST recv, refr_timer=0x3ffc68dc paused=0
[LVGLdbg2] REFR_REQUEST recv, refr_timer=0x3ffc68dc paused=0
[LVGLdbg2] REFR_REQUEST recv, refr_timer=0x3ffc68dc paused=0
[LVGLdbg2] REFR_REQUEST recv, refr_timer=0x3ffc68dc paused=0
[LVGLdbg2] REFR_REQUEST recv, refr_timer=0x3ffc68dc paused=0
[LVGLdbg2] REFR_REQUEST recv, refr_timer=0x3ffc68dc paused=0
[LVGLdbg2] REFR_REQUEST recv, refr_timer=0x3ffc68dc paused=0
[LVGLdbg2] REFR_REQUEST recv, refr_timer=0x3ffc68dc paused=0
[LVGLdbg2] REFR_REQUEST recv, refr_timer=0x3ffc68dc paused=0
[LVGLdbg2] REFR_REQUEST recv, refr_timer=0x3ffc68dc paused=0
[LVGLdbg2] REFR_REQUEST recv, refr_timer=0x3ffc68dc paused=0
[LVGLdbg2] invalidate_area FULL-mode -> sending REFR_REQUEST
[LVGLdbg2] REFR_REQUEST recv, refr_timer=0x3ffc68dc paused=0
[LVGLdbg2] invalidate_area FULL-mode -> sending REFR_REQUEST
[LVGLdbg2] REFR_REQUEST recv, refr_timer=0x3ffc68dc paused=0
[LVGLdbg2] invalidate_area FULL-mode -> sending REFR_REQUEST
[LVGLdbg2] REFR_REQUEST recv, refr_timer=0x3ffc68dc paused=0
[LVGLdbg2] REFR_REQUEST recv, refr_timer=0x3ffc68dc paused=0
[LVGLdbg2] REFR_REQUEST recv, refr_timer=0x3ffc68dc paused=0
[LVGLdbg2] REFR_REQUEST recv, refr_timer=0x3ffc68dc paused=0
[LVGLdbg2] REFR_REQUEST recv, refr_timer=0x3ffc68dc paused=0
[LVGLdbg2] REFR_REQUEST recv, refr_timer=0x3ffc68dc paused=0
[LVGLdbg2] REFR_REQUEST recv, refr_timer=0x3ffc68dc paused=0
[LVGLdbg2] REFR_REQUEST recv, refr_timer=0x3ffc68dc paused=0
[LVGLdbg2] REFR_REQUEST recv, refr_timer=0x3ffc68dc paused=0
[LVGLdbg2] REFR_REQUEST recv, refr_timer=0x3ffc68dc paused=0
[LVGLdbg2] REFR_REQUEST recv, refr_timer=0x3ffc68dc paused=0
[LVGLdbg2] invalidate_area FULL-mode -> sending REFR_REQUEST
[LVGLdbg2] REFR_REQUEST recv, refr_timer=0x3ffc68dc paused=0
[LVGLdbg2] REFR_REQUEST recv, refr_timer=0x3ffc68dc paused=0
[LVGLdbg2] REFR_REQUEST recv, refr_timer=0x3ffc68dc paused=0
[LVGLdbg2] REFR_REQUEST recv, refr_timer=0x3ffc68dc paused=0
[LVGLdbg2] REFR_REQUEST recv, refr_timer=0x3ffc68dc paused=0
[LVGLdbg2] REFR_REQUEST recv, refr_timer=0x3ffc68dc paused=0
[LVGLdbg2] REFR_REQUEST recv, refr_timer=0x3ffc68dc paused=0
[LVGLdbg2] REFR_REQUEST recv, refr_timer=0x3ffc68dc paused=0
[LVGLdbg2] invalidate_area FULL-mode -> sending REFR_REQUEST
[LVGLdbg2] REFR_REQUEST recv, refr_timer=0x3ffc68dc paused=0
[LVGLdbg2] invalidate_area FULL-mode -> sending REFR_REQUEST
[LVGLdbg2] REFR_REQUEST recv, refr_timer=0x3ffc68dc paused=0
[LVGLdbg2] invalidate_area FULL-mode -> sending REFR_REQUEST
[LVGLdbg2] REFR_REQUEST recv, refr_timer=0x3ffc68dc paused=0
[LVGLdbg2] invalidate_area FULL-mode -> sending REFR_REQUEST
[LVGLdbg2] REFR_REQUEST recv, refr_timer=0x3ffc68dc paused=0
[LVGLdbg2] invalidate_area FULL-mode -> sending REFR_REQUEST
[LVGLdbg2] REFR_REQUEST recv, refr_timer=0x3ffc68dc paused=0
[LVGLdbg2] REFR_REQUEST recv, refr_timer=0x3ffc68dc paused=0
[LVGLdbg2] REFR_REQUEST recv, refr_timer=0x3ffc68dc paused=0
[LVGLdbg2] REFR_REQUEST recv, refr_timer=0x3ffc68dc paused=0
[LVGLdbg2] REFR_REQUEST recv, refr_timer=0x3ffc68dc paused=0
[LVGLdbg2] REFR_REQUEST recv, refr_timer=0x3ffc68dc paused=0
[LVGLdbg2] REFR_REQUEST recv, refr_timer=0x3ffc68dc paused=0
[LVGLdbg2] REFR_REQUEST recv, refr_timer=0x3ffc68dc paused=0
[LVGLdbg2] invalidate_area FULL-mode -> sending REFR_REQUEST
[LVGLdbg2] REFR_REQUEST recv, refr_timer=0x3ffc68dc paused=0
[LVGLdbg2] invalidate_area FULL-mode -> sending REFR_REQUEST
[LVGLdbg2] REFR_REQUEST recv, refr_timer=0x3ffc68dc paused=0
[LVGLdbg2] invalidate_area FULL-mode -> sending REFR_REQUEST
[LVGLdbg2] REFR_REQUEST recv, refr_timer=0x3ffc68dc paused=0
[LVGLdbg2] REFR_REQUEST recv, refr_timer=0x3ffc68dc paused=0
[LVGLdbg2] REFR_REQUEST recv, refr_timer=0x3ffc68dc paused=0
[LVGLdbg2] REFR_REQUEST recv, refr_timer=0x3ffc68dc paused=0
[LVGLdbg2] REFR_REQUEST recv, refr_timer=0x3ffc68dc paused=0
[LVGLdbg2] REFR_REQUEST recv, refr_timer=0x3ffc68dc paused=0
[LVGLdbg2] REFR_REQUEST recv, refr_timer=0x3ffc68dc paused=0
[LVGLdbg2] REFR_REQUEST recv, refr_timer=0x3ffc68dc paused=0
[LVGLdbg2] REFR_REQUEST recv, refr_timer=0x3ffc68dc paused=0
[LVGLdbg2] REFR_REQUEST recv, refr_timer=0x3ffc68dc paused=0
[LVGLdbg2] REFR_REQUEST recv, refr_timer=0x3ffc68dc paused=0
[LVGLdbg2] REFR_REQUEST recv, refr_timer=0x3ffc68dc paused=0
[LVGLdbg2] REFR_REQUEST recv, refr_timer=0x3ffc68dc paused=0
[LVGLdbg2] REFR_REQUEST recv, refr_timer=0x3ffc68dc paused=0
[LVGLdbg2] invalidate_area FULL-mode -> sending REFR_REQUEST
[LVGLdbg2] REFR_REQUEST recv, refr_timer=0x3ffc68dc paused=0
[LVGLdbg2] invalidate_area FULL-mode -> sending REFR_REQUEST
[LVGLdbg2] REFR_REQUEST recv, refr_timer=0x3ffc68dc paused=0
[LVGLdbg2] invalidate_area FULL-mode -> sending REFR_REQUEST
[LVGLdbg2] REFR_REQUEST recv, refr_timer=0x3ffc68dc paused=0
[LVGLdbg2] invalidate_area FULL-mode -> sending REFR_REQUEST
[LVGLdbg2] REFR_REQUEST recv, refr_timer=0x3ffc68dc paused=0
[LVGLdbg2] invalidate_area FULL-mode -> sending REFR_REQUEST
[LVGLdbg2] REFR_REQUEST recv, refr_timer=0x3ffc68dc paused=0
[LVGLdbg2] REFR_REQUEST recv, refr_timer=0x3ffc68dc paused=0
[LVGLdbg2] REFR_REQUEST recv, refr_timer=0x3ffc68dc paused=0
[LVGLdbg2] REFR_REQUEST recv, refr_timer=0x3ffc68dc paused=0
[LVGLdbg2] REFR_REQUEST recv, refr_timer=0x3ffc68dc paused=0
[LVGLdbg2] REFR_REQUEST recv, refr_timer=0x3ffc68dc paused=0
[LVGLdbg2] REFR_REQUEST recv, refr_timer=0x3ffc68dc paused=0
[LVGLdbg2] REFR_REQUEST recv, refr_timer=0x3ffc68dc paused=0
[LVGLdbg2] REFR_REQUEST recv, refr_timer=0x3ffc68dc paused=0
[LVGLdbg2] REFR_REQUEST recv, refr_timer=0x3ffc68dc paused=0
[LVGLdbg2] REFR_REQUEST recv, refr_timer=0x3ffc68dc paused=0
[LVGLdbg2] REFR_REQUEST recv, refr_timer=0x3ffc68dc paused=0
[LVGLdbg2] REFR_REQUEST recv, refr_timer=0x3ffc68dc paused=0
[LVGLdbg2] REFR_REQUEST recv, refr_timer=0x3ffc68dc paused=0
[LVGLdbg2] REFR_REQUEST recv, refr_timer=0x3ffc68dc paused=0
[LVGLdbg2] REFR_REQUEST recv, refr_timer=0x3ffc68dc paused=0
[LVGLdbg2] REFR_REQUEST recv, refr_timer=0x3ffc68dc paused=0
[LVGLdbg2] REFR_REQUEST recv, refr_timer=0x3ffc68dc paused=0
[LVGLdbg2] REFR_REQUEST recv, refr_timer=0x3ffc68dc paused=0
[LVGLdbg2] REFR_REQUEST recv, refr_timer=0x3ffc68dc paused=0
[LVGLdbg2] REFR_REQUEST recv, refr_timer=0x3ffc68dc paused=0
[LVGLdbg2] invalidate_area FULL-mode -> sending REFR_REQUEST
[LVGLdbg2] REFR_REQUEST recv, refr_timer=0x3ffc68dc paused=0
[LVGLdbg2] REFR_REQUEST recv, refr_timer=0x3ffc68dc paused=0
[LVGLdbg2] REFR_REQUEST recv, refr_timer=0x3ffc68dc paused=0
[LVGLdbg2] REFR_REQUEST recv, refr_timer=0x3ffc68dc paused=0
[LVGLdbg2] REFR_REQUEST recv, refr_timer=0x3ffc68dc paused=0
[LVGLdbg2] REFR_REQUEST recv, refr_timer=0x3ffc68dc paused=0
[LVGLdbg2] REFR_REQUEST recv, refr_timer=0x3ffc68dc paused=0
[LVGLdbg2] REFR_REQUEST recv, refr_timer=0x3ffc68dc paused=0
[LVGLdbg2] invalidate_area FULL-mode -> sending REFR_REQUEST
[LVGLdbg2] REFR_REQUEST recv, refr_timer=0x3ffc68dc paused=0
[LVGLdbg2] invalidate_area FULL-mode -> sending REFR_REQUEST
[LVGLdbg2] REFR_REQUEST recv, refr_timer=0x3ffc68dc paused=0
[LVGLdbg2] invalidate_area FULL-mode -> sending REFR_REQUEST
[LVGLdbg2] REFR_REQUEST recv, refr_timer=0x3ffc68dc paused=0
[LVGLdbg2] REFR_REQUEST recv, refr_timer=0x3ffc68dc paused=0
[LVGLdbg2] REFR_REQUEST recv, refr_timer=0x3ffc68dc paused=0
[LVGLdbg2] REFR_REQUEST recv, refr_timer=0x3ffc68dc paused=0
[LVGLdbg2] REFR_REQUEST recv, refr_timer=0x3ffc68dc paused=0
[LVGLdbg2] REFR_REQUEST recv, refr_timer=0x3ffc68dc paused=0
[LVGLdbg2] REFR_REQUEST recv, refr_timer=0x3ffc68dc paused=0
[LVGLdbg2] REFR_REQUEST recv, refr_timer=0x3ffc68dc paused=0
[LVGLdbg2] REFR_REQUEST recv, refr_timer=0x3ffc68dc paused=0
[LVGLdbg2] REFR_REQUEST recv, refr_timer=0x3ffc68dc paused=0
[LVGLdbg2] REFR_REQUEST recv, refr_timer=0x3ffc68dc paused=0
[LVGLdbg2] REFR_REQUEST recv, refr_timer=0x3ffc68dc paused=0
[LVGLdbg2] REFR_REQUEST recv, refr_timer=0x3ffc68dc paused=0
[LVGLdbg2] REFR_REQUEST recv, refr_timer=0x3ffc68dc paused=0
[LVGLdbg2] REFR_REQUEST recv, refr_timer=0x3ffc68dc paused=0
[LVGLdbg2] REFR_REQUEST recv, refr_timer=0x3ffc68dc paused=0
[LVGLdbg2] REFR_REQUEST recv, refr_timer=0x3ffc68dc paused=0
[LVGLdbg2] REFR_REQUEST recv, refr_timer=0x3ffc68dc paused=0
[LVGLdbg2] REFR_REQUEST recv, refr_timer=0x3ffc68dc paused=0
[LVGLdbg2] REFR_REQUEST recv, refr_timer=0x3ffc68dc paused=0
[LVGLdbg2] REFR_REQUEST recv, refr_timer=0x3ffc68dc paused=0
[LVGLdbg2] REFR_REQUEST recv, refr_timer=0x3ffc68dc paused=0
[LVGLdbg2] REFR_REQUEST recv, refr_timer=0x3ffc68dc paused=0
[LVGLdbg2] invalidate_area FULL-mode -> sending REFR_REQUEST
[LVGLdbg2] REFR_REQUEST recv, refr_timer=0x3ffc68dc paused=0
[LVGLdbg2] invalidate_area FULL-mode -> sending REFR_REQUEST
[LVGLdbg2] REFR_REQUEST recv, refr_timer=0x3ffc68dc paused=0
[LVGLdbg2] invalidate_area FULL-mode -> sending REFR_REQUEST
[LVGLdbg2] REFR_REQUEST recv, refr_timer=0x3ffc68dc paused=0
[LVGLdbg2] invalidate_area FULL-mode -> sending REFR_REQUEST
[LVGLdbg2] REFR_REQUEST recv, refr_timer=0x3ffc68dc paused=0
[LVGLdbg2] invalidate_area FULL-mode -> sending REFR_REQUEST
[LVGLdbg2] REFR_REQUEST recv, refr_timer=0x3ffc68dc paused=0
[LVGLdbg2] invalidate_area FULL-mode -> sending REFR_REQUEST
[LVGLdbg2] REFR_REQUEST recv, refr_timer=0x3ffc68dc paused=0
[LVGLdbg2] invalidate_area FULL-mode -> sending REFR_REQUEST
[LVGLdbg2] REFR_REQUEST recv, refr_timer=0x3ffc68dc paused=0
[LVGLdbg2] invalidate_area FULL-mode -> sending REFR_REQUEST
[LVGLdbg2] REFR_REQUEST recv, refr_timer=0x3ffc68dc paused=0
[LVGLdbg2] invalidate_area FULL-mode -> sending REFR_REQUEST
[LVGLdbg2] REFR_REQUEST recv, refr_timer=0x3ffc68dc paused=0
[LVGLdbg2] REFR_REQUEST recv, refr_timer=0x3ffc68dc paused=0
[LVGLdbg2] REFR_REQUEST recv, refr_timer=0x3ffc68dc paused=0
[LVGLdbg2] REFR_REQUEST recv, refr_timer=0x3ffc68dc paused=0
[LVGLdbg2] REFR_REQUEST recv, refr_timer=0x3ffc68dc paused=0
[LVGLdbg2] REFR_REQUEST recv, refr_timer=0x3ffc68dc paused=0
[LVGLdbg2] REFR_REQUEST recv, refr_timer=0x3ffc68dc paused=0
[LVGLdbg2] REFR_REQUEST recv, refr_timer=0x3ffc68dc paused=0
[LVGLdbg2] REFR_REQUEST recv, refr_timer=0x3ffc68dc paused=0
[LVGLdbg2] REFR_REQUEST recv, refr_timer=0x3ffc68dc paused=0
[LVGLdbg2] REFR_REQUEST recv, refr_timer=0x3ffc68dc paused=0
[LVGLdbg2] REFR_REQUEST recv, refr_timer=0x3ffc68dc paused=0
[LVGLdbg2] REFR_REQUEST recv, refr_timer=0x3ffc68dc paused=0
[LVGLdbg2] REFR_REQUEST recv, refr_timer=0x3ffc68dc paused=0
[LVGLdbg2] REFR_REQUEST recv, refr_timer=0x3ffc68dc paused=0
[LVGLdbg2] REFR_REQUEST recv, refr_timer=0x3ffc68dc paused=0
[LVGLdbg2] REFR_REQUEST recv, refr_timer=0x3ffc68dc paused=0
[LVGLdbg2] REFR_REQUEST recv, refr_timer=0x3ffc68dc paused=0
[LVGLdbg2] REFR_REQUEST recv, refr_timer=0x3ffc68dc paused=0
[LVGLdbg2] REFR_REQUEST recv, refr_timer=0x3ffc68dc paused=0
[LVGLdbg2] REFR_REQUEST recv, refr_timer=0x3ffc68dc paused=0
[LVGLdbg2] REFR_REQUEST recv, refr_timer=0x3ffc68dc paused=0
[LVGLdbg2] REFR_REQUEST recv, refr_timer=0x3ffc68dc paused=0
[LVGLdbg2] REFR_REQUEST recv, refr_timer=0x3ffc68dc paused=0
[LVGLdbg2] REFR_REQUEST recv, refr_timer=0x3ffc68dc paused=0
[LVGLdbg2] REFR_REQUEST recv, refr_timer=0x3ffc68dc paused=0
[LVGLdbg2] REFR_REQUEST recv, refr_timer=0x3ffc68dc paused=0
[LVGLdbg2] REFR_REQUEST recv, refr_timer=0x3ffc68dc paused=0
[LVGLdbg2] REFR_REQUEST recv, refr_timer=0x3ffc68dc paused=0
[LVGLdbg2] REFR_REQUEST recv, refr_timer=0x3ffc68dc paused=0
[LVGLdbg2] REFR_REQUEST recv, refr_timer=0x3ffc68dc paused=0
[LVGLdbg2] REFR_REQUEST recv, refr_timer=0x3ffc68dc paused=0
[LVGLdbg2] REFR_REQUEST recv, refr_timer=0x3ffc68dc paused=0
[LVGLdbg2] REFR_REQUEST recv, refr_timer=0x3ffc68dc paused=0
[LVGLdbg2] REFR_REQUEST recv, refr_timer=0x3ffc68dc paused=0
[LVGLdbg2] REFR_REQUEST recv, refr_timer=0x3ffc68dc paused=0
[LVGLdbg2] REFR_REQUEST recv, refr_timer=0x3ffc68dc paused=0
[LVGLdbg2] REFR_REQUEST recv, refr_timer=0x3ffc68dc paused=0
[LVGLdbg2] REFR_REQUEST recv, refr_timer=0x3ffc68dc paused=0
[LVGLdbg2] REFR_REQUEST recv, refr_timer=0x3ffc68dc paused=0
[LVGLdbg2] REFR_REQUEST recv, refr_timer=0x3ffc68dc paused=0
[LVGLdbg2] REFR_REQUEST recv, refr_timer=0x3ffc68dc paused=0
[LVGLdbg2] REFR_REQUEST recv, refr_timer=0x3ffc68dc paused=0
[LVGLdbg2] REFR_REQUEST recv, refr_timer=0x3ffc68dc paused=0
[LVGLdbg2] REFR_REQUEST recv, refr_timer=0x3ffc68dc paused=0
[LVGLdbg2] REFR_REQUEST recv, refr_timer=0x3ffc68dc paused=0
[LVGLdbg2] REFR_REQUEST recv, refr_timer=0x3ffc68dc paused=0
[LVGLdbg2] REFR_REQUEST recv, refr_timer=0x3ffc68dc paused=0
[LVGLdbg2] REFR_REQUEST recv, refr_timer=0x3ffc68dc paused=0
[LVGLdbg2] REFR_REQUEST recv, refr_timer=0x3ffc68dc paused=0
[LVGLdbg2] REFR_REQUEST recv, refr_timer=0x3ffc68dc paused=0
[LVGLdbg2] REFR_REQUEST recv, refr_timer=0x3ffc68dc paused=0
[LVGLdbg2] REFR_REQUEST recv, refr_timer=0x3ffc68dc paused=0
[LVGLdbg2] REFR_REQUEST recv, refr_timer=0x3ffc68dc paused=0
[LVGLdbg2] REFR_REQUEST recv, refr_timer=0x3ffc68dc paused=0
[LVGLdbg2] REFR_REQUEST recv, refr_timer=0x3ffc68dc paused=0
[LVGLdbg2] invalidate_area FULL-mode -> sending REFR_REQUEST
[LVGLdbg2] REFR_REQUEST recv, refr_timer=0x3ffc68dc paused=0
[LVGLdbg2] invalidate_area FULL-mode -> sending REFR_REQUEST
[LVGLdbg2] REFR_REQUEST recv, refr_timer=0x3ffc68dc paused=0
[LVGLdbg2] invalidate_area FULL-mode -> sending REFR_REQUEST
[LVGLdbg2] REFR_REQUEST recv, refr_timer=0x3ffc68dc paused=0
[LVGLdbg2] invalidate_area FULL-mode -> sending REFR_REQUEST
[LVGLdbg2] REFR_REQUEST recv, refr_timer=0x3ffc68dc paused=0
[LVGLdbg2] invalidate_area FULL-mode -> sending REFR_REQUEST
[LVGLdbg2] REFR_REQUEST recv, refr_timer=0x3ffc68dc paused=0
[Watchdog] step=handleConfigurationUpdated:done loopIterations=1 (+1) freeHeap=120068 minFreeHeap=117852
[LVGLdbg2] invalidate_area FULL-mode -> sending REFR_REQUEST
[LVGLdbg2] REFR_REQUEST recv, refr_timer=0x3ffc68dc paused=0
[LVGLdbg2] invalidate_area FULL-mode -> sending REFR_REQUEST
[LVGLdbg2] REFR_REQUEST recv, refr_timer=0x3ffc68dc paused=0
[LVGLdbg2] invalidate_area FULL-mode -> sending REFR_REQUEST
[LVGLdbg2] REFR_REQUEST recv, refr_timer=0x3ffc68dc paused=0
[LVGLdbg2] invalidate_area FULL-mode -> sending REFR_REQUEST
[LVGLdbg2] REFR_REQUEST recv, refr_timer=0x3ffc68dc paused=0
[LVGLdbg2] invalidate_area FULL-mode -> sending REFR_REQUEST
[LVGLdbg2] REFR_REQUEST recv, refr_timer=0x3ffc68dc paused=0
[LVGLdbg2] invalidate_area FULL-mode -> sending REFR_REQUEST
[LVGLdbg2] REFR_REQUEST recv, refr_timer=0x3ffc68dc paused=0
[LVGLdbg2] invalidate_area FULL-mode -> sending REFR_REQUEST
[LVGLdbg2] REFR_REQUEST recv, refr_timer=0x3ffc68dc paused=0
[LVGLdbg2] invalidate_area FULL-mode -> sending REFR_REQUEST
[LVGLdbg2] REFR_REQUEST recv, refr_timer=0x3ffc68dc paused=0
[LVGLdbg2] invalidate_area FULL-mode -> sending REFR_REQUEST
[LVGLdbg2] REFR_REQUEST recv, refr_timer=0x3ffc68dc paused=0
[LVGLdbg2] REFR_REQUEST recv, refr_timer=0x3ffc68dc paused=0
[LVGLdbg2] REFR_REQUEST recv, refr_timer=0x3ffc68dc paused=0
[LVGLdbg2] invalidate_area FULL-mode -> sending REFR_REQUEST
[LVGLdbg2] REFR_REQUEST recv, refr_timer=0x3ffc68dc paused=0
[LVGLdbg2] REFR_REQUEST recv, refr_timer=0x3ffc68dc paused=0
[LVGLdbg2] REFR_REQUEST recv, refr_timer=0x3ffc68dc paused=0
[LVGLdbg2] REFR_REQUEST recv, refr_timer=0x3ffc68dc paused=0
[LVGLdbg2] REFR_REQUEST recv, refr_timer=0x3ffc68dc paused=0
[LVGLdbg2] REFR_REQUEST recv, refr_timer=0x3ffc68dc paused=0
[LVGLdbg2] REFR_REQUEST recv, refr_timer=0x3ffc68dc paused=0
[LVGLdbg2] REFR_REQUEST recv, refr_timer=0x3ffc68dc paused=0
[LVGLdbg2] REFR_REQUEST recv, refr_timer=0x3ffc68dc paused=0
[LVGLdbg2] REFR_REQUEST recv, refr_timer=0x3ffc68dc paused=0
[LVGLdbg2] invalidate_area FULL-mode -> sending REFR_REQUEST
[LVGLdbg2] REFR_REQUEST recv, refr_timer=0x3ffc68dc paused=0
[LVGLdbg2] invalidate_area FULL-mode -> sending REFR_REQUEST
[LVGLdbg2] REFR_REQUEST recv, refr_timer=0x3ffc68dc paused=0
[LVGLdbg2] invalidate_area FULL-mode -> sending REFR_REQUEST
[LVGLdbg2] REFR_REQUEST recv, refr_timer=0x3ffc68dc paused=0
[LVGLdbg2] REFR_REQUEST recv, refr_timer=0x3ffc68dc paused=0
[LVGLdbg2] REFR_REQUEST recv, refr_timer=0x3ffc68dc paused=0
[LVGLdbg2] REFR_REQUEST recv, refr_timer=0x3ffc68dc paused=0
[LVGLdbg2] REFR_REQUEST recv, refr_timer=0x3ffc68dc paused=0
[LVGLdbg2] REFR_REQUEST recv, refr_timer=0x3ffc68dc paused=0
[LVGLdbg2] invalidate_area FULL-mode -> sending REFR_REQUEST
[LVGLdbg2] REFR_REQUEST recv, refr_timer=0x3ffc68dc paused=0
[LVGLdbg2] invalidate_area FULL-mode -> sending REFR_REQUEST
[LVGLdbg2] REFR_REQUEST recv, refr_timer=0x3ffc68dc paused=0
[LVGLdbg2] invalidate_area FULL-mode -> sending REFR_REQUEST
[LVGLdbg2] REFR_REQUEST recv, refr_timer=0x3ffc68dc paused=0
[LVGLdbg2] invalidate_area FULL-mode -> sending REFR_REQUEST
[LVGLdbg2] REFR_REQUEST recv, refr_timer=0x3ffc68dc paused=0
[LVGLdbg2] invalidate_area FULL-mode -> sending REFR_REQUEST
[LVGLdbg2] REFR_REQUEST recv, refr_timer=0x3ffc68dc paused=0
[LVGLdbg2] invalidate_area FULL-mode -> sending REFR_REQUEST
[LVGLdbg2] REFR_REQUEST recv, refr_timer=0x3ffc68dc paused=0
[LVGLdbg2] invalidate_area FULL-mode -> sending REFR_REQUEST
[LVGLdbg2] REFR_REQUEST recv, refr_timer=0x3ffc68dc paused=0
[LVGLdbg2] invalidate_area FULL-mode -> sending REFR_REQUEST
[LVGLdbg2] REFR_REQUEST recv, refr_timer=0x3ffc68dc paused=0
[LVGLdbg2] invalidate_area FULL-mode -> sending REFR_REQUEST
[LVGLdbg2] REFR_REQUEST recv, refr_timer=0x3ffc68dc paused=0
[LVGLdbg2] invalidate_area FULL-mode -> sending REFR_REQUEST
[LVGLdbg2] REFR_REQUEST recv, refr_timer=0x3ffc68dc paused=0
[LVGLdbg2] REFR_REQUEST recv, refr_timer=0x3ffc68dc paused=0
[LVGLdbg2] REFR_REQUEST recv, refr_timer=0x3ffc68dc paused=0
[LVGLdbg2] REFR_REQUEST recv, refr_timer=0x3ffc68dc paused=0
[LVGLdbg2] REFR_REQUEST recv, refr_timer=0x3ffc68dc paused=0
[LVGLdbg2] REFR_REQUEST recv, refr_timer=0x3ffc68dc paused=0
[LVGLdbg2] invalidate_area FULL-mode -> sending REFR_REQUEST
[LVGLdbg2] REFR_REQUEST recv, refr_timer=0x3ffc68dc paused=0
[LVGLdbg2] invalidate_area FULL-mode -> sending REFR_REQUEST
[LVGLdbg2] REFR_REQUEST recv, refr_timer=0x3ffc68dc paused=0
[LVGLdbg2] invalidate_area FULL-mode -> sending REFR_REQUEST
[LVGLdbg2] REFR_REQUEST recv, refr_timer=0x3ffc68dc paused=0
[LVGLdbg2] invalidate_area FULL-mode -> sending REFR_REQUEST
[LVGLdbg2] REFR_REQUEST recv, refr_timer=0x3ffc68dc paused=0
[LVGLdbg2] invalidate_area FULL-mode -> sending REFR_REQUEST
[LVGLdbg2] REFR_REQUEST recv, refr_timer=0x3ffc68dc paused=0
[LVGLdbg2] REFR_REQUEST recv, refr_timer=0x3ffc68dc paused=0
[LVGLdbg2] REFR_REQUEST recv, refr_timer=0x3ffc68dc paused=0
[LVGLdbg2] REFR_REQUEST recv, refr_timer=0x3ffc68dc paused=0
[LVGLdbg2] REFR_REQUEST recv, refr_timer=0x3ffc68dc paused=0
[LVGLdbg2] REFR_REQUEST recv, refr_timer=0x3ffc68dc paused=0
[LVGLdbg2] REFR_REQUEST recv, refr_timer=0x3ffc68dc paused=0
[LVGLdbg2] REFR_REQUEST recv, refr_timer=0x3ffc68dc paused=0
[LVGLdbg2] REFR_REQUEST recv, refr_timer=0x3ffc68dc paused=0
[LVGLdbg2] REFR_REQUEST recv, refr_timer=0x3ffc68dc paused=0
[LVGLdbg2] REFR_REQUEST recv, refr_timer=0x3ffc68dc paused=0
[LVGLdbg2] REFR_REQUEST recv, refr_timer=0x3ffc68dc paused=0
[LVGLdbg2] REFR_REQUEST recv, refr_timer=0x3ffc68dc paused=0
[LVGLdbg2] REFR_REQUEST recv, refr_timer=0x3ffc68dc paused=0
[LVGLdbg2] REFR_REQUEST recv, refr_timer=0x3ffc68dc paused=0
[LVGLdbg2] REFR_REQUEST recv, refr_timer=0x3ffc68dc paused=0
[LVGLdbg2] REFR_REQUEST recv, refr_timer=0x3ffc68dc paused=0
[LVGLdbg2] REFR_REQUEST recv, refr_timer=0x3ffc68dc paused=0
[LVGLdbg2] REFR_REQUEST recv, refr_timer=0x3ffc68dc paused=0
[LVGLdbg2] REFR_REQUEST recv, refr_timer=0x3ffc68dc paused=0
[LVGLdbg2] REFR_REQUEST recv, refr_timer=0x3ffc68dc paused=0
[LVGLdbg2] REFR_REQUEST recv, refr_timer=0x3ffc68dc paused=0
[LVGLdbg2] REFR_REQUEST recv, refr_timer=0x3ffc68dc paused=0
[LVGLdbg2] REFR_REQUEST recv, refr_timer=0x3ffc68dc paused=0
[LVGLdbg2] REFR_REQUEST recv, refr_timer=0x3ffc68dc paused=0
[LVGLdbg2] REFR_REQUEST recv, refr_timer=0x3ffc68dc paused=0
[LVGLdbg2] REFR_REQUEST recv, refr_timer=0x3ffc68dc paused=0
[LVGLdbg2] REFR_REQUEST recv, refr_timer=0x3ffc68dc paused=0
[LVGLdbg2] REFR_REQUEST recv, refr_timer=0x3ffc68dc paused=0
[LVGLdbg2] REFR_REQUEST recv, refr_timer=0x3ffc68dc paused=0
[LVGLdbg2] REFR_REQUEST recv, refr_timer=0x3ffc68dc paused=0
[LVGLdbg2] invalidate_area FULL-mode -> sending REFR_REQUEST
[LVGLdbg2] REFR_REQUEST recv, refr_timer=0x3ffc68dc paused=0
[LVGLdbg2] invalidate_area FULL-mode -> sending REFR_REQUEST
[LVGLdbg2] REFR_REQUEST recv, refr_timer=0x3ffc68dc paused=0
[LVGLdbg2] invalidate_area FULL-mode -> sending REFR_REQUEST
[LVGLdbg2] REFR_REQUEST recv, refr_timer=0x3ffc68dc paused=0
[LVGLdbg2] invalidate_area FULL-mode -> sending REFR_REQUEST
[LVGLdbg2] REFR_REQUEST recv, refr_timer=0x3ffc68dc paused=0
[LVGLdbg2] invalidate_area FULL-mode -> sending REFR_REQUEST
[LVGLdbg2] REFR_REQUEST recv, refr_timer=0x3ffc68dc paused=0
[LVGLdbg2] invalidate_area FULL-mode -> sending REFR_REQUEST
[LVGLdbg2] REFR_REQUEST recv, refr_timer=0x3ffc68dc paused=0
[LVGLdbg2] invalidate_area FULL-mode -> sending REFR_REQUEST
[LVGLdbg2] REFR_REQUEST recv, refr_timer=0x3ffc68dc paused=0
[LVGLdbg2] invalidate_area FULL-mode -> sending REFR_REQUEST
[LVGLdbg2] REFR_REQUEST recv, refr_timer=0x3ffc68dc paused=0
[LVGLdbg2] invalidate_area FULL-mode -> sending REFR_REQUEST
[LVGLdbg2] REFR_REQUEST recv, refr_timer=0x3ffc68dc paused=0
[LVGLdbg2] refr_timer fired tmr=0x3ffc68dc
[LVGLdbg2] REFR_REQUEST recv, refr_timer=0x3ffc68dc paused=1
[LVGLdbg2] REFR_REQUEST recv, refr_timer=0x3ffc68dc paused=0
[LVGLdbg2] REFR_REQUEST recv, refr_timer=0x3ffc68dc paused=0
[LVGLdbg2] REFR_REQUEST recv, refr_timer=0x3ffc68dc paused=0
[LVGLdbg2] REFR_REQUEST recv, refr_timer=0x3ffc68dc paused=0
[LVGLdbg2] REFR_REQUEST recv, refr_timer=0x3ffc68dc paused=0
[LVGLdbg2] REFR_REQUEST recv, refr_timer=0x3ffc68dc paused=0
[LVGLdbg2] REFR_REQUEST recv, refr_timer=0x3ffc68dc paused=0
[LVGLdbg2] REFR_REQUEST recv, refr_timer=0x3ffc68dc paused=0
[LVGLdbg2] REFR_REQUEST recv, refr_timer=0x3ffc68dc paused=0
[LVGLdbg2] REFR_REQUEST recv, refr_timer=0x3ffc68dc paused=0
[LVGLdbg2] REFR_REQUEST recv, refr_timer=0x3ffc68dc paused=0
[LVGLdbg2] REFR_REQUEST recv, refr_timer=0x3ffc68dc paused=0
[LVGLdbg2] REFR_REQUEST recv, refr_timer=0x3ffc68dc paused=0
[LVGLdbg2] REFR_REQUEST recv, refr_timer=0x3ffc68dc paused=0
[LVGLdbg2] REFR_REQUEST recv, refr_timer=0x3ffc68dc paused=0
[LVGLdbg2] REFR_REQUEST recv, refr_timer=0x3ffc68dc paused=0
[LVGLdbg2] REFR_REQUEST recv, refr_timer=0x3ffc68dc paused=0
[LVGLdbg2] REFR_REQUEST recv, refr_timer=0x3ffc68dc paused=0
[LVGLdbg2] REFR_REQUEST recv, refr_timer=0x3ffc68dc paused=0
[LVGLdbg2] REFR_REQUEST recv, refr_timer=0x3ffc68dc paused=0
[Flush] #1 area=(0,0)-(319,239) 320x240
[WiFi] Connecting to "s-net"...
[Watchdog] step=wifi.loop loopIterations=30010 (+30009) freeHeap=71816 minFreeHeap=71460
[Watchdog] step=lv_timer_handler loopIterations=59979 (+29954) freeHeap=74068 minFreeHeap=68948
[WiFi] Connected, IP=192.168.0.100
[MQTT] Connecting to broker as "083AF2681900" (tls=0)...
[MQTT] Connected
[Orchestrator] Fetching configuration from http://192.168.0.126:7104/api/Nodes/083AF2681900/configuration
[Orchestrator] Fetched configuration is unchanged, skipping rebuild
[Watchdog] step=idle loopIterations=78640 (+18648) freeHeap=70936 minFreeHeap=59604
[Watchdog] step=mqtt.loop loopIterations=94653 (+16010) freeHeap=70936 minFreeHeap=59604
[Watchdog] step=mqtt.loop loopIterations=110657 (+16003) freeHeap=70936 minFreeHeap=59604
[Watchdog] step=mqtt.loop loopIterations=126675 (+16016) freeHeap=70936 minFreeHeap=59604
[Watchdog] step=M5.update loopIterations=142687 (+16011) freeHeap=70452 minFreeHeap=59604
[Input] touchCount 0 -> 1
[Input] touch x=270 y=277 isPressed=1 isHolding=0
[Input] touch x=270 y=277 isPressed=1 isHolding=0
[Input] touch x=270 y=277 isPressed=1 isHolding=0
[Input] touch x=270 y=277 isPressed=1 isHolding=0
[Input] btn A=0 B=0 C=1
[Input] touch x=270 y=277 isPressed=1 isHolding=0
[Input] btn A=0 B=0 C=1
[Input] touch x=270 y=277 isPressed=1 isHolding=0
[Input] btn A=0 B=0 C=1
[Input] touch x=270 y=277 isPressed=1 isHolding=0
[Input] btn A=0 B=0 C=1
[Input] touch x=270 y=277 isPressed=1 isHolding=0
[Input] btn A=0 B=0 C=1
[Input] touch x=270 y=277 isPressed=1 isHolding=0
[Input] btn A=0 B=0 C=1
[Input] touch x=270 y=277 isPressed=1 isHolding=0
[Input] btn A=0 B=0 C=1
[Input] touch x=270 y=277 isPressed=1 isHolding=0
[Input] btn A=0 B=0 C=1
[Input] touch x=270 y=277 isPressed=1 isHolding=0
[Input] btn A=0 B=0 C=1
[Input] touch x=270 y=277 isPressed=1 isHolding=0
[Input] btn A=0 B=0 C=1
[Input] touch x=270 y=277 isPressed=1 isHolding=0
[Input] btn A=0 B=0 C=1
[Input] touch x=270 y=277 isPressed=1 isHolding=0
[Input] btn A=0 B=0 C=1
[Input] touch x=270 y=277 isPressed=1 isHolding=0
[Input] btn A=0 B=0 C=1
[Input] touch x=270 y=277 isPressed=1 isHolding=0
[Input] btn A=0 B=0 C=1
[Input] touch x=270 y=277 isPressed=1 isHolding=0
[Input] btn A=0 B=0 C=1
[Input] touch x=270 y=277 isPressed=1 isHolding=0
[Input] btn A=0 B=0 C=1
[Input] touch x=261 y=263 isPressed=1 isHolding=0
[Input] btn A=0 B=0 C=1
[Input] touch x=261 y=263 isPressed=1 isHolding=0
[Input] btn A=0 B=0 C=1
[Input] touch x=261 y=263 isPressed=0 isHolding=0
[Input] BtnC.wasClicked
[Nav] onButtonPress: 2
[Nav] nextTab: 1 -> 2 (count=10)
[LVGLdbg2] invalidate_area FULL-mode -> sending REFR_REQUEST
[LVGLdbg2] REFR_REQUEST recv, refr_timer=0x3ffc68dc paused=0
[LVGLdbg2] invalidate_area FULL-mode -> sending REFR_REQUEST
[LVGLdbg2] REFR_REQUEST recv, refr_timer=0x3ffc68dc paused=0
[LVGLdbg2] invalidate_area FULL-mode -> sending REFR_REQUEST
[LVGLdbg2] REFR_REQUEST recv, refr_timer=0x3ffc68dc paused=0
[LVGLdbg2] REFR_REQUEST recv, refr_timer=0x3ffc68dc paused=0
[LVGLdbg2] REFR_REQUEST recv, refr_timer=0x3ffc68dc paused=0
[LVGLdbg2] REFR_REQUEST recv, refr_timer=0x3ffc68dc paused=0
[LVGLdbg2] invalidate_area FULL-mode -> sending REFR_REQUEST
[LVGLdbg2] REFR_REQUEST recv, refr_timer=0x3ffc68dc paused=0
[LVGLdbg2] invalidate_area FULL-mode -> sending REFR_REQUEST
[LVGLdbg2] REFR_REQUEST recv, refr_timer=0x3ffc68dc paused=0
[LVGLdbg2] invalidate_area FULL-mode -> sending REFR_REQUEST
[LVGLdbg2] REFR_REQUEST recv, refr_timer=0x3ffc68dc paused=0
[LVGLdbg2] REFR_REQUEST recv, refr_timer=0x3ffc68dc paused=0
[LVGLdbg2] invalidate_area FULL-mode -> sending REFR_REQUEST
[LVGLdbg2] REFR_REQUEST recv, refr_timer=0x3ffc68dc paused=0
[LVGLdbg2] invalidate_area FULL-mode -> sending REFR_REQUEST
[LVGLdbg2] REFR_REQUEST recv, refr_timer=0x3ffc68dc paused=0
[LVGLdbg2] invalidate_area FULL-mode -> sending REFR_REQUEST
[LVGLdbg2] REFR_REQUEST recv, refr_timer=0x3ffc68dc paused=0
[LVGLdbg2] REFR_REQUEST recv, refr_timer=0x3ffc68dc paused=0
[LVGLdbg2] REFR_REQUEST recv, refr_timer=0x3ffc68dc paused=0
[LVGLdbg2] REFR_REQUEST recv, refr_timer=0x3ffc68dc paused=0
[LVGLdbg2] invalidate_area FULL-mode -> sending REFR_REQUEST
[LVGLdbg2] REFR_REQUEST recv, refr_timer=0x3ffc68dc paused=0
[LVGLdbg2] invalidate_area FULL-mode -> sending REFR_REQUEST
[LVGLdbg2] REFR_REQUEST recv, refr_timer=0x3ffc68dc paused=0
[LVGLdbg2] invalidate_area FULL-mode -> sending REFR_REQUEST
[LVGLdbg2] REFR_REQUEST recv, refr_timer=0x3ffc68dc paused=0
[LVGLdbg2] REFR_REQUEST recv, refr_timer=0x3ffc68dc paused=0
[LVGLdbg2] invalidate_area FULL-mode -> sending REFR_REQUEST
[LVGLdbg2] REFR_REQUEST recv, refr_timer=0x3ffc68dc paused=0
[Input] touch x=261 y=263 isPressed=0 isHolding=0
[Input] touchCount 1 -> 0
[Watchdog] step=mqtt.loop loopIterations=156152 (+13461) freeHeap=70904 minFreeHeap=59604
[Watchdog] step=M5.update loopIterations=172168 (+16014) freeHeap=70904 minFreeHeap=59604
[Watchdog] step=M5.update loopIterations=188188 (+16020) freeHeap=70936 minFreeHeap=59604
[Watchdog] step=M5.update loopIterations=204219 (+16031) freeHeap=70936 minFreeHeap=59604
[Watchdog] step=idle loopIterations=220237 (+16018) freeHeap=70936 minFreeHeap=59604
[Watchdog] step=mqtt.loop loopIterations=236249 (+16011) freeHeap=70936 minFreeHeap=59604
[Watchdog] step=M5.update loopIterations=252261 (+16011) freeHeap=70936 minFreeHeap=59604
[Watchdog] step=M5.update loopIterations=268279 (+16018) freeHeap=70936 minFreeHeap=59604
[Watchdog] step=mqtt.loop loopIterations=284290 (+16011) freeHeap=70936 minFreeHeap=59604
[Watchdog] step=peripheralManager.loop loopIterations=300305 (+16014) freeHeap=70936 minFreeHeap=59604
[Watchdog] step=idle loopIterations=316319 (+16013) freeHeap=70936 minFreeHeap=59604
[Watchdog] step=mqtt.loop loopIterations=332336 (+16015) freeHeap=70936 minFreeHeap=59604
[Watchdog] step=M5.update loopIterations=348365 (+16028) freeHeap=70936 minFreeHeap=59604
[Watchdog] step=M5.update loopIterations=364387 (+16022) freeHeap=70936 minFreeHeap=59604
[Watchdog] step=mqtt.loop loopIterations=380407 (+16020) freeHeap=70936 minFreeHeap=59604
[ScreenPower] Active -> Idle
[LVGLdbg2] REFR_REQUEST recv, refr_timer=0x3ffc68dc paused=0
[LVGLdbg2] REFR_REQUEST recv, refr_timer=0x3ffc68dc paused=0
[LVGLdbg2] invalidate_area FULL-mode -> sending REFR_REQUEST
[LVGLdbg2] REFR_REQUEST recv, refr_timer=0x3ffc68dc paused=0
[LVGLdbg2] REFR_REQUEST recv, refr_timer=0x3ffc68dc paused=0
[LVGLdbg2] REFR_REQUEST recv, refr_timer=0x3ffc68dc paused=0
[Watchdog] step=mqtt.loop loopIterations=396145 (+15737) freeHeap=70936 minFreeHeap=59604
[LVGLdbg2] invalidate_area FULL-mode -> sending REFR_REQUEST
[LVGLdbg2] REFR_REQUEST recv, refr_timer=0x3ffc68dc paused=0
[LVGLdbg2] REFR_REQUEST recv, refr_timer=0x3ffc68dc paused=0
[LVGLdbg2] invalidate_area FULL-mode -> sending REFR_REQUEST
[LVGLdbg2] REFR_REQUEST recv, refr_timer=0x3ffc68dc paused=0
[LVGLdbg2] REFR_REQUEST recv, refr_timer=0x3ffc68dc paused=0
[LVGLdbg2] invalidate_area FULL-mode -> sending REFR_REQUEST
[LVGLdbg2] REFR_REQUEST recv, refr_timer=0x3ffc68dc paused=0
[LVGLdbg2] REFR_REQUEST recv, refr_timer=0x3ffc68dc paused=0
[LVGLdbg2] invalidate_area FULL-mode -> sending REFR_REQUEST
[LVGLdbg2] REFR_REQUEST recv, refr_timer=0x3ffc68dc paused=0
[LVGLdbg2] REFR_REQUEST recv, refr_timer=0x3ffc68dc paused=0
[Watchdog] step=lv_timer_handler loopIterations=411797 (+15649) freeHeap=70936 minFreeHeap=59604
[LVGLdbg2] invalidate_area FULL-mode -> sending REFR_REQUEST
[LVGLdbg2] REFR_REQUEST recv, refr_timer=0x3ffc68dc paused=0
[LVGLdbg2] REFR_REQUEST recv, refr_timer=0x3ffc68dc paused=0
[LVGLdbg2] invalidate_area FULL-mode -> sending REFR_REQUEST
[LVGLdbg2] REFR_REQUEST recv, refr_timer=0x3ffc68dc paused=0
[LVGLdbg2] REFR_REQUEST recv, refr_timer=0x3ffc68dc paused=0
[LVGLdbg2] invalidate_area FULL-mode -> sending REFR_REQUEST
[LVGLdbg2] REFR_REQUEST recv, refr_timer=0x3ffc68dc paused=0
[LVGLdbg2] REFR_REQUEST recv, refr_timer=0x3ffc68dc paused=0
[LVGLdbg2] invalidate_area FULL-mode -> sending REFR_REQUEST
[LVGLdbg2] REFR_REQUEST recv, refr_timer=0x3ffc68dc paused=0
[LVGLdbg2] REFR_REQUEST recv, refr_timer=0x3ffc68dc paused=0
[Watchdog] step=mqtt.loop loopIterations=427451 (+15651) freeHeap=70936 minFreeHeap=59604
[LVGLdbg2] invalidate_area FULL-mode -> sending REFR_REQUEST
[LVGLdbg2] REFR_REQUEST recv, refr_timer=0x3ffc68dc paused=0
[LVGLdbg2] REFR_REQUEST recv, refr_timer=0x3ffc68dc paused=0
[LVGLdbg2] invalidate_area FULL-mode -> sending REFR_REQUEST
[LVGLdbg2] REFR_REQUEST recv, refr_timer=0x3ffc68dc paused=0
[LVGLdbg2] REFR_REQUEST recv, refr_timer=0x3ffc68dc paused=0
[LVGLdbg2] invalidate_area FULL-mode -> sending REFR_REQUEST
[LVGLdbg2] REFR_REQUEST recv, refr_timer=0x3ffc68dc paused=0
[LVGLdbg2] REFR_REQUEST recv, refr_timer=0x3ffc68dc paused=0
[LVGLdbg2] invalidate_area FULL-mode -> sending REFR_REQUEST
[LVGLdbg2] REFR_REQUEST recv, refr_timer=0x3ffc68dc paused=0
[LVGLdbg2] REFR_REQUEST recv, refr_timer=0x3ffc68dc paused=0
[Watchdog] step=mqtt.loop loopIterations=443113 (+15659) freeHeap=70936 minFreeHeap=59604
[LVGLdbg2] invalidate_area FULL-mode -> sending REFR_REQUEST
[LVGLdbg2] REFR_REQUEST recv, refr_timer=0x3ffc68dc paused=0
[LVGLdbg2] REFR_REQUEST recv, refr_timer=0x3ffc68dc paused=0
[LVGLdbg2] invalidate_area FULL-mode -> sending REFR_REQUEST
[LVGLdbg2] REFR_REQUEST recv, refr_timer=0x3ffc68dc paused=0
[LVGLdbg2] REFR_REQUEST recv, refr_timer=0x3ffc68dc paused=0
[LVGLdbg2] invalidate_area FULL-mode -> sending REFR_REQUEST
[LVGLdbg2] REFR_REQUEST recv, refr_timer=0x3ffc68dc paused=0
[LVGLdbg2] REFR_REQUEST recv, refr_timer=0x3ffc68dc paused=0
[LVGLdbg2] invalidate_area FULL-mode -> sending REFR_REQUEST
[LVGLdbg2] REFR_REQUEST recv, refr_timer=0x3ffc68dc paused=0
[LVGLdbg2] REFR_REQUEST recv, refr_timer=0x3ffc68dc paused=0
[Watchdog] step=mqtt.loop loopIterations=458776 (+15660) freeHeap=70936 minFreeHeap=59604
[LVGLdbg2] invalidate_area FULL-mode -> sending REFR_REQUEST
[LVGLdbg2] REFR_REQUEST recv, refr_timer=0x3ffc68dc paused=0
[LVGLdbg2] REFR_REQUEST recv, refr_timer=0x3ffc68dc paused=0
[LVGLdbg2] invalidate_area FULL-mode -> sending REFR_REQUEST
[LVGLdbg2] REFR_REQUEST recv, refr_timer=0x3ffc68dc paused=0
[LVGLdbg2] REFR_REQUEST recv, refr_timer=0x3ffc68dc paused=0
[LVGLdbg2] invalidate_area FULL-mode -> sending REFR_REQUEST
[LVGLdbg2] REFR_REQUEST recv, refr_timer=0x3ffc68dc paused=0
[LVGLdbg2] REFR_REQUEST recv, refr_timer=0x3ffc68dc paused=0
[LVGLdbg2] invalidate_area FULL-mode -> sending REFR_REQUEST
[LVGLdbg2] REFR_REQUEST recv, refr_timer=0x3ffc68dc paused=0
[LVGLdbg2] REFR_REQUEST recv, refr_timer=0x3ffc68dc paused=0
[Watchdog] step=lv_timer_handler loopIterations=474437 (+15658) freeHeap=70936 minFreeHeap=59604
[LVGLdbg2] invalidate_area FULL-mode -> sending REFR_REQUEST
[LVGLdbg2] REFR_REQUEST recv, refr_timer=0x3ffc68dc paused=0
[LVGLdbg2] REFR_REQUEST recv, refr_timer=0x3ffc68dc paused=0
[LVGLdbg2] invalidate_area FULL-mode -> sending REFR_REQUEST
[LVGLdbg2] REFR_REQUEST recv, refr_timer=0x3ffc68dc paused=0
[LVGLdbg2] REFR_REQUEST recv, refr_timer=0x3ffc68dc paused=0
[LVGLdbg2] invalidate_area FULL-mode -> sending REFR_REQUEST
[LVGLdbg2] REFR_REQUEST recv, refr_timer=0x3ffc68dc paused=0
[LVGLdbg2] REFR_REQUEST recv, refr_timer=0x3ffc68dc paused=0
[LVGLdbg2] invalidate_area FULL-mode -> sending REFR_REQUEST
[LVGLdbg2] REFR_REQUEST recv, refr_timer=0x3ffc68dc paused=0
[LVGLdbg2] REFR_REQUEST recv, refr_timer=0x3ffc68dc paused=0
[Watchdog] step=mqtt.loop loopIterations=490095 (+15655) freeHeap=70744 minFreeHeap=59604
[LVGLdbg2] invalidate_area FULL-mode -> sending REFR_REQUEST
[LVGLdbg2] REFR_REQUEST recv, refr_timer=0x3ffc68dc paused=0
[LVGLdbg2] REFR_REQUEST recv, refr_timer=0x3ffc68dc paused=0
[LVGLdbg2] invalidate_area FULL-mode -> sending REFR_REQUEST
[LVGLdbg2] REFR_REQUEST recv, refr_timer=0x3ffc68dc paused=0
[LVGLdbg2] REFR_REQUEST recv, refr_timer=0x3ffc68dc paused=0
[LVGLdbg2] invalidate_area FULL-mode -> sending REFR_REQUEST
[LVGLdbg2] REFR_REQUEST recv, refr_timer=0x3ffc68dc paused=0
[LVGLdbg2] REFR_REQUEST recv, refr_timer=0x3ffc68dc paused=0
[LVGLdbg2] invalidate_area FULL-mode -> sending REFR_REQUEST
[LVGLdbg2] REFR_REQUEST recv, refr_timer=0x3ffc68dc paused=0
[LVGLdbg2] REFR_REQUEST recv, refr_timer=0x3ffc68dc paused=0
[Watchdog] step=mqtt.loop loopIterations=505760 (+15661) freeHeap=70936 minFreeHeap=59604
[LVGLdbg2] invalidate_area FULL-mode -> sending REFR_REQUEST
[LVGLdbg2] REFR_REQUEST recv, refr_timer=0x3ffc68dc paused=0
[LVGLdbg2] REFR_REQUEST recv, refr_timer=0x3ffc68dc paused=0
[LVGLdbg2] invalidate_area FULL-mode -> sending REFR_REQUEST
[LVGLdbg2] REFR_REQUEST recv, refr_timer=0x3ffc68dc paused=0
[LVGLdbg2] REFR_REQUEST recv, refr_timer=0x3ffc68dc paused=0
[LVGLdbg2] invalidate_area FULL-mode -> sending REFR_REQUEST
[LVGLdbg2] REFR_REQUEST recv, refr_timer=0x3ffc68dc paused=0
[LVGLdbg2] REFR_REQUEST recv, refr_timer=0x3ffc68dc paused=0
[LVGLdbg2] invalidate_area FULL-mode -> sending REFR_REQUEST
[LVGLdbg2] REFR_REQUEST recv, refr_timer=0x3ffc68dc paused=0
[LVGLdbg2] REFR_REQUEST recv, refr_timer=0x3ffc68dc paused=0
[Watchdog] step=mqtt.loop loopIterations=521428 (+15665) freeHeap=70936 minFreeHeap=59604
[LVGLdbg2] invalidate_area FULL-mode -> sending REFR_REQUEST
[LVGLdbg2] REFR_REQUEST recv, refr_timer=0x3ffc68dc paused=0
[LVGLdbg2] REFR_REQUEST recv, refr_timer=0x3ffc68dc paused=0
[LVGLdbg2] invalidate_area FULL-mode -> sending REFR_REQUEST
[LVGLdbg2] REFR_REQUEST recv, refr_timer=0x3ffc68dc paused=0
[LVGLdbg2] REFR_REQUEST recv, refr_timer=0x3ffc68dc paused=0
[LVGLdbg2] invalidate_area FULL-mode -> sending REFR_REQUEST
[LVGLdbg2] REFR_REQUEST recv, refr_timer=0x3ffc68dc paused=0
[LVGLdbg2] REFR_REQUEST recv, refr_timer=0x3ffc68dc paused=0
[LVGLdbg2] invalidate_area FULL-mode -> sending REFR_REQUEST
[LVGLdbg2] REFR_REQUEST recv, refr_timer=0x3ffc68dc paused=0
[LVGLdbg2] REFR_REQUEST recv, refr_timer=0x3ffc68dc paused=0
[Watchdog] step=mqtt.loop loopIterations=537102 (+15671) freeHeap=70936 minFreeHeap=59604
[LVGLdbg2] invalidate_area FULL-mode -> sending REFR_REQUEST
[LVGLdbg2] REFR_REQUEST recv, refr_timer=0x3ffc68dc paused=0
[LVGLdbg2] REFR_REQUEST recv, refr_timer=0x3ffc68dc paused=0
[LVGLdbg2] invalidate_area FULL-mode -> sending REFR_REQUEST
[LVGLdbg2] REFR_REQUEST recv, refr_timer=0x3ffc68dc paused=0
[LVGLdbg2] REFR_REQUEST recv, refr_timer=0x3ffc68dc paused=0
[LVGLdbg2] invalidate_area FULL-mode -> sending REFR_REQUEST
[LVGLdbg2] REFR_REQUEST recv, refr_timer=0x3ffc68dc paused=0
[LVGLdbg2] REFR_REQUEST recv, refr_timer=0x3ffc68dc paused=0
[LVGLdbg2] invalidate_area FULL-mode -> sending REFR_REQUEST
[LVGLdbg2] REFR_REQUEST recv, refr_timer=0x3ffc68dc paused=0
[LVGLdbg2] REFR_REQUEST recv, refr_timer=0x3ffc68dc paused=0
[Watchdog] step=mqtt.loop loopIterations=552730 (+15625) freeHeap=70936 minFreeHeap=59604
[LVGLdbg2] invalidate_area FULL-mode -> sending REFR_REQUEST
[LVGLdbg2] REFR_REQUEST recv, refr_timer=0x3ffc68dc paused=0
[LVGLdbg2] REFR_REQUEST recv, refr_timer=0x3ffc68dc paused=0
[LVGLdbg2] invalidate_area FULL-mode -> sending REFR_REQUEST
[LVGLdbg2] REFR_REQUEST recv, refr_timer=0x3ffc68dc paused=0
[LVGLdbg2] REFR_REQUEST recv, refr_timer=0x3ffc68dc paused=0
[LVGLdbg2] invalidate_area FULL-mode -> sending REFR_REQUEST
[LVGLdbg2] REFR_REQUEST recv, refr_timer=0x3ffc68dc paused=0
[LVGLdbg2] REFR_REQUEST recv, refr_timer=0x3ffc68dc paused=0
[LVGLdbg2] invalidate_area FULL-mode -> sending REFR_REQUEST
[LVGLdbg2] REFR_REQUEST recv, refr_timer=0x3ffc68dc paused=0
[LVGLdbg2] REFR_REQUEST recv, refr_timer=0x3ffc68dc paused=0
[Watchdog] step=mqtt.loop loopIterations=568384 (+15649) freeHeap=70936 minFreeHeap=59604
[LVGLdbg2] invalidate_area FULL-mode -> sending REFR_REQUEST
[LVGLdbg2] REFR_REQUEST recv, refr_timer=0x3ffc68dc paused=0
[LVGLdbg2] REFR_REQUEST recv, refr_timer=0x3ffc68dc paused=0
[LVGLdbg2] invalidate_area FULL-mode -> sending REFR_REQUEST
[LVGLdbg2] REFR_REQUEST recv, refr_timer=0x3ffc68dc paused=0
[LVGLdbg2] REFR_REQUEST recv, refr_timer=0x3ffc68dc paused=0
[LVGLdbg2] invalidate_area FULL-mode -> sending REFR_REQUEST
[LVGLdbg2] REFR_REQUEST recv, refr_timer=0x3ffc68dc paused=0
[LVGLdbg2] REFR_REQUEST recv, refr_timer=0x3ffc68dc paused=0
[LVGLdbg2] invalidate_area FULL-mode -> sending REFR_REQUEST
[LVGLdbg2] REFR_REQUEST recv, refr_timer=0x3ffc68dc paused=0
[LVGLdbg2] REFR_REQUEST recv, refr_timer=0x3ffc68dc paused=0
[Watchdog] step=mqtt.loop loopIterations=584042 (+15655) freeHeap=70936 minFreeHeap=59604
[LVGLdbg2] invalidate_area FULL-mode -> sending REFR_REQUEST
[LVGLdbg2] REFR_REQUEST recv, refr_timer=0x3ffc68dc paused=0
[LVGLdbg2] REFR_REQUEST recv, refr_timer=0x3ffc68dc paused=0
[LVGLdbg2] invalidate_area FULL-mode -> sending REFR_REQUEST
[LVGLdbg2] REFR_REQUEST recv, refr_timer=0x3ffc68dc paused=0
[LVGLdbg2] REFR_REQUEST recv, refr_timer=0x3ffc68dc paused=0
[LVGLdbg2] invalidate_area FULL-mode -> sending REFR_REQUEST
[LVGLdbg2] REFR_REQUEST recv, refr_timer=0x3ffc68dc paused=0
[LVGLdbg2] REFR_REQUEST recv, refr_timer=0x3ffc68dc paused=0
[LVGLdbg2] invalidate_area FULL-mode -> sending REFR_REQUEST
[LVGLdbg2] REFR_REQUEST recv, refr_timer=0x3ffc68dc paused=0
[LVGLdbg2] REFR_REQUEST recv, refr_timer=0x3ffc68dc paused=0
[Watchdog] step=wifi.loop loopIterations=599704 (+15658) freeHeap=70936 minFreeHeap=59604
[LVGLdbg2] invalidate_area FULL-mode -> sending REFR_REQUEST
[LVGLdbg2] REFR_REQUEST recv, refr_timer=0x3ffc68dc paused=0
[LVGLdbg2] REFR_REQUEST recv, refr_timer=0x3ffc68dc paused=0
[LVGLdbg2] invalidate_area FULL-mode -> sending REFR_REQUEST
[LVGLdbg2] REFR_REQUEST recv, refr_timer=0x3ffc68dc paused=0
[LVGLdbg2] REFR_REQUEST recv, refr_timer=0x3ffc68dc paused=0
[LVGLdbg2] invalidate_area FULL-mode -> sending REFR_REQUEST
[LVGLdbg2] REFR_REQUEST recv, refr_timer=0x3ffc68dc paused=0
[LVGLdbg2] REFR_REQUEST recv, refr_timer=0x3ffc68dc paused=0
[LVGLdbg2] invalidate_area FULL-mode -> sending REFR_REQUEST
[LVGLdbg2] REFR_REQUEST recv, refr_timer=0x3ffc68dc paused=0
[LVGLdbg2] REFR_REQUEST recv, refr_timer=0x3ffc68dc paused=0
[Watchdog] step=mqtt.loop loopIterations=615365 (+15658) freeHeap=70936 minFreeHeap=59604
[LVGLdbg2] invalidate_area FULL-mode -> sending REFR_REQUEST
[LVGLdbg2] REFR_REQUEST recv, refr_timer=0x3ffc68dc paused=0
[LVGLdbg2] REFR_REQUEST recv, refr_timer=0x3ffc68dc paused=0
[LVGLdbg2] invalidate_area FULL-mode -> sending REFR_REQUEST
[LVGLdbg2] REFR_REQUEST recv, refr_timer=0x3ffc68dc paused=0
[LVGLdbg2] REFR_REQUEST recv, refr_timer=0x3ffc68dc paused=0
[LVGLdbg2] invalidate_area FULL-mode -> sending REFR_REQUEST
[LVGLdbg2] REFR_REQUEST recv, refr_timer=0x3ffc68dc paused=0
[LVGLdbg2] REFR_REQUEST recv, refr_timer=0x3ffc68dc paused=0
[LVGLdbg2] invalidate_area FULL-mode -> sending REFR_REQUEST
[LVGLdbg2] REFR_REQUEST recv, refr_timer=0x3ffc68dc paused=0
[LVGLdbg2] REFR_REQUEST recv, refr_timer=0x3ffc68dc paused=0
[Watchdog] step=lv_timer_handler loopIterations=631027 (+15659) freeHeap=70936 minFreeHeap=59604
[LVGLdbg2] invalidate_area FULL-mode -> sending REFR_REQUEST
[LVGLdbg2] REFR_REQUEST recv, refr_timer=0x3ffc68dc paused=0
[LVGLdbg2] REFR_REQUEST recv, refr_timer=0x3ffc68dc paused=0
[LVGLdbg2] invalidate_area FULL-mode -> sending REFR_REQUEST
[LVGLdbg2] REFR_REQUEST recv, refr_timer=0x3ffc68dc paused=0
[LVGLdbg2] REFR_REQUEST recv, refr_timer=0x3ffc68dc paused=0
[LVGLdbg2] invalidate_area FULL-mode -> sending REFR_REQUEST
[LVGLdbg2] REFR_REQUEST recv, refr_timer=0x3ffc68dc paused=0
[LVGLdbg2] REFR_REQUEST recv, refr_timer=0x3ffc68dc paused=0
[LVGLdbg2] invalidate_area FULL-mode -> sending REFR_REQUEST
[LVGLdbg2] REFR_REQUEST recv, refr_timer=0x3ffc68dc paused=0
[LVGLdbg2] REFR_REQUEST recv, refr_timer=0x3ffc68dc paused=0
[Watchdog] step=mqtt.loop loopIterations=646690 (+15660) freeHeap=70936 minFreeHeap=59604
[LVGLdbg2] invalidate_area FULL-mode -> sending REFR_REQUEST
[LVGLdbg2] REFR_REQUEST recv, refr_timer=0x3ffc68dc paused=0
[LVGLdbg2] REFR_REQUEST recv, refr_timer=0x3ffc68dc paused=0
[LVGLdbg2] invalidate_area FULL-mode -> sending REFR_REQUEST
[LVGLdbg2] REFR_REQUEST recv, refr_timer=0x3ffc68dc paused=0
[LVGLdbg2] REFR_REQUEST recv, refr_timer=0x3ffc68dc paused=0
[LVGLdbg2] invalidate_area FULL-mode -> sending REFR_REQUEST
[LVGLdbg2] REFR_REQUEST recv, refr_timer=0x3ffc68dc paused=0
[LVGLdbg2] REFR_REQUEST recv, refr_timer=0x3ffc68dc paused=0
[LVGLdbg2] invalidate_area FULL-mode -> sending REFR_REQUEST
[LVGLdbg2] REFR_REQUEST recv, refr_timer=0x3ffc68dc paused=0
[LVGLdbg2] REFR_REQUEST recv, refr_timer=0x3ffc68dc paused=0
[Watchdog] step=mqtt.loop loopIterations=662348 (+15655) freeHeap=70936 minFreeHeap=59604
[LVGLdbg2] invalidate_area FULL-mode -> sending REFR_REQUEST
[LVGLdbg2] REFR_REQUEST recv, refr_timer=0x3ffc68dc paused=0
[LVGLdbg2] REFR_REQUEST recv, refr_timer=0x3ffc68dc paused=0
[LVGLdbg2] invalidate_area FULL-mode -> sending REFR_REQUEST
[LVGLdbg2] REFR_REQUEST recv, refr_timer=0x3ffc68dc paused=0
[LVGLdbg2] REFR_REQUEST recv, refr_timer=0x3ffc68dc paused=0
[LVGLdbg2] invalidate_area FULL-mode -> sending REFR_REQUEST
[LVGLdbg2] REFR_REQUEST recv, refr_timer=0x3ffc68dc paused=0
[LVGLdbg2] REFR_REQUEST recv, refr_timer=0x3ffc68dc paused=0
[LVGLdbg2] invalidate_area FULL-mode -> sending REFR_REQUEST
[LVGLdbg2] REFR_REQUEST recv, refr_timer=0x3ffc68dc paused=0
[LVGLdbg2] REFR_REQUEST recv, refr_timer=0x3ffc68dc paused=0
[Watchdog] step=mqtt.loop loopIterations=678018 (+15667) freeHeap=70936 minFreeHeap=59604
[LVGLdbg2] invalidate_area FULL-mode -> sending REFR_REQUEST
[LVGLdbg2] REFR_REQUEST recv, refr_timer=0x3ffc68dc paused=0
[LVGLdbg2] REFR_REQUEST recv, refr_timer=0x3ffc68dc paused=0
[LVGLdbg2] invalidate_area FULL-mode -> sending REFR_REQUEST
[LVGLdbg2] REFR_REQUEST recv, refr_timer=0x3ffc68dc paused=0
[LVGLdbg2] REFR_REQUEST recv, refr_timer=0x3ffc68dc paused=0
[LVGLdbg2] invalidate_area FULL-mode -> sending REFR_REQUEST
[LVGLdbg2] REFR_REQUEST recv, refr_timer=0x3ffc68dc paused=0
[LVGLdbg2] REFR_REQUEST recv, refr_timer=0x3ffc68dc paused=0
[LVGLdbg2] invalidate_area FULL-mode -> sending REFR_REQUEST
[LVGLdbg2] REFR_REQUEST recv, refr_timer=0x3ffc68dc paused=0
[LVGLdbg2] REFR_REQUEST recv, refr_timer=0x3ffc68dc paused=0
[Watchdog] step=mqtt.loop loopIterations=693689 (+15668) freeHeap=70936 minFreeHeap=59604
[LVGLdbg2] invalidate_area FULL-mode -> sending REFR_REQUEST
[LVGLdbg2] REFR_REQUEST recv, refr_timer=0x3ffc68dc paused=0
[LVGLdbg2] REFR_REQUEST recv, refr_timer=0x3ffc68dc paused=0
[LVGLdbg2] invalidate_area FULL-mode -> sending REFR_REQUEST
[LVGLdbg2] REFR_REQUEST recv, refr_timer=0x3ffc68dc paused=0
[LVGLdbg2] REFR_REQUEST recv, refr_timer=0x3ffc68dc paused=0
[LVGLdbg2] invalidate_area FULL-mode -> sending REFR_REQUEST
[LVGLdbg2] REFR_REQUEST recv, refr_timer=0x3ffc68dc paused=0
[LVGLdbg2] REFR_REQUEST recv, refr_timer=0x3ffc68dc paused=0
[LVGLdbg2] invalidate_area FULL-mode -> sending REFR_REQUEST
[LVGLdbg2] REFR_REQUEST recv, refr_timer=0x3ffc68dc paused=0
[LVGLdbg2] REFR_REQUEST recv, refr_timer=0x3ffc68dc paused=0
[Watchdog] step=mqtt.loop loopIterations=709349 (+15657) freeHeap=70936 minFreeHeap=59604
[LVGLdbg2] invalidate_area FULL-mode -> sending REFR_REQUEST
[LVGLdbg2] REFR_REQUEST recv, refr_timer=0x3ffc68dc paused=0
[LVGLdbg2] REFR_REQUEST recv, refr_timer=0x3ffc68dc paused=0
[LVGLdbg2] invalidate_area FULL-mode -> sending REFR_REQUEST
[LVGLdbg2] REFR_REQUEST recv, refr_timer=0x3ffc68dc paused=0
[LVGLdbg2] REFR_REQUEST recv, refr_timer=0x3ffc68dc paused=0
[LVGLdbg2] invalidate_area FULL-mode -> sending REFR_REQUEST
[LVGLdbg2] REFR_REQUEST recv, refr_timer=0x3ffc68dc paused=0
[LVGLdbg2] REFR_REQUEST recv, refr_timer=0x3ffc68dc paused=0
[LVGLdbg2] invalidate_area FULL-mode -> sending REFR_REQUEST
[LVGLdbg2] REFR_REQUEST recv, refr_timer=0x3ffc68dc paused=0
[LVGLdbg2] REFR_REQUEST recv, refr_timer=0x3ffc68dc paused=0
[Watchdog] step=M5.update loopIterations=725004 (+15652) freeHeap=70936 minFreeHeap=59604
[LVGLdbg2] invalidate_area FULL-mode -> sending REFR_REQUEST
[LVGLdbg2] REFR_REQUEST recv, refr_timer=0x3ffc68dc paused=0
[LVGLdbg2] REFR_REQUEST recv, refr_timer=0x3ffc68dc paused=0
[LVGLdbg2] invalidate_area FULL-mode -> sending REFR_REQUEST
[LVGLdbg2] REFR_REQUEST recv, refr_timer=0x3ffc68dc paused=0
[LVGLdbg2] REFR_REQUEST recv, refr_timer=0x3ffc68dc paused=0
[LVGLdbg2] invalidate_area FULL-mode -> sending REFR_REQUEST
[LVGLdbg2] REFR_REQUEST recv, refr_timer=0x3ffc68dc paused=0
[LVGLdbg2] REFR_REQUEST recv, refr_timer=0x3ffc68dc paused=0
[LVGLdbg2] invalidate_area FULL-mode -> sending REFR_REQUEST
[LVGLdbg2] REFR_REQUEST recv, refr_timer=0x3ffc68dc paused=0
[LVGLdbg2] REFR_REQUEST recv, refr_timer=0x3ffc68dc paused=0
[Watchdog] step=mqtt.loop loopIterations=740661 (+15655) freeHeap=70936 minFreeHeap=59604
[LVGLdbg2] invalidate_area FULL-mode -> sending REFR_REQUEST
[LVGLdbg2] REFR_REQUEST recv, refr_timer=0x3ffc68dc paused=0
[LVGLdbg2] REFR_REQUEST recv, refr_timer=0x3ffc68dc paused=0
[LVGLdbg2] invalidate_area FULL-mode -> sending REFR_REQUEST
[LVGLdbg2] REFR_REQUEST recv, refr_timer=0x3ffc68dc paused=0
[LVGLdbg2] REFR_REQUEST recv, refr_timer=0x3ffc68dc paused=0
[LVGLdbg2] invalidate_area FULL-mode -> sending REFR_REQUEST
[LVGLdbg2] REFR_REQUEST recv, refr_timer=0x3ffc68dc paused=0
[LVGLdbg2] REFR_REQUEST recv, refr_timer=0x3ffc68dc paused=0
[LVGLdbg2] invalidate_area FULL-mode -> sending REFR_REQUEST
[LVGLdbg2] REFR_REQUEST recv, refr_timer=0x3ffc68dc paused=0
[LVGLdbg2] REFR_REQUEST recv, refr_timer=0x3ffc68dc paused=0
[Watchdog] step=mqtt.loop loopIterations=756324 (+15659) freeHeap=70936 minFreeHeap=59604
[LVGLdbg2] invalidate_area FULL-mode -> sending REFR_REQUEST
[LVGLdbg2] REFR_REQUEST recv, refr_timer=0x3ffc68dc paused=0
[LVGLdbg2] REFR_REQUEST recv, refr_timer=0x3ffc68dc paused=0
[LVGLdbg2] invalidate_area FULL-mode -> sending REFR_REQUEST
[LVGLdbg2] REFR_REQUEST recv, refr_timer=0x3ffc68dc paused=0
[LVGLdbg2] REFR_REQUEST recv, refr_timer=0x3ffc68dc paused=0
[LVGLdbg2] invalidate_area FULL-mode -> sending REFR_REQUEST
[LVGLdbg2] REFR_REQUEST recv, refr_timer=0x3ffc68dc paused=0
[LVGLdbg2] REFR_REQUEST recv, refr_timer=0x3ffc68dc paused=0
[LVGLdbg2] invalidate_area FULL-mode -> sending REFR_REQUEST
[LVGLdbg2] REFR_REQUEST recv, refr_timer=0x3ffc68dc paused=0
[LVGLdbg2] REFR_REQUEST recv, refr_timer=0x3ffc68dc paused=0
[Watchdog] step=mqtt.loop loopIterations=771983 (+15656) freeHeap=70936 minFreeHeap=59604
[LVGLdbg2] invalidate_area FULL-mode -> sending REFR_REQUEST
[LVGLdbg2] REFR_REQUEST recv, refr_timer=0x3ffc68dc paused=0
[LVGLdbg2] REFR_REQUEST recv, refr_timer=0x3ffc68dc paused=0
[LVGLdbg2] invalidate_area FULL-mode -> sending REFR_REQUEST
[LVGLdbg2] REFR_REQUEST recv, refr_timer=0x3ffc68dc paused=0
[LVGLdbg2] REFR_REQUEST recv, refr_timer=0x3ffc68dc paused=0
[LVGLdbg2] invalidate_area FULL-mode -> sending REFR_REQUEST
[LVGLdbg2] REFR_REQUEST recv, refr_timer=0x3ffc68dc paused=0
[LVGLdbg2] REFR_REQUEST recv, refr_timer=0x3ffc68dc paused=0
[LVGLdbg2] invalidate_area FULL-mode -> sending REFR_REQUEST
[LVGLdbg2] REFR_REQUEST recv, refr_timer=0x3ffc68dc paused=0
[LVGLdbg2] REFR_REQUEST recv, refr_timer=0x3ffc68dc paused=0
[Watchdog] step=mqtt.loop loopIterations=787644 (+15658) freeHeap=70936 minFreeHeap=59604
[LVGLdbg2] invalidate_area FULL-mode -> sending REFR_REQUEST
[LVGLdbg2] REFR_REQUEST recv, refr_timer=0x3ffc68dc paused=0
[LVGLdbg2] REFR_REQUEST recv, refr_timer=0x3ffc68dc paused=0
[LVGLdbg2] invalidate_area FULL-mode -> sending REFR_REQUEST
[LVGLdbg2] REFR_REQUEST recv, refr_timer=0x3ffc68dc paused=0
[LVGLdbg2] REFR_REQUEST recv, refr_timer=0x3ffc68dc paused=0
[LVGLdbg2] invalidate_area FULL-mode -> sending REFR_REQUEST
[LVGLdbg2] REFR_REQUEST recv, refr_timer=0x3ffc68dc paused=0
[LVGLdbg2] REFR_REQUEST recv, refr_timer=0x3ffc68dc paused=0
[LVGLdbg2] invalidate_area FULL-mode -> sending REFR_REQUEST
[LVGLdbg2] REFR_REQUEST recv, refr_timer=0x3ffc68dc paused=0
[LVGLdbg2] REFR_REQUEST recv, refr_timer=0x3ffc68dc paused=0
[Watchdog] step=lv_timer_handler loopIterations=803305 (+15658) freeHeap=70936 minFreeHeap=59604
[LVGLdbg2] invalidate_area FULL-mode -> sending REFR_REQUEST
[LVGLdbg2] REFR_REQUEST recv, refr_timer=0x3ffc68dc paused=0
[LVGLdbg2] REFR_REQUEST recv, refr_timer=0x3ffc68dc paused=0
[LVGLdbg2] invalidate_area FULL-mode -> sending REFR_REQUEST
[LVGLdbg2] REFR_REQUEST recv, refr_timer=0x3ffc68dc paused=0
[LVGLdbg2] REFR_REQUEST recv, refr_timer=0x3ffc68dc paused=0
[LVGLdbg2] invalidate_area FULL-mode -> sending REFR_REQUEST
[LVGLdbg2] REFR_REQUEST recv, refr_timer=0x3ffc68dc paused=0
[LVGLdbg2] REFR_REQUEST recv, refr_timer=0x3ffc68dc paused=0
[LVGLdbg2] invalidate_area FULL-mode -> sending REFR_REQUEST
[LVGLdbg2] REFR_REQUEST recv, refr_timer=0x3ffc68dc paused=0
[LVGLdbg2] REFR_REQUEST recv, refr_timer=0x3ffc68dc paused=0
[Watchdog] step=M5.update loopIterations=818966 (+15658) freeHeap=70936 minFreeHeap=59604
[LVGLdbg2] invalidate_area FULL-mode -> sending REFR_REQUEST
[LVGLdbg2] REFR_REQUEST recv, refr_timer=0x3ffc68dc paused=0
[LVGLdbg2] REFR_REQUEST recv, refr_timer=0x3ffc68dc paused=0
[LVGLdbg2] invalidate_area FULL-mode -> sending REFR_REQUEST
[LVGLdbg2] REFR_REQUEST recv, refr_timer=0x3ffc68dc paused=0
[LVGLdbg2] REFR_REQUEST recv, refr_timer=0x3ffc68dc paused=0
[LVGLdbg2] invalidate_area FULL-mode -> sending REFR_REQUEST
[LVGLdbg2] REFR_REQUEST recv, refr_timer=0x3ffc68dc paused=0
[LVGLdbg2] REFR_REQUEST recv, refr_timer=0x3ffc68dc paused=0
[LVGLdbg2] invalidate_area FULL-mode -> sending REFR_REQUEST
[LVGLdbg2] REFR_REQUEST recv, refr_timer=0x3ffc68dc paused=0
[LVGLdbg2] REFR_REQUEST recv, refr_timer=0x3ffc68dc paused=0
[Watchdog] step=mqtt.loop loopIterations=834628 (+15660) freeHeap=70936 minFreeHeap=59604
[LVGLdbg2] invalidate_area FULL-mode -> sending REFR_REQUEST
[LVGLdbg2] REFR_REQUEST recv, refr_timer=0x3ffc68dc paused=0
[LVGLdbg2] REFR_REQUEST recv, refr_timer=0x3ffc68dc paused=0
[LVGLdbg2] invalidate_area FULL-mode -> sending REFR_REQUEST
[LVGLdbg2] REFR_REQUEST recv, refr_timer=0x3ffc68dc paused=0
[LVGLdbg2] REFR_REQUEST recv, refr_timer=0x3ffc68dc paused=0
[LVGLdbg2] invalidate_area FULL-mode -> sending REFR_REQUEST
[LVGLdbg2] REFR_REQUEST recv, refr_timer=0x3ffc68dc paused=0
[LVGLdbg2] REFR_REQUEST recv, refr_timer=0x3ffc68dc paused=0
[LVGLdbg2] invalidate_area FULL-mode -> sending REFR_REQUEST
[LVGLdbg2] REFR_REQUEST recv, refr_timer=0x3ffc68dc paused=0
[LVGLdbg2] REFR_REQUEST recv, refr_timer=0x3ffc68dc paused=0
[Watchdog] step=mqtt.loop loopIterations=850287 (+15656) freeHeap=70936 minFreeHeap=59604
[LVGLdbg2] invalidate_area FULL-mode -> sending REFR_REQUEST
[LVGLdbg2] REFR_REQUEST recv, refr_timer=0x3ffc68dc paused=0
[LVGLdbg2] REFR_REQUEST recv, refr_timer=0x3ffc68dc paused=0
[LVGLdbg2] invalidate_area FULL-mode -> sending REFR_REQUEST
[LVGLdbg2] REFR_REQUEST recv, refr_timer=0x3ffc68dc paused=0
[LVGLdbg2] REFR_REQUEST recv, refr_timer=0x3ffc68dc paused=0
[LVGLdbg2] invalidate_area FULL-mode -> sending REFR_REQUEST
[LVGLdbg2] REFR_REQUEST recv, refr_timer=0x3ffc68dc paused=0
[LVGLdbg2] REFR_REQUEST recv, refr_timer=0x3ffc68dc paused=0
[LVGLdbg2] invalidate_area FULL-mode -> sending REFR_REQUEST
[LVGLdbg2] REFR_REQUEST recv, refr_timer=0x3ffc68dc paused=0
[LVGLdbg2] REFR_REQUEST recv, refr_timer=0x3ffc68dc paused=0
[Watchdog] step=mqtt.loop loopIterations=865958 (+15668) freeHeap=70936 minFreeHeap=59604
[LVGLdbg2] invalidate_area FULL-mode -> sending REFR_REQUEST
[LVGLdbg2] REFR_REQUEST recv, refr_timer=0x3ffc68dc paused=0
[LVGLdbg2] REFR_REQUEST recv, refr_timer=0x3ffc68dc paused=0
[LVGLdbg2] invalidate_area FULL-mode -> sending REFR_REQUEST
[LVGLdbg2] REFR_REQUEST recv, refr_timer=0x3ffc68dc paused=0
[LVGLdbg2] REFR_REQUEST recv, refr_timer=0x3ffc68dc paused=0
[LVGLdbg2] invalidate_area FULL-mode -> sending REFR_REQUEST
[LVGLdbg2] REFR_REQUEST recv, refr_timer=0x3ffc68dc paused=0
[LVGLdbg2] REFR_REQUEST recv, refr_timer=0x3ffc68dc paused=0
[LVGLdbg2] invalidate_area FULL-mode -> sending REFR_REQUEST
[LVGLdbg2] REFR_REQUEST recv, refr_timer=0x3ffc68dc paused=0
[LVGLdbg2] REFR_REQUEST recv, refr_timer=0x3ffc68dc paused=0
[Watchdog] step=mqtt.loop loopIterations=881625 (+15664) freeHeap=70936 minFreeHeap=59604
[LVGLdbg2] invalidate_area FULL-mode -> sending REFR_REQUEST
[LVGLdbg2] REFR_REQUEST recv, refr_timer=0x3ffc68dc paused=0
[LVGLdbg2] REFR_REQUEST recv, refr_timer=0x3ffc68dc paused=0
[LVGLdbg2] invalidate_area FULL-mode -> sending REFR_REQUEST
[LVGLdbg2] REFR_REQUEST recv, refr_timer=0x3ffc68dc paused=0
[LVGLdbg2] REFR_REQUEST recv, refr_timer=0x3ffc68dc paused=0
[LVGLdbg2] invalidate_area FULL-mode -> sending REFR_REQUEST
[LVGLdbg2] REFR_REQUEST recv, refr_timer=0x3ffc68dc paused=0
[LVGLdbg2] REFR_REQUEST recv, refr_timer=0x3ffc68dc paused=0
[LVGLdbg2] invalidate_area FULL-mode -> sending REFR_REQUEST
[LVGLdbg2] REFR_REQUEST recv, refr_timer=0x3ffc68dc paused=0
[LVGLdbg2] REFR_REQUEST recv, refr_timer=0x3ffc68dc paused=0
[Watchdog] step=mqtt.loop loopIterations=897278 (+15650) freeHeap=70936 minFreeHeap=59604
[LVGLdbg2] invalidate_area FULL-mode -> sending REFR_REQUEST
[LVGLdbg2] REFR_REQUEST recv, refr_timer=0x3ffc68dc paused=0
[LVGLdbg2] REFR_REQUEST recv, refr_timer=0x3ffc68dc paused=0
[LVGLdbg2] invalidate_area FULL-mode -> sending REFR_REQUEST
[LVGLdbg2] REFR_REQUEST recv, refr_timer=0x3ffc68dc paused=0
[LVGLdbg2] REFR_REQUEST recv, refr_timer=0x3ffc68dc paused=0
[LVGLdbg2] invalidate_area FULL-mode -> sending REFR_REQUEST
[LVGLdbg2] REFR_REQUEST recv, refr_timer=0x3ffc68dc paused=0
[LVGLdbg2] REFR_REQUEST recv, refr_timer=0x3ffc68dc paused=0
[LVGLdbg2] invalidate_area FULL-mode -> sending REFR_REQUEST
[LVGLdbg2] REFR_REQUEST recv, refr_timer=0x3ffc68dc paused=0
[LVGLdbg2] REFR_REQUEST recv, refr_timer=0x3ffc68dc paused=0
[Watchdog] step=lv_timer_handler loopIterations=912941 (+15659) freeHeap=70936 minFreeHeap=59604
[LVGLdbg2] invalidate_area FULL-mode -> sending REFR_REQUEST
[LVGLdbg2] REFR_REQUEST recv, refr_timer=0x3ffc68dc paused=0
[LVGLdbg2] REFR_REQUEST recv, refr_timer=0x3ffc68dc paused=0
[LVGLdbg2] invalidate_area FULL-mode -> sending REFR_REQUEST
[LVGLdbg2] REFR_REQUEST recv, refr_timer=0x3ffc68dc paused=0
[LVGLdbg2] REFR_REQUEST recv, refr_timer=0x3ffc68dc paused=0
[LVGLdbg2] invalidate_area FULL-mode -> sending REFR_REQUEST
[LVGLdbg2] REFR_REQUEST recv, refr_timer=0x3ffc68dc paused=0
[LVGLdbg2] REFR_REQUEST recv, refr_timer=0x3ffc68dc paused=0
[LVGLdbg2] invalidate_area FULL-mode -> sending REFR_REQUEST
[LVGLdbg2] REFR_REQUEST recv, refr_timer=0x3ffc68dc paused=0
[LVGLdbg2] REFR_REQUEST recv, refr_timer=0x3ffc68dc paused=0
[Watchdog] step=mqtt.loop loopIterations=928601 (+15657) freeHeap=70936 minFreeHeap=59604
[LVGLdbg2] invalidate_area FULL-mode -> sending REFR_REQUEST
[LVGLdbg2] REFR_REQUEST recv, refr_timer=0x3ffc68dc paused=0
[LVGLdbg2] REFR_REQUEST recv, refr_timer=0x3ffc68dc paused=0
[LVGLdbg2] invalidate_area FULL-mode -> sending REFR_REQUEST
[LVGLdbg2] REFR_REQUEST recv, refr_timer=0x3ffc68dc paused=0
[LVGLdbg2] REFR_REQUEST recv, refr_timer=0x3ffc68dc paused=0
[LVGLdbg2] invalidate_area FULL-mode -> sending REFR_REQUEST
[LVGLdbg2] REFR_REQUEST recv, refr_timer=0x3ffc68dc paused=0
[LVGLdbg2] REFR_REQUEST recv, refr_timer=0x3ffc68dc paused=0
[LVGLdbg2] invalidate_area FULL-mode -> sending REFR_REQUEST
[LVGLdbg2] REFR_REQUEST recv, refr_timer=0x3ffc68dc paused=0
[LVGLdbg2] REFR_REQUEST recv, refr_timer=0x3ffc68dc paused=0
[Watchdog] step=M5.update loopIterations=944263 (+15659) freeHeap=70936 minFreeHeap=59604
[LVGLdbg2] invalidate_area FULL-mode -> sending REFR_REQUEST
[LVGLdbg2] REFR_REQUEST recv, refr_timer=0x3ffc68dc paused=0
[LVGLdbg2] REFR_REQUEST recv, refr_timer=0x3ffc68dc paused=0
[LVGLdbg2] invalidate_area FULL-mode -> sending REFR_REQUEST
[LVGLdbg2] REFR_REQUEST recv, refr_timer=0x3ffc68dc paused=0
[LVGLdbg2] REFR_REQUEST recv, refr_timer=0x3ffc68dc paused=0
[LVGLdbg2] invalidate_area FULL-mode -> sending REFR_REQUEST
[LVGLdbg2] REFR_REQUEST recv, refr_timer=0x3ffc68dc paused=0
[LVGLdbg2] REFR_REQUEST recv, refr_timer=0x3ffc68dc paused=0
[LVGLdbg2] invalidate_area FULL-mode -> sending REFR_REQUEST
[LVGLdbg2] REFR_REQUEST recv, refr_timer=0x3ffc68dc paused=0
[LVGLdbg2] REFR_REQUEST recv, refr_timer=0x3ffc68dc paused=0
[Watchdog] step=mqtt.loop loopIterations=959921 (+15656) freeHeap=70744 minFreeHeap=59604
[LVGLdbg2] invalidate_area FULL-mode -> sending REFR_REQUEST
[LVGLdbg2] REFR_REQUEST recv, refr_timer=0x3ffc68dc paused=0
[LVGLdbg2] REFR_REQUEST recv, refr_timer=0x3ffc68dc paused=0
[LVGLdbg2] invalidate_area FULL-mode -> sending REFR_REQUEST
[LVGLdbg2] REFR_REQUEST recv, refr_timer=0x3ffc68dc paused=0
[LVGLdbg2] REFR_REQUEST recv, refr_timer=0x3ffc68dc paused=0
[LVGLdbg2] invalidate_area FULL-mode -> sending REFR_REQUEST
[LVGLdbg2] REFR_REQUEST recv, refr_timer=0x3ffc68dc paused=0
[LVGLdbg2] REFR_REQUEST recv, refr_timer=0x3ffc68dc paused=0
[LVGLdbg2] invalidate_area FULL-mode -> sending REFR_REQUEST
[LVGLdbg2] REFR_REQUEST recv, refr_timer=0x3ffc68dc paused=0
[LVGLdbg2] REFR_REQUEST recv, refr_timer=0x3ffc68dc paused=0
[Watchdog] step=mqtt.loop loopIterations=975579 (+15654) freeHeap=70936 minFreeHeap=59604
[LVGLdbg2] invalidate_area FULL-mode -> sending REFR_REQUEST
[LVGLdbg2] REFR_REQUEST recv, refr_timer=0x3ffc68dc paused=0
[LVGLdbg2] REFR_REQUEST recv, refr_timer=0x3ffc68dc paused=0
[LVGLdbg2] invalidate_area FULL-mode -> sending REFR_REQUEST
[LVGLdbg2] REFR_REQUEST recv, refr_timer=0x3ffc68dc paused=0
[LVGLdbg2] REFR_REQUEST recv, refr_timer=0x3ffc68dc paused=0
[LVGLdbg2] invalidate_area FULL-mode -> sending REFR_REQUEST
[LVGLdbg2] REFR_REQUEST recv, refr_timer=0x3ffc68dc paused=0
[LVGLdbg2] REFR_REQUEST recv, refr_timer=0x3ffc68dc paused=0
[LVGLdbg2] invalidate_area FULL-mode -> sending REFR_REQUEST
[LVGLdbg2] REFR_REQUEST recv, refr_timer=0x3ffc68dc paused=0
[LVGLdbg2] REFR_REQUEST recv, refr_timer=0x3ffc68dc paused=0
[Watchdog] step=mqtt.loop loopIterations=991240 (+15657) freeHeap=70936 minFreeHeap=59604
[LVGLdbg2] invalidate_area FULL-mode -> sending REFR_REQUEST
[LVGLdbg2] REFR_REQUEST recv, refr_timer=0x3ffc68dc paused=0
[LVGLdbg2] REFR_REQUEST recv, refr_timer=0x3ffc68dc paused=0
[LVGLdbg2] invalidate_area FULL-mode -> sending REFR_REQUEST
[LVGLdbg2] REFR_REQUEST recv, refr_timer=0x3ffc68dc paused=0
[LVGLdbg2] REFR_REQUEST recv, refr_timer=0x3ffc68dc paused=0
[LVGLdbg2] invalidate_area FULL-mode -> sending REFR_REQUEST
[LVGLdbg2] REFR_REQUEST recv, refr_timer=0x3ffc68dc paused=0
[LVGLdbg2] REFR_REQUEST recv, refr_timer=0x3ffc68dc paused=0
[LVGLdbg2] invalidate_area FULL-mode -> sending REFR_REQUEST
[LVGLdbg2] REFR_REQUEST recv, refr_timer=0x3ffc68dc paused=0
[LVGLdbg2] REFR_REQUEST recv, refr_timer=0x3ffc68dc paused=0
[Watchdog] step=mqtt.loop loopIterations=1006907 (+15664) freeHeap=70936 minFreeHeap=59604
[LVGLdbg2] invalidate_area FULL-mode -> sending REFR_REQUEST
[LVGLdbg2] REFR_REQUEST recv, refr_timer=0x3ffc68dc paused=0
[LVGLdbg2] REFR_REQUEST recv, refr_timer=0x3ffc68dc paused=0
[LVGLdbg2] invalidate_area FULL-mode -> sending REFR_REQUEST
[LVGLdbg2] REFR_REQUEST recv, refr_timer=0x3ffc68dc paused=0
[LVGLdbg2] REFR_REQUEST recv, refr_timer=0x3ffc68dc paused=0
[LVGLdbg2] invalidate_area FULL-mode -> sending REFR_REQUEST
[LVGLdbg2] REFR_REQUEST recv, refr_timer=0x3ffc68dc paused=0
[LVGLdbg2] REFR_REQUEST recv, refr_timer=0x3ffc68dc paused=0
[LVGLdbg2] invalidate_area FULL-mode -> sending REFR_REQUEST
[LVGLdbg2] REFR_REQUEST recv, refr_timer=0x3ffc68dc paused=0
[LVGLdbg2] REFR_REQUEST recv, refr_timer=0x3ffc68dc paused=0
[Watchdog] step=M5.update loopIterations=1022549 (+15639) freeHeap=71160 minFreeHeap=59604
[LVGLdbg2] invalidate_area FULL-mode -> sending REFR_REQUEST
[LVGLdbg2] REFR_REQUEST recv, refr_timer=0x3ffc68dc paused=0
[LVGLdbg2] REFR_REQUEST recv, refr_timer=0x3ffc68dc paused=0
[LVGLdbg2] invalidate_area FULL-mode -> sending REFR_REQUEST
[LVGLdbg2] REFR_REQUEST recv, refr_timer=0x3ffc68dc paused=0
[LVGLdbg2] REFR_REQUEST recv, refr_timer=0x3ffc68dc paused=0
[LVGLdbg2] invalidate_area FULL-mode -> sending REFR_REQUEST
[LVGLdbg2] REFR_REQUEST recv, refr_timer=0x3ffc68dc paused=0
[LVGLdbg2] REFR_REQUEST recv, refr_timer=0x3ffc68dc paused=0
[LVGLdbg2] invalidate_area FULL-mode -> sending REFR_REQUEST
[LVGLdbg2] REFR_REQUEST recv, refr_timer=0x3ffc68dc paused=0
[LVGLdbg2] REFR_REQUEST recv, refr_timer=0x3ffc68dc paused=0
[Watchdog] step=mqtt.loop loopIterations=1038207 (+15654) freeHeap=71160 minFreeHeap=59604
[LVGLdbg2] invalidate_area FULL-mode -> sending REFR_REQUEST
[LVGLdbg2] REFR_REQUEST recv, refr_timer=0x3ffc68dc paused=0
[LVGLdbg2] REFR_REQUEST recv, refr_timer=0x3ffc68dc paused=0
[LVGLdbg2] invalidate_area FULL-mode -> sending REFR_REQUEST
[LVGLdbg2] REFR_REQUEST recv, refr_timer=0x3ffc68dc paused=0
[LVGLdbg2] REFR_REQUEST recv, refr_timer=0x3ffc68dc paused=0
[LVGLdbg2] invalidate_area FULL-mode -> sending REFR_REQUEST
[LVGLdbg2] REFR_REQUEST recv, refr_timer=0x3ffc68dc paused=0
[LVGLdbg2] REFR_REQUEST recv, refr_timer=0x3ffc68dc paused=0
[LVGLdbg2] invalidate_area FULL-mode -> sending REFR_REQUEST
[LVGLdbg2] REFR_REQUEST recv, refr_timer=0x3ffc68dc paused=0
[LVGLdbg2] REFR_REQUEST recv, refr_timer=0x3ffc68dc paused=0
[Watchdog] step=mqtt.loop loopIterations=1053861 (+15651) freeHeap=71160 minFreeHeap=59604
[LVGLdbg2] invalidate_area FULL-mode -> sending REFR_REQUEST
[LVGLdbg2] REFR_REQUEST recv, refr_timer=0x3ffc68dc paused=0
[LVGLdbg2] REFR_REQUEST recv, refr_timer=0x3ffc68dc paused=0
[LVGLdbg2] invalidate_area FULL-mode -> sending REFR_REQUEST
[LVGLdbg2] REFR_REQUEST recv, refr_timer=0x3ffc68dc paused=0
[LVGLdbg2] REFR_REQUEST recv, refr_timer=0x3ffc68dc paused=0
[LVGLdbg2] invalidate_area FULL-mode -> sending REFR_REQUEST
[LVGLdbg2] REFR_REQUEST recv, refr_timer=0x3ffc68dc paused=0
[LVGLdbg2] REFR_REQUEST recv, refr_timer=0x3ffc68dc paused=0
[LVGLdbg2] invalidate_area FULL-mode -> sending REFR_REQUEST
[LVGLdbg2] REFR_REQUEST recv, refr_timer=0x3ffc68dc paused=0
[LVGLdbg2] REFR_REQUEST recv, refr_timer=0x3ffc68dc paused=0
[Watchdog] step=mqtt.loop loopIterations=1069523 (+15658) freeHeap=71160 minFreeHeap=59604
[LVGLdbg2] invalidate_area FULL-mode -> sending REFR_REQUEST
[LVGLdbg2] REFR_REQUEST recv, refr_timer=0x3ffc68dc paused=0
[LVGLdbg2] REFR_REQUEST recv, refr_timer=0x3ffc68dc paused=0
[LVGLdbg2] invalidate_area FULL-mode -> sending REFR_REQUEST
[LVGLdbg2] REFR_REQUEST recv, refr_timer=0x3ffc68dc paused=0
[LVGLdbg2] REFR_REQUEST recv, refr_timer=0x3ffc68dc paused=0
[LVGLdbg2] invalidate_area FULL-mode -> sending REFR_REQUEST
[LVGLdbg2] REFR_REQUEST recv, refr_timer=0x3ffc68dc paused=0
[LVGLdbg2] REFR_REQUEST recv, refr_timer=0x3ffc68dc paused=0
[LVGLdbg2] invalidate_area FULL-mode -> sending REFR_REQUEST
[LVGLdbg2] REFR_REQUEST recv, refr_timer=0x3ffc68dc paused=0
[LVGLdbg2] REFR_REQUEST recv, refr_timer=0x3ffc68dc paused=0
[Watchdog] step=mqtt.loop loopIterations=1085184 (+15658) freeHeap=71160 minFreeHeap=59604
[LVGLdbg2] invalidate_area FULL-mode -> sending REFR_REQUEST
[LVGLdbg2] REFR_REQUEST recv, refr_timer=0x3ffc68dc paused=0
[LVGLdbg2] REFR_REQUEST recv, refr_timer=0x3ffc68dc paused=0
[LVGLdbg2] invalidate_area FULL-mode -> sending REFR_REQUEST
[LVGLdbg2] REFR_REQUEST recv, refr_timer=0x3ffc68dc paused=0
[LVGLdbg2] REFR_REQUEST recv, refr_timer=0x3ffc68dc paused=0
[LVGLdbg2] invalidate_area FULL-mode -> sending REFR_REQUEST
[LVGLdbg2] REFR_REQUEST recv, refr_timer=0x3ffc68dc paused=0
[LVGLdbg2] REFR_REQUEST recv, refr_timer=0x3ffc68dc paused=0
[LVGLdbg2] invalidate_area FULL-mode -> sending REFR_REQUEST
[LVGLdbg2] REFR_REQUEST recv, refr_timer=0x3ffc68dc paused=0
[LVGLdbg2] REFR_REQUEST recv, refr_timer=0x3ffc68dc paused=0
[Watchdog] step=lv_timer_handler loopIterations=1100846 (+15659) freeHeap=71160 minFreeHeap=59604
[LVGLdbg2] invalidate_area FULL-mode -> sending REFR_REQUEST
[LVGLdbg2] REFR_REQUEST recv, refr_timer=0x3ffc68dc paused=0
[LVGLdbg2] REFR_REQUEST recv, refr_timer=0x3ffc68dc paused=0
[LVGLdbg2] invalidate_area FULL-mode -> sending REFR_REQUEST
[LVGLdbg2] REFR_REQUEST recv, refr_timer=0x3ffc68dc paused=0
[LVGLdbg2] REFR_REQUEST recv, refr_timer=0x3ffc68dc paused=0
[LVGLdbg2] invalidate_area FULL-mode -> sending REFR_REQUEST
[LVGLdbg2] REFR_REQUEST recv, refr_timer=0x3ffc68dc paused=0
[LVGLdbg2] REFR_REQUEST recv, refr_timer=0x3ffc68dc paused=0
[LVGLdbg2] invalidate_area FULL-mode -> sending REFR_REQUEST
[LVGLdbg2] REFR_REQUEST recv, refr_timer=0x3ffc68dc paused=0
[LVGLdbg2] REFR_REQUEST recv, refr_timer=0x3ffc68dc paused=0
[Watchdog] step=mqtt.loop loopIterations=1116504 (+15655) freeHeap=71160 minFreeHeap=59604
[LVGLdbg2] invalidate_area FULL-mode -> sending REFR_REQUEST
[LVGLdbg2] REFR_REQUEST recv, refr_timer=0x3ffc68dc paused=0
[LVGLdbg2] REFR_REQUEST recv, refr_timer=0x3ffc68dc paused=0
[LVGLdbg2] invalidate_area FULL-mode -> sending REFR_REQUEST
[LVGLdbg2] REFR_REQUEST recv, refr_timer=0x3ffc68dc paused=0
[LVGLdbg2] REFR_REQUEST recv, refr_timer=0x3ffc68dc paused=0
[LVGLdbg2] invalidate_area FULL-mode -> sending REFR_REQUEST
[LVGLdbg2] REFR_REQUEST recv, refr_timer=0x3ffc68dc paused=0
[LVGLdbg2] REFR_REQUEST recv, refr_timer=0x3ffc68dc paused=0
[LVGLdbg2] invalidate_area FULL-mode -> sending REFR_REQUEST
[LVGLdbg2] REFR_REQUEST recv, refr_timer=0x3ffc68dc paused=0
[LVGLdbg2] REFR_REQUEST recv, refr_timer=0x3ffc68dc paused=0
[Watchdog] step=mqtt.loop loopIterations=1132168 (+15661) freeHeap=71160 minFreeHeap=59604
[LVGLdbg2] invalidate_area FULL-mode -> sending REFR_REQUEST
[LVGLdbg2] REFR_REQUEST recv, refr_timer=0x3ffc68dc paused=0
[LVGLdbg2] REFR_REQUEST recv, refr_timer=0x3ffc68dc paused=0
[LVGLdbg2] invalidate_area FULL-mode -> sending REFR_REQUEST
[LVGLdbg2] REFR_REQUEST recv, refr_timer=0x3ffc68dc paused=0
[LVGLdbg2] REFR_REQUEST recv, refr_timer=0x3ffc68dc paused=0
[LVGLdbg2] invalidate_area FULL-mode -> sending REFR_REQUEST
[LVGLdbg2] REFR_REQUEST recv, refr_timer=0x3ffc68dc paused=0
[LVGLdbg2] REFR_REQUEST recv, refr_timer=0x3ffc68dc paused=0
[LVGLdbg2] invalidate_area FULL-mode -> sending REFR_REQUEST
[LVGLdbg2] REFR_REQUEST recv, refr_timer=0x3ffc68dc paused=0
[LVGLdbg2] REFR_REQUEST recv, refr_timer=0x3ffc68dc paused=0
[Watchdog] step=mqtt.loop loopIterations=1147835 (+15664) freeHeap=71160 minFreeHeap=59604
[LVGLdbg2] invalidate_area FULL-mode -> sending REFR_REQUEST
[LVGLdbg2] REFR_REQUEST recv, refr_timer=0x3ffc68dc paused=0
[LVGLdbg2] REFR_REQUEST recv, refr_timer=0x3ffc68dc paused=0
[LVGLdbg2] invalidate_area FULL-mode -> sending REFR_REQUEST
[LVGLdbg2] REFR_REQUEST recv, refr_timer=0x3ffc68dc paused=0
[LVGLdbg2] REFR_REQUEST recv, refr_timer=0x3ffc68dc paused=0
[LVGLdbg2] invalidate_area FULL-mode -> sending REFR_REQUEST
[LVGLdbg2] REFR_REQUEST recv, refr_timer=0x3ffc68dc paused=0
[LVGLdbg2] REFR_REQUEST recv, refr_timer=0x3ffc68dc paused=0
[LVGLdbg2] invalidate_area FULL-mode -> sending REFR_REQUEST
[LVGLdbg2] REFR_REQUEST recv, refr_timer=0x3ffc68dc paused=0
[LVGLdbg2] REFR_REQUEST recv, refr_timer=0x3ffc68dc paused=0
[Watchdog] step=mqtt.loop loopIterations=1163493 (+15655) freeHeap=71160 minFreeHeap=59604
[LVGLdbg2] invalidate_area FULL-mode -> sending REFR_REQUEST
[LVGLdbg2] REFR_REQUEST recv, refr_timer=0x3ffc68dc paused=0
[LVGLdbg2] REFR_REQUEST recv, refr_timer=0x3ffc68dc paused=0
[LVGLdbg2] invalidate_area FULL-mode -> sending REFR_REQUEST
[LVGLdbg2] REFR_REQUEST recv, refr_timer=0x3ffc68dc paused=0
[LVGLdbg2] REFR_REQUEST recv, refr_timer=0x3ffc68dc paused=0
[LVGLdbg2] invalidate_area FULL-mode -> sending REFR_REQUEST
[LVGLdbg2] REFR_REQUEST recv, refr_timer=0x3ffc68dc paused=0
[LVGLdbg2] REFR_REQUEST recv, refr_timer=0x3ffc68dc paused=0
[LVGLdbg2] invalidate_area FULL-mode -> sending REFR_REQUEST
[LVGLdbg2] REFR_REQUEST recv, refr_timer=0x3ffc68dc paused=0
[LVGLdbg2] REFR_REQUEST recv, refr_timer=0x3ffc68dc paused=0
[Watchdog] step=lv_timer_handler loopIterations=1179149 (+15653) freeHeap=71160 minFreeHeap=59604
[LVGLdbg2] invalidate_area FULL-mode -> sending REFR_REQUEST
[LVGLdbg2] REFR_REQUEST recv, refr_timer=0x3ffc68dc paused=0
[LVGLdbg2] REFR_REQUEST recv, refr_timer=0x3ffc68dc paused=0
[LVGLdbg2] invalidate_area FULL-mode -> sending REFR_REQUEST
[LVGLdbg2] REFR_REQUEST recv, refr_timer=0x3ffc68dc paused=0
[LVGLdbg2] REFR_REQUEST recv, refr_timer=0x3ffc68dc paused=0
[LVGLdbg2] invalidate_area FULL-mode -> sending REFR_REQUEST
[LVGLdbg2] REFR_REQUEST recv, refr_timer=0x3ffc68dc paused=0
[LVGLdbg2] REFR_REQUEST recv, refr_timer=0x3ffc68dc paused=0
[LVGLdbg2] invalidate_area FULL-mode -> sending REFR_REQUEST
[LVGLdbg2] REFR_REQUEST recv, refr_timer=0x3ffc68dc paused=0
[LVGLdbg2] REFR_REQUEST recv, refr_timer=0x3ffc68dc paused=0
[Watchdog] step=mqtt.loop loopIterations=1194819 (+15667) freeHeap=71160 minFreeHeap=59604
[LVGLdbg2] invalidate_area FULL-mode -> sending REFR_REQUEST
[LVGLdbg2] REFR_REQUEST recv, refr_timer=0x3ffc68dc paused=0
[LVGLdbg2] REFR_REQUEST recv, refr_timer=0x3ffc68dc paused=0
[LVGLdbg2] invalidate_area FULL-mode -> sending REFR_REQUEST
[LVGLdbg2] REFR_REQUEST recv, refr_timer=0x3ffc68dc paused=0
[LVGLdbg2] REFR_REQUEST recv, refr_timer=0x3ffc68dc paused=0
[LVGLdbg2] invalidate_area FULL-mode -> sending REFR_REQUEST
[LVGLdbg2] REFR_REQUEST recv, refr_timer=0x3ffc68dc paused=0
[LVGLdbg2] REFR_REQUEST recv, refr_timer=0x3ffc68dc paused=0
[LVGLdbg2] invalidate_area FULL-mode -> sending REFR_REQUEST
[LVGLdbg2] REFR_REQUEST recv, refr_timer=0x3ffc68dc paused=0
[LVGLdbg2] REFR_REQUEST recv, refr_timer=0x3ffc68dc paused=0
[Watchdog] step=mqtt.loop loopIterations=1210483 (+15661) freeHeap=71160 minFreeHeap=59604
[LVGLdbg2] invalidate_area FULL-mode -> sending REFR_REQUEST
[LVGLdbg2] REFR_REQUEST recv, refr_timer=0x3ffc68dc paused=0
[LVGLdbg2] REFR_REQUEST recv, refr_timer=0x3ffc68dc paused=0
[LVGLdbg2] invalidate_area FULL-mode -> sending REFR_REQUEST
[LVGLdbg2] REFR_REQUEST recv, refr_timer=0x3ffc68dc paused=0
[LVGLdbg2] REFR_REQUEST recv, refr_timer=0x3ffc68dc paused=0
[LVGLdbg2] invalidate_area FULL-mode -> sending REFR_REQUEST
[LVGLdbg2] REFR_REQUEST recv, refr_timer=0x3ffc68dc paused=0
[LVGLdbg2] REFR_REQUEST recv, refr_timer=0x3ffc68dc paused=0
[LVGLdbg2] invalidate_area FULL-mode -> sending REFR_REQUEST
[LVGLdbg2] REFR_REQUEST recv, refr_timer=0x3ffc68dc paused=0
[LVGLdbg2] REFR_REQUEST recv, refr_timer=0x3ffc68dc paused=0
[Watchdog] step=mqtt.loop loopIterations=1226148 (+15662) freeHeap=71160 minFreeHeap=59604
[LVGLdbg2] invalidate_area FULL-mode -> sending REFR_REQUEST
[LVGLdbg2] REFR_REQUEST recv, refr_timer=0x3ffc68dc paused=0
[LVGLdbg2] REFR_REQUEST recv, refr_timer=0x3ffc68dc paused=0
[LVGLdbg2] invalidate_area FULL-mode -> sending REFR_REQUEST
[LVGLdbg2] REFR_REQUEST recv, refr_timer=0x3ffc68dc paused=0
[LVGLdbg2] REFR_REQUEST recv, refr_timer=0x3ffc68dc paused=0
[LVGLdbg2] invalidate_area FULL-mode -> sending REFR_REQUEST
[LVGLdbg2] REFR_REQUEST recv, refr_timer=0x3ffc68dc paused=0
[LVGLdbg2] REFR_REQUEST recv, refr_timer=0x3ffc68dc paused=0
[LVGLdbg2] invalidate_area FULL-mode -> sending REFR_REQUEST
[LVGLdbg2] REFR_REQUEST recv, refr_timer=0x3ffc68dc paused=0
[LVGLdbg2] REFR_REQUEST recv, refr_timer=0x3ffc68dc paused=0
[Watchdog] step=peripheralManager.loop loopIterations=1241807 (+15656) freeHeap=71160 minFreeHeap=59604
[LVGLdbg2] invalidate_area FULL-mode -> sending REFR_REQUEST
[LVGLdbg2] REFR_REQUEST recv, refr_timer=0x3ffc68dc paused=0
[LVGLdbg2] REFR_REQUEST recv, refr_timer=0x3ffc68dc paused=0
[LVGLdbg2] invalidate_area FULL-mode -> sending REFR_REQUEST
[LVGLdbg2] REFR_REQUEST recv, refr_timer=0x3ffc68dc paused=0
[LVGLdbg2] REFR_REQUEST recv, refr_timer=0x3ffc68dc paused=0
[LVGLdbg2] invalidate_area FULL-mode -> sending REFR_REQUEST
[LVGLdbg2] REFR_REQUEST recv, refr_timer=0x3ffc68dc paused=0
[LVGLdbg2] REFR_REQUEST recv, refr_timer=0x3ffc68dc paused=0
[LVGLdbg2] invalidate_area FULL-mode -> sending REFR_REQUEST
[LVGLdbg2] REFR_REQUEST recv, refr_timer=0x3ffc68dc paused=0
[LVGLdbg2] REFR_REQUEST recv, refr_timer=0x3ffc68dc paused=0
[Watchdog] step=mqtt.loop loopIterations=1257473 (+15663) freeHeap=71160 minFreeHeap=59604
[LVGLdbg2] invalidate_area FULL-mode -> sending REFR_REQUEST
[LVGLdbg2] REFR_REQUEST recv, refr_timer=0x3ffc68dc paused=0
[LVGLdbg2] REFR_REQUEST recv, refr_timer=0x3ffc68dc paused=0
[LVGLdbg2] invalidate_area FULL-mode -> sending REFR_REQUEST
[LVGLdbg2] REFR_REQUEST recv, refr_timer=0x3ffc68dc paused=0
[LVGLdbg2] REFR_REQUEST recv, refr_timer=0x3ffc68dc paused=0
[LVGLdbg2] invalidate_area FULL-mode -> sending REFR_REQUEST
[LVGLdbg2] REFR_REQUEST recv, refr_timer=0x3ffc68dc paused=0
[LVGLdbg2] REFR_REQUEST recv, refr_timer=0x3ffc68dc paused=0
[LVGLdbg2] invalidate_area FULL-mode -> sending REFR_REQUEST
[LVGLdbg2] REFR_REQUEST recv, refr_timer=0x3ffc68dc paused=0
[LVGLdbg2] REFR_REQUEST recv, refr_timer=0x3ffc68dc paused=0
[Watchdog] step=mqtt.loop loopIterations=1273134 (+15658) freeHeap=71160 minFreeHeap=59604
[LVGLdbg2] invalidate_area FULL-mode -> sending REFR_REQUEST
[LVGLdbg2] REFR_REQUEST recv, refr_timer=0x3ffc68dc paused=0
[LVGLdbg2] REFR_REQUEST recv, refr_timer=0x3ffc68dc paused=0
[LVGLdbg2] invalidate_area FULL-mode -> sending REFR_REQUEST
[LVGLdbg2] REFR_REQUEST recv, refr_timer=0x3ffc68dc paused=0
[LVGLdbg2] REFR_REQUEST recv, refr_timer=0x3ffc68dc paused=0
[LVGLdbg2] invalidate_area FULL-mode -> sending REFR_REQUEST
[LVGLdbg2] REFR_REQUEST recv, refr_timer=0x3ffc68dc paused=0
[LVGLdbg2] REFR_REQUEST recv, refr_timer=0x3ffc68dc paused=0
[LVGLdbg2] invalidate_area FULL-mode -> sending REFR_REQUEST
[LVGLdbg2] REFR_REQUEST recv, refr_timer=0x3ffc68dc paused=0
[LVGLdbg2] REFR_REQUEST recv, refr_timer=0x3ffc68dc paused=0
[Watchdog] step=mqtt.loop loopIterations=1288799 (+15662) freeHeap=71160 minFreeHeap=59604
[LVGLdbg2] invalidate_area FULL-mode -> sending REFR_REQUEST
[LVGLdbg2] REFR_REQUEST recv, refr_timer=0x3ffc68dc paused=0
[LVGLdbg2] REFR_REQUEST recv, refr_timer=0x3ffc68dc paused=0
[LVGLdbg2] invalidate_area FULL-mode -> sending REFR_REQUEST
[LVGLdbg2] REFR_REQUEST recv, refr_timer=0x3ffc68dc paused=0
[LVGLdbg2] REFR_REQUEST recv, refr_timer=0x3ffc68dc paused=0
[LVGLdbg2] invalidate_area FULL-mode -> sending REFR_REQUEST
[LVGLdbg2] REFR_REQUEST recv, refr_timer=0x3ffc68dc paused=0
[LVGLdbg2] REFR_REQUEST recv, refr_timer=0x3ffc68dc paused=0
[LVGLdbg2] invalidate_area FULL-mode -> sending REFR_REQUEST
[LVGLdbg2] REFR_REQUEST recv, refr_timer=0x3ffc68dc paused=0
[LVGLdbg2] REFR_REQUEST recv, refr_timer=0x3ffc68dc paused=0
[Watchdog] step=wifi.loop loopIterations=1304459 (+15657) freeHeap=71160 minFreeHeap=59604
[LVGLdbg2] invalidate_area FULL-mode -> sending REFR_REQUEST
[LVGLdbg2] REFR_REQUEST recv, refr_timer=0x3ffc68dc paused=0
[LVGLdbg2] REFR_REQUEST recv, refr_timer=0x3ffc68dc paused=0
[LVGLdbg2] invalidate_area FULL-mode -> sending REFR_REQUEST
[LVGLdbg2] REFR_REQUEST recv, refr_timer=0x3ffc68dc paused=0
[LVGLdbg2] REFR_REQUEST recv, refr_timer=0x3ffc68dc paused=0
[LVGLdbg2] invalidate_area FULL-mode -> sending REFR_REQUEST
[LVGLdbg2] REFR_REQUEST recv, refr_timer=0x3ffc68dc paused=0
[LVGLdbg2] REFR_REQUEST recv, refr_timer=0x3ffc68dc paused=0
[LVGLdbg2] invalidate_area FULL-mode -> sending REFR_REQUEST
[LVGLdbg2] REFR_REQUEST recv, refr_timer=0x3ffc68dc paused=0
[LVGLdbg2] REFR_REQUEST recv, refr_timer=0x3ffc68dc paused=0
[Watchdog] step=mqtt.loop loopIterations=1320121 (+15659) freeHeap=71160 minFreeHeap=59604
[LVGLdbg2] invalidate_area FULL-mode -> sending REFR_REQUEST
[LVGLdbg2] REFR_REQUEST recv, refr_timer=0x3ffc68dc paused=0
[LVGLdbg2] REFR_REQUEST recv, refr_timer=0x3ffc68dc paused=0
[LVGLdbg2] invalidate_area FULL-mode -> sending REFR_REQUEST
[LVGLdbg2] REFR_REQUEST recv, refr_timer=0x3ffc68dc paused=0
[LVGLdbg2] REFR_REQUEST recv, refr_timer=0x3ffc68dc paused=0
[LVGLdbg2] invalidate_area FULL-mode -> sending REFR_REQUEST
[LVGLdbg2] REFR_REQUEST recv, refr_timer=0x3ffc68dc paused=0
[LVGLdbg2] REFR_REQUEST recv, refr_timer=0x3ffc68dc paused=0
[LVGLdbg2] invalidate_area FULL-mode -> sending REFR_REQUEST
[LVGLdbg2] REFR_REQUEST recv, refr_timer=0x3ffc68dc paused=0
[LVGLdbg2] REFR_REQUEST recv, refr_timer=0x3ffc68dc paused=0
[Watchdog] step=mqtt.loop loopIterations=1335793 (+15669) freeHeap=71160 minFreeHeap=59604
[LVGLdbg2] invalidate_area FULL-mode -> sending REFR_REQUEST
[LVGLdbg2] REFR_REQUEST recv, refr_timer=0x3ffc68dc paused=0
[LVGLdbg2] REFR_REQUEST recv, refr_timer=0x3ffc68dc paused=0
[LVGLdbg2] invalidate_area FULL-mode -> sending REFR_REQUEST
[LVGLdbg2] REFR_REQUEST recv, refr_timer=0x3ffc68dc paused=0
[LVGLdbg2] REFR_REQUEST recv, refr_timer=0x3ffc68dc paused=0
[LVGLdbg2] invalidate_area FULL-mode -> sending REFR_REQUEST
[LVGLdbg2] REFR_REQUEST recv, refr_timer=0x3ffc68dc paused=0
[LVGLdbg2] REFR_REQUEST recv, refr_timer=0x3ffc68dc paused=0
[LVGLdbg2] invalidate_area FULL-mode -> sending REFR_REQUEST
[LVGLdbg2] REFR_REQUEST recv, refr_timer=0x3ffc68dc paused=0
[LVGLdbg2] REFR_REQUEST recv, refr_timer=0x3ffc68dc paused=0
[Watchdog] step=mqtt.loop loopIterations=1351466 (+15671) freeHeap=71160 minFreeHeap=59604
[LVGLdbg2] invalidate_area FULL-mode -> sending REFR_REQUEST
[LVGLdbg2] REFR_REQUEST recv, refr_timer=0x3ffc68dc paused=0
[LVGLdbg2] REFR_REQUEST recv, refr_timer=0x3ffc68dc paused=0
[LVGLdbg2] invalidate_area FULL-mode -> sending REFR_REQUEST
[LVGLdbg2] REFR_REQUEST recv, refr_timer=0x3ffc68dc paused=0
[LVGLdbg2] REFR_REQUEST recv, refr_timer=0x3ffc68dc paused=0
[LVGLdbg2] invalidate_area FULL-mode -> sending REFR_REQUEST
[LVGLdbg2] REFR_REQUEST recv, refr_timer=0x3ffc68dc paused=0
[LVGLdbg2] REFR_REQUEST recv, refr_timer=0x3ffc68dc paused=0
[LVGLdbg2] invalidate_area FULL-mode -> sending REFR_REQUEST
[LVGLdbg2] REFR_REQUEST recv, refr_timer=0x3ffc68dc paused=0
[LVGLdbg2] REFR_REQUEST recv, refr_timer=0x3ffc68dc paused=0
[Watchdog] step=mqtt.loop loopIterations=1367124 (+15655) freeHeap=71160 minFreeHeap=59604
[LVGLdbg2] invalidate_area FULL-mode -> sending REFR_REQUEST
[LVGLdbg2] REFR_REQUEST recv, refr_timer=0x3ffc68dc paused=0
[LVGLdbg2] REFR_REQUEST recv, refr_timer=0x3ffc68dc paused=0
[LVGLdbg2] invalidate_area FULL-mode -> sending REFR_REQUEST
[LVGLdbg2] REFR_REQUEST recv, refr_timer=0x3ffc68dc paused=0
[LVGLdbg2] REFR_REQUEST recv, refr_timer=0x3ffc68dc paused=0
[LVGLdbg2] invalidate_area FULL-mode -> sending REFR_REQUEST
[LVGLdbg2] REFR_REQUEST recv, refr_timer=0x3ffc68dc paused=0
[LVGLdbg2] REFR_REQUEST recv, refr_timer=0x3ffc68dc paused=0
[LVGLdbg2] invalidate_area FULL-mode -> sending REFR_REQUEST
[LVGLdbg2] REFR_REQUEST recv, refr_timer=0x3ffc68dc paused=0
[LVGLdbg2] REFR_REQUEST recv, refr_timer=0x3ffc68dc paused=0
[Watchdog] step=M5.update loopIterations=1382788 (+15660) freeHeap=71160 minFreeHeap=59604
[LVGLdbg2] invalidate_area FULL-mode -> sending REFR_REQUEST
[LVGLdbg2] REFR_REQUEST recv, refr_timer=0x3ffc68dc paused=0
[LVGLdbg2] REFR_REQUEST recv, refr_timer=0x3ffc68dc paused=0
[LVGLdbg2] invalidate_area FULL-mode -> sending REFR_REQUEST
[LVGLdbg2] REFR_REQUEST recv, refr_timer=0x3ffc68dc paused=0
[LVGLdbg2] REFR_REQUEST recv, refr_timer=0x3ffc68dc paused=0
[LVGLdbg2] invalidate_area FULL-mode -> sending REFR_REQUEST
[LVGLdbg2] REFR_REQUEST recv, refr_timer=0x3ffc68dc paused=0
[LVGLdbg2] REFR_REQUEST recv, refr_timer=0x3ffc68dc paused=0
[LVGLdbg2] invalidate_area FULL-mode -> sending REFR_REQUEST
[LVGLdbg2] REFR_REQUEST recv, refr_timer=0x3ffc68dc paused=0
[LVGLdbg2] REFR_REQUEST recv, refr_timer=0x3ffc68dc paused=0
[Watchdog] step=mqtt.loop loopIterations=1398443 (+15652) freeHeap=71160 minFreeHeap=59604
[LVGLdbg2] invalidate_area FULL-mode -> sending REFR_REQUEST
[LVGLdbg2] REFR_REQUEST recv, refr_timer=0x3ffc68dc paused=0
[LVGLdbg2] REFR_REQUEST recv, refr_timer=0x3ffc68dc paused=0
[LVGLdbg2] invalidate_area FULL-mode -> sending REFR_REQUEST
[LVGLdbg2] REFR_REQUEST recv, refr_timer=0x3ffc68dc paused=0
[LVGLdbg2] REFR_REQUEST recv, refr_timer=0x3ffc68dc paused=0
[LVGLdbg2] invalidate_area FULL-mode -> sending REFR_REQUEST
[LVGLdbg2] REFR_REQUEST recv, refr_timer=0x3ffc68dc paused=0
[LVGLdbg2] REFR_REQUEST recv, refr_timer=0x3ffc68dc paused=0
[LVGLdbg2] invalidate_area FULL-mode -> sending REFR_REQUEST
[LVGLdbg2] REFR_REQUEST recv, refr_timer=0x3ffc68dc paused=0
[LVGLdbg2] REFR_REQUEST recv, refr_timer=0x3ffc68dc paused=0
[Watchdog] step=mqtt.loop loopIterations=1414108 (+15662) freeHeap=71160 minFreeHeap=59604
[LVGLdbg2] invalidate_area FULL-mode -> sending REFR_REQUEST
[LVGLdbg2] REFR_REQUEST recv, refr_timer=0x3ffc68dc paused=0
[LVGLdbg2] REFR_REQUEST recv, refr_timer=0x3ffc68dc paused=0
[LVGLdbg2] invalidate_area FULL-mode -> sending REFR_REQUEST
[LVGLdbg2] REFR_REQUEST recv, refr_timer=0x3ffc68dc paused=0
[LVGLdbg2] REFR_REQUEST recv, refr_timer=0x3ffc68dc paused=0
[LVGLdbg2] invalidate_area FULL-mode -> sending REFR_REQUEST
[LVGLdbg2] REFR_REQUEST recv, refr_timer=0x3ffc68dc paused=0
[LVGLdbg2] REFR_REQUEST recv, refr_timer=0x3ffc68dc paused=0
[LVGLdbg2] invalidate_area FULL-mode -> sending REFR_REQUEST
[LVGLdbg2] REFR_REQUEST recv, refr_timer=0x3ffc68dc paused=0
[LVGLdbg2] REFR_REQUEST recv, refr_timer=0x3ffc68dc paused=0
[Watchdog] step=mqtt.loop loopIterations=1429766 (+15655) freeHeap=70968 minFreeHeap=59604
[LVGLdbg2] invalidate_area FULL-mode -> sending REFR_REQUEST
[LVGLdbg2] REFR_REQUEST recv, refr_timer=0x3ffc68dc paused=0
[LVGLdbg2] REFR_REQUEST recv, refr_timer=0x3ffc68dc paused=0
[LVGLdbg2] invalidate_area FULL-mode -> sending REFR_REQUEST
[LVGLdbg2] REFR_REQUEST recv, refr_timer=0x3ffc68dc paused=0
[LVGLdbg2] REFR_REQUEST recv, refr_timer=0x3ffc68dc paused=0
[LVGLdbg2] invalidate_area FULL-mode -> sending REFR_REQUEST
[LVGLdbg2] REFR_REQUEST recv, refr_timer=0x3ffc68dc paused=0
[LVGLdbg2] REFR_REQUEST recv, refr_timer=0x3ffc68dc paused=0
[LVGLdbg2] invalidate_area FULL-mode -> sending REFR_REQUEST
[LVGLdbg2] REFR_REQUEST recv, refr_timer=0x3ffc68dc paused=0
[LVGLdbg2] REFR_REQUEST recv, refr_timer=0x3ffc68dc paused=0
[Watchdog] step=mqtt.loop loopIterations=1445425 (+15655) freeHeap=71160 minFreeHeap=59604
[LVGLdbg2] invalidate_area FULL-mode -> sending REFR_REQUEST
[LVGLdbg2] REFR_REQUEST recv, refr_timer=0x3ffc68dc paused=0
[LVGLdbg2] REFR_REQUEST recv, refr_timer=0x3ffc68dc paused=0
[LVGLdbg2] invalidate_area FULL-mode -> sending REFR_REQUEST
[LVGLdbg2] REFR_REQUEST recv, refr_timer=0x3ffc68dc paused=0
[LVGLdbg2] REFR_REQUEST recv, refr_timer=0x3ffc68dc paused=0
[LVGLdbg2] invalidate_area FULL-mode -> sending REFR_REQUEST
[LVGLdbg2] REFR_REQUEST recv, refr_timer=0x3ffc68dc paused=0
[LVGLdbg2] REFR_REQUEST recv, refr_timer=0x3ffc68dc paused=0
[LVGLdbg2] invalidate_area FULL-mode -> sending REFR_REQUEST
[LVGLdbg2] REFR_REQUEST recv, refr_timer=0x3ffc68dc paused=0
[LVGLdbg2] REFR_REQUEST recv, refr_timer=0x3ffc68dc paused=0
[Watchdog] step=mqtt.loop loopIterations=1461085 (+15656) freeHeap=71160 minFreeHeap=59604
[LVGLdbg2] invalidate_area FULL-mode -> sending REFR_REQUEST
[LVGLdbg2] REFR_REQUEST recv, refr_timer=0x3ffc68dc paused=0
[LVGLdbg2] REFR_REQUEST recv, refr_timer=0x3ffc68dc paused=0
[LVGLdbg2] invalidate_area FULL-mode -> sending REFR_REQUEST
[LVGLdbg2] REFR_REQUEST recv, refr_timer=0x3ffc68dc paused=0
[LVGLdbg2] REFR_REQUEST recv, refr_timer=0x3ffc68dc paused=0
[LVGLdbg2] invalidate_area FULL-mode -> sending REFR_REQUEST
[LVGLdbg2] REFR_REQUEST recv, refr_timer=0x3ffc68dc paused=0
[LVGLdbg2] REFR_REQUEST recv, refr_timer=0x3ffc68dc paused=0
[LVGLdbg2] invalidate_area FULL-mode -> sending REFR_REQUEST
[LVGLdbg2] REFR_REQUEST recv, refr_timer=0x3ffc68dc paused=0
[LVGLdbg2] REFR_REQUEST recv, refr_timer=0x3ffc68dc paused=0
[Watchdog] step=mqtt.loop loopIterations=1476747 (+15659) freeHeap=71160 minFreeHeap=59604
[LVGLdbg2] invalidate_area FULL-mode -> sending REFR_REQUEST
[LVGLdbg2] REFR_REQUEST recv, refr_timer=0x3ffc68dc paused=0
[LVGLdbg2] REFR_REQUEST recv, refr_timer=0x3ffc68dc paused=0
[LVGLdbg2] invalidate_area FULL-mode -> sending REFR_REQUEST
[LVGLdbg2] REFR_REQUEST recv, refr_timer=0x3ffc68dc paused=0
[LVGLdbg2] REFR_REQUEST recv, refr_timer=0x3ffc68dc paused=0
[LVGLdbg2] invalidate_area FULL-mode -> sending REFR_REQUEST
[LVGLdbg2] REFR_REQUEST recv, refr_timer=0x3ffc68dc paused=0
[LVGLdbg2] REFR_REQUEST recv, refr_timer=0x3ffc68dc paused=0
[LVGLdbg2] invalidate_area FULL-mode -> sending REFR_REQUEST
[LVGLdbg2] REFR_REQUEST recv, refr_timer=0x3ffc68dc paused=0
[LVGLdbg2] REFR_REQUEST recv, refr_timer=0x3ffc68dc paused=0
[Watchdog] step=mqtt.loop loopIterations=1492377 (+15627) freeHeap=71160 minFreeHeap=59604
[LVGLdbg2] invalidate_area FULL-mode -> sending REFR_REQUEST
[LVGLdbg2] REFR_REQUEST recv, refr_timer=0x3ffc68dc paused=0
[LVGLdbg2] REFR_REQUEST recv, refr_timer=0x3ffc68dc paused=0
[LVGLdbg2] invalidate_area FULL-mode -> sending REFR_REQUEST
[LVGLdbg2] REFR_REQUEST recv, refr_timer=0x3ffc68dc paused=0
[LVGLdbg2] REFR_REQUEST recv, refr_timer=0x3ffc68dc paused=0
[LVGLdbg2] invalidate_area FULL-mode -> sending REFR_REQUEST
[LVGLdbg2] REFR_REQUEST recv, refr_timer=0x3ffc68dc paused=0
[LVGLdbg2] REFR_REQUEST recv, refr_timer=0x3ffc68dc paused=0
[LVGLdbg2] invalidate_area FULL-mode -> sending REFR_REQUEST
[LVGLdbg2] REFR_REQUEST recv, refr_timer=0x3ffc68dc paused=0
[LVGLdbg2] REFR_REQUEST recv, refr_timer=0x3ffc68dc paused=0
[Watchdog] step=lv_timer_handler loopIterations=1508035 (+15653) freeHeap=71160 minFreeHeap=59604
[LVGLdbg2] invalidate_area FULL-mode -> sending REFR_REQUEST
[LVGLdbg2] REFR_REQUEST recv, refr_timer=0x3ffc68dc paused=0
[LVGLdbg2] REFR_REQUEST recv, refr_timer=0x3ffc68dc paused=0
[LVGLdbg2] invalidate_area FULL-mode -> sending REFR_REQUEST
[LVGLdbg2] REFR_REQUEST recv, refr_timer=0x3ffc68dc paused=0
[LVGLdbg2] REFR_REQUEST recv, refr_timer=0x3ffc68dc paused=0
[LVGLdbg2] invalidate_area FULL-mode -> sending REFR_REQUEST
[LVGLdbg2] REFR_REQUEST recv, refr_timer=0x3ffc68dc paused=0
[LVGLdbg2] REFR_REQUEST recv, refr_timer=0x3ffc68dc paused=0
[LVGLdbg2] invalidate_area FULL-mode -> sending REFR_REQUEST
[LVGLdbg2] REFR_REQUEST recv, refr_timer=0x3ffc68dc paused=0
[LVGLdbg2] REFR_REQUEST recv, refr_timer=0x3ffc68dc paused=0
[Watchdog] step=mqtt.loop loopIterations=1523704 (+15666) freeHeap=71160 minFreeHeap=59604
[LVGLdbg2] invalidate_area FULL-mode -> sending REFR_REQUEST
[LVGLdbg2] REFR_REQUEST recv, refr_timer=0x3ffc68dc paused=0
[LVGLdbg2] REFR_REQUEST recv, refr_timer=0x3ffc68dc paused=0
[LVGLdbg2] invalidate_area FULL-mode -> sending REFR_REQUEST
[LVGLdbg2] REFR_REQUEST recv, refr_timer=0x3ffc68dc paused=0
[LVGLdbg2] REFR_REQUEST recv, refr_timer=0x3ffc68dc paused=0
[LVGLdbg2] invalidate_area FULL-mode -> sending REFR_REQUEST
[LVGLdbg2] REFR_REQUEST recv, refr_timer=0x3ffc68dc paused=0
[LVGLdbg2] REFR_REQUEST recv, refr_timer=0x3ffc68dc paused=0
[LVGLdbg2] invalidate_area FULL-mode -> sending REFR_REQUEST
[LVGLdbg2] REFR_REQUEST recv, refr_timer=0x3ffc68dc paused=0
[LVGLdbg2] REFR_REQUEST recv, refr_timer=0x3ffc68dc paused=0
[Watchdog] step=peripheralManager.loop loopIterations=1539371 (+15663) freeHeap=71160 minFreeHeap=59604
[LVGLdbg2] invalidate_area FULL-mode -> sending REFR_REQUEST
[LVGLdbg2] REFR_REQUEST recv, refr_timer=0x3ffc68dc paused=0
[LVGLdbg2] REFR_REQUEST recv, refr_timer=0x3ffc68dc paused=0
[LVGLdbg2] invalidate_area FULL-mode -> sending REFR_REQUEST
[LVGLdbg2] REFR_REQUEST recv, refr_timer=0x3ffc68dc paused=0
[LVGLdbg2] REFR_REQUEST recv, refr_timer=0x3ffc68dc paused=0
[LVGLdbg2] invalidate_area FULL-mode -> sending REFR_REQUEST
[LVGLdbg2] REFR_REQUEST recv, refr_timer=0x3ffc68dc paused=0
[LVGLdbg2] REFR_REQUEST recv, refr_timer=0x3ffc68dc paused=0
[LVGLdbg2] invalidate_area FULL-mode -> sending REFR_REQUEST
[LVGLdbg2] REFR_REQUEST recv, refr_timer=0x3ffc68dc paused=0
[LVGLdbg2] REFR_REQUEST recv, refr_timer=0x3ffc68dc paused=0
[Watchdog] step=mqtt.loop loopIterations=1555035 (+15660) freeHeap=71160 minFreeHeap=59604
[LVGLdbg2] invalidate_area FULL-mode -> sending REFR_REQUEST
[LVGLdbg2] REFR_REQUEST recv, refr_timer=0x3ffc68dc paused=0
[LVGLdbg2] REFR_REQUEST recv, refr_timer=0x3ffc68dc paused=0
[LVGLdbg2] invalidate_area FULL-mode -> sending REFR_REQUEST
[LVGLdbg2] REFR_REQUEST recv, refr_timer=0x3ffc68dc paused=0
[LVGLdbg2] REFR_REQUEST recv, refr_timer=0x3ffc68dc paused=0
[LVGLdbg2] invalidate_area FULL-mode -> sending REFR_REQUEST
[LVGLdbg2] REFR_REQUEST recv, refr_timer=0x3ffc68dc paused=0
[LVGLdbg2] REFR_REQUEST recv, refr_timer=0x3ffc68dc paused=0
[LVGLdbg2] invalidate_area FULL-mode -> sending REFR_REQUEST
[LVGLdbg2] REFR_REQUEST recv, refr_timer=0x3ffc68dc paused=0
[LVGLdbg2] REFR_REQUEST recv, refr_timer=0x3ffc68dc paused=0
[Watchdog] step=mqtt.loop loopIterations=1570695 (+15657) freeHeap=71160 minFreeHeap=59604
[LVGLdbg2] invalidate_area FULL-mode -> sending REFR_REQUEST
[LVGLdbg2] REFR_REQUEST recv, refr_timer=0x3ffc68dc paused=0
[LVGLdbg2] REFR_REQUEST recv, refr_timer=0x3ffc68dc paused=0
[LVGLdbg2] invalidate_area FULL-mode -> sending REFR_REQUEST
[LVGLdbg2] REFR_REQUEST recv, refr_timer=0x3ffc68dc paused=0
[LVGLdbg2] REFR_REQUEST recv, refr_timer=0x3ffc68dc paused=0
[LVGLdbg2] invalidate_area FULL-mode -> sending REFR_REQUEST
[LVGLdbg2] REFR_REQUEST recv, refr_timer=0x3ffc68dc paused=0
[LVGLdbg2] REFR_REQUEST recv, refr_timer=0x3ffc68dc paused=0
[LVGLdbg2] invalidate_area FULL-mode -> sending REFR_REQUEST
[LVGLdbg2] REFR_REQUEST recv, refr_timer=0x3ffc68dc paused=0
[LVGLdbg2] REFR_REQUEST recv, refr_timer=0x3ffc68dc paused=0
[Watchdog] step=mqtt.loop loopIterations=1586358 (+15660) freeHeap=71160 minFreeHeap=59604
[LVGLdbg2] invalidate_area FULL-mode -> sending REFR_REQUEST
[LVGLdbg2] REFR_REQUEST recv, refr_timer=0x3ffc68dc paused=0
[LVGLdbg2] REFR_REQUEST recv, refr_timer=0x3ffc68dc paused=0
[LVGLdbg2] invalidate_area FULL-mode -> sending REFR_REQUEST
[LVGLdbg2] REFR_REQUEST recv, refr_timer=0x3ffc68dc paused=0
[LVGLdbg2] REFR_REQUEST recv, refr_timer=0x3ffc68dc paused=0
[LVGLdbg2] invalidate_area FULL-mode -> sending REFR_REQUEST
[LVGLdbg2] REFR_REQUEST recv, refr_timer=0x3ffc68dc paused=0
[LVGLdbg2] REFR_REQUEST recv, refr_timer=0x3ffc68dc paused=0
[LVGLdbg2] invalidate_area FULL-mode -> sending REFR_REQUEST
[LVGLdbg2] REFR_REQUEST recv, refr_timer=0x3ffc68dc paused=0
[LVGLdbg2] REFR_REQUEST recv, refr_timer=0x3ffc68dc paused=0
[Watchdog] step=mqtt.loop loopIterations=1602021 (+15660) freeHeap=71160 minFreeHeap=59604
[LVGLdbg2] invalidate_area FULL-mode -> sending REFR_REQUEST
[LVGLdbg2] REFR_REQUEST recv, refr_timer=0x3ffc68dc paused=0
[LVGLdbg2] REFR_REQUEST recv, refr_timer=0x3ffc68dc paused=0
[LVGLdbg2] invalidate_area FULL-mode -> sending REFR_REQUEST
[LVGLdbg2] REFR_REQUEST recv, refr_timer=0x3ffc68dc paused=0
[LVGLdbg2] REFR_REQUEST recv, refr_timer=0x3ffc68dc paused=0
[LVGLdbg2] invalidate_area FULL-mode -> sending REFR_REQUEST
[LVGLdbg2] REFR_REQUEST recv, refr_timer=0x3ffc68dc paused=0
[LVGLdbg2] REFR_REQUEST recv, refr_timer=0x3ffc68dc paused=0
[LVGLdbg2] invalidate_area FULL-mode -> sending REFR_REQUEST
[LVGLdbg2] REFR_REQUEST recv, refr_timer=0x3ffc68dc paused=0
[LVGLdbg2] REFR_REQUEST recv, refr_timer=0x3ffc68dc paused=0
[Watchdog] step=lv_timer_handler loopIterations=1617683 (+15659) freeHeap=71160 minFreeHeap=59604
[LVGLdbg2] invalidate_area FULL-mode -> sending REFR_REQUEST
[LVGLdbg2] REFR_REQUEST recv, refr_timer=0x3ffc68dc paused=0
[LVGLdbg2] REFR_REQUEST recv, refr_timer=0x3ffc68dc paused=0
[LVGLdbg2] invalidate_area FULL-mode -> sending REFR_REQUEST
[LVGLdbg2] REFR_REQUEST recv, refr_timer=0x3ffc68dc paused=0
[LVGLdbg2] REFR_REQUEST recv, refr_timer=0x3ffc68dc paused=0
[LVGLdbg2] invalidate_area FULL-mode -> sending REFR_REQUEST
[LVGLdbg2] REFR_REQUEST recv, refr_timer=0x3ffc68dc paused=0
[LVGLdbg2] REFR_REQUEST recv, refr_timer=0x3ffc68dc paused=0
[LVGLdbg2] invalidate_area FULL-mode -> sending REFR_REQUEST
[LVGLdbg2] REFR_REQUEST recv, refr_timer=0x3ffc68dc paused=0
[LVGLdbg2] REFR_REQUEST recv, refr_timer=0x3ffc68dc paused=0
[Watchdog] step=lv_timer_handler loopIterations=1633347 (+15661) freeHeap=71160 minFreeHeap=59604
[LVGLdbg2] invalidate_area FULL-mode -> sending REFR_REQUEST
[LVGLdbg2] REFR_REQUEST recv, refr_timer=0x3ffc68dc paused=0
[LVGLdbg2] REFR_REQUEST recv, refr_timer=0x3ffc68dc paused=0
[LVGLdbg2] invalidate_area FULL-mode -> sending REFR_REQUEST
[LVGLdbg2] REFR_REQUEST recv, refr_timer=0x3ffc68dc paused=0
[LVGLdbg2] REFR_REQUEST recv, refr_timer=0x3ffc68dc paused=0
[LVGLdbg2] invalidate_area FULL-mode -> sending REFR_REQUEST
[LVGLdbg2] REFR_REQUEST recv, refr_timer=0x3ffc68dc paused=0
[LVGLdbg2] REFR_REQUEST recv, refr_timer=0x3ffc68dc paused=0
[LVGLdbg2] invalidate_area FULL-mode -> sending REFR_REQUEST
[LVGLdbg2] REFR_REQUEST recv, refr_timer=0x3ffc68dc paused=0
[LVGLdbg2] REFR_REQUEST recv, refr_timer=0x3ffc68dc paused=0
[Watchdog] step=mqtt.loop loopIterations=1649009 (+15659) freeHeap=71160 minFreeHeap=59604
[LVGLdbg2] invalidate_area FULL-mode -> sending REFR_REQUEST
[LVGLdbg2] REFR_REQUEST recv, refr_timer=0x3ffc68dc paused=0
[LVGLdbg2] REFR_REQUEST recv, refr_timer=0x3ffc68dc paused=0
[LVGLdbg2] invalidate_area FULL-mode -> sending REFR_REQUEST
[LVGLdbg2] REFR_REQUEST recv, refr_timer=0x3ffc68dc paused=0
[LVGLdbg2] REFR_REQUEST recv, refr_timer=0x3ffc68dc paused=0
[LVGLdbg2] invalidate_area FULL-mode -> sending REFR_REQUEST
[LVGLdbg2] REFR_REQUEST recv, refr_timer=0x3ffc68dc paused=0
[LVGLdbg2] REFR_REQUEST recv, refr_timer=0x3ffc68dc paused=0
[LVGLdbg2] invalidate_area FULL-mode -> sending REFR_REQUEST
[LVGLdbg2] REFR_REQUEST recv, refr_timer=0x3ffc68dc paused=0
[LVGLdbg2] REFR_REQUEST recv, refr_timer=0x3ffc68dc paused=0
[Watchdog] step=mqtt.loop loopIterations=1664671 (+15659) freeHeap=71160 minFreeHeap=59604
[LVGLdbg2] invalidate_area FULL-mode -> sending REFR_REQUEST
[LVGLdbg2] REFR_REQUEST recv, refr_timer=0x3ffc68dc paused=0
[LVGLdbg2] REFR_REQUEST recv, refr_timer=0x3ffc68dc paused=0
[LVGLdbg2] invalidate_area FULL-mode -> sending REFR_REQUEST
[LVGLdbg2] REFR_REQUEST recv, refr_timer=0x3ffc68dc paused=0
[LVGLdbg2] REFR_REQUEST recv, refr_timer=0x3ffc68dc paused=0
[LVGLdbg2] invalidate_area FULL-mode -> sending REFR_REQUEST
[LVGLdbg2] REFR_REQUEST recv, refr_timer=0x3ffc68dc paused=0
[LVGLdbg2] REFR_REQUEST recv, refr_timer=0x3ffc68dc paused=0
[LVGLdbg2] invalidate_area FULL-mode -> sending REFR_REQUEST
[LVGLdbg2] REFR_REQUEST recv, refr_timer=0x3ffc68dc paused=0
[LVGLdbg2] REFR_REQUEST recv, refr_timer=0x3ffc68dc paused=0
[Watchdog] step=mqtt.loop loopIterations=1680345 (+15671) freeHeap=71160 minFreeHeap=59604
[LVGLdbg2] invalidate_area FULL-mode -> sending REFR_REQUEST
[LVGLdbg2] REFR_REQUEST recv, refr_timer=0x3ffc68dc paused=0
[LVGLdbg2] REFR_REQUEST recv, refr_timer=0x3ffc68dc paused=0
[LVGLdbg2] invalidate_area FULL-mode -> sending REFR_REQUEST
[LVGLdbg2] REFR_REQUEST recv, refr_timer=0x3ffc68dc paused=0
[LVGLdbg2] REFR_REQUEST recv, refr_timer=0x3ffc68dc paused=0
[LVGLdbg2] invalidate_area FULL-mode -> sending REFR_REQUEST
[LVGLdbg2] REFR_REQUEST recv, refr_timer=0x3ffc68dc paused=0
[LVGLdbg2] REFR_REQUEST recv, refr_timer=0x3ffc68dc paused=0
[LVGLdbg2] invalidate_area FULL-mode -> sending REFR_REQUEST
[LVGLdbg2] REFR_REQUEST recv, refr_timer=0x3ffc68dc paused=0
[LVGLdbg2] REFR_REQUEST recv, refr_timer=0x3ffc68dc paused=0
[Watchdog] step=mqtt.loop loopIterations=1696011 (+15663) freeHeap=71160 minFreeHeap=59604
[LVGLdbg2] invalidate_area FULL-mode -> sending REFR_REQUEST
[LVGLdbg2] REFR_REQUEST recv, refr_timer=0x3ffc68dc paused=0
[LVGLdbg2] REFR_REQUEST recv, refr_timer=0x3ffc68dc paused=0
[LVGLdbg2] invalidate_area FULL-mode -> sending REFR_REQUEST
[LVGLdbg2] REFR_REQUEST recv, refr_timer=0x3ffc68dc paused=0
[LVGLdbg2] REFR_REQUEST recv, refr_timer=0x3ffc68dc paused=0
[LVGLdbg2] invalidate_area FULL-mode -> sending REFR_REQUEST
[LVGLdbg2] REFR_REQUEST recv, refr_timer=0x3ffc68dc paused=0
[LVGLdbg2] REFR_REQUEST recv, refr_timer=0x3ffc68dc paused=0
[LVGLdbg2] invalidate_area FULL-mode -> sending REFR_REQUEST
[LVGLdbg2] REFR_REQUEST recv, refr_timer=0x3ffc68dc paused=0
[LVGLdbg2] REFR_REQUEST recv, refr_timer=0x3ffc68dc paused=0
[Watchdog] step=mqtt.loop loopIterations=1711674 (+15660) freeHeap=71160 minFreeHeap=59604
[LVGLdbg2] invalidate_area FULL-mode -> sending REFR_REQUEST
[LVGLdbg2] REFR_REQUEST recv, refr_timer=0x3ffc68dc paused=0
[LVGLdbg2] REFR_REQUEST recv, refr_timer=0x3ffc68dc paused=0
[LVGLdbg2] invalidate_area FULL-mode -> sending REFR_REQUEST
[LVGLdbg2] REFR_REQUEST recv, refr_timer=0x3ffc68dc paused=0
[LVGLdbg2] REFR_REQUEST recv, refr_timer=0x3ffc68dc paused=0
[LVGLdbg2] invalidate_area FULL-mode -> sending REFR_REQUEST
[LVGLdbg2] REFR_REQUEST recv, refr_timer=0x3ffc68dc paused=0
[LVGLdbg2] REFR_REQUEST recv, refr_timer=0x3ffc68dc paused=0
[LVGLdbg2] invalidate_area FULL-mode -> sending REFR_REQUEST
[LVGLdbg2] REFR_REQUEST recv, refr_timer=0x3ffc68dc paused=0
[LVGLdbg2] REFR_REQUEST recv, refr_timer=0x3ffc68dc paused=0
[Watchdog] step=mqtt.loop loopIterations=1727334 (+15657) freeHeap=71160 minFreeHeap=59604
[LVGLdbg2] invalidate_area FULL-mode -> sending REFR_REQUEST
[LVGLdbg2] REFR_REQUEST recv, refr_timer=0x3ffc68dc paused=0
[LVGLdbg2] REFR_REQUEST recv, refr_timer=0x3ffc68dc paused=0
[LVGLdbg2] invalidate_area FULL-mode -> sending REFR_REQUEST
[LVGLdbg2] REFR_REQUEST recv, refr_timer=0x3ffc68dc paused=0
[LVGLdbg2] REFR_REQUEST recv, refr_timer=0x3ffc68dc paused=0
[LVGLdbg2] invalidate_area FULL-mode -> sending REFR_REQUEST
[LVGLdbg2] REFR_REQUEST recv, refr_timer=0x3ffc68dc paused=0
[LVGLdbg2] REFR_REQUEST recv, refr_timer=0x3ffc68dc paused=0
[LVGLdbg2] invalidate_area FULL-mode -> sending REFR_REQUEST
[LVGLdbg2] REFR_REQUEST recv, refr_timer=0x3ffc68dc paused=0
[LVGLdbg2] REFR_REQUEST recv, refr_timer=0x3ffc68dc paused=0
[Watchdog] step=wifi.loop loopIterations=1742995 (+15658) freeHeap=71160 minFreeHeap=59604
[LVGLdbg2] invalidate_area FULL-mode -> sending REFR_REQUEST
[LVGLdbg2] REFR_REQUEST recv, refr_timer=0x3ffc68dc paused=0
[LVGLdbg2] REFR_REQUEST recv, refr_timer=0x3ffc68dc paused=0
[LVGLdbg2] invalidate_area FULL-mode -> sending REFR_REQUEST
[LVGLdbg2] REFR_REQUEST recv, refr_timer=0x3ffc68dc paused=0
[LVGLdbg2] REFR_REQUEST recv, refr_timer=0x3ffc68dc paused=0
[LVGLdbg2] invalidate_area FULL-mode -> sending REFR_REQUEST
[LVGLdbg2] REFR_REQUEST recv, refr_timer=0x3ffc68dc paused=0
[LVGLdbg2] REFR_REQUEST recv, refr_timer=0x3ffc68dc paused=0
[LVGLdbg2] invalidate_area FULL-mode -> sending REFR_REQUEST
[LVGLdbg2] REFR_REQUEST recv, refr_timer=0x3ffc68dc paused=0
[LVGLdbg2] REFR_REQUEST recv, refr_timer=0x3ffc68dc paused=0
[Watchdog] step=M5.update loopIterations=1758657 (+15659) freeHeap=71160 minFreeHeap=59604
[LVGLdbg2] invalidate_area FULL-mode -> sending REFR_REQUEST
[LVGLdbg2] REFR_REQUEST recv, refr_timer=0x3ffc68dc paused=0
[LVGLdbg2] REFR_REQUEST recv, refr_timer=0x3ffc68dc paused=0
[LVGLdbg2] invalidate_area FULL-mode -> sending REFR_REQUEST
[LVGLdbg2] REFR_REQUEST recv, refr_timer=0x3ffc68dc paused=0
[LVGLdbg2] REFR_REQUEST recv, refr_timer=0x3ffc68dc paused=0
[LVGLdbg2] invalidate_area FULL-mode -> sending REFR_REQUEST
[LVGLdbg2] REFR_REQUEST recv, refr_timer=0x3ffc68dc paused=0
[LVGLdbg2] REFR_REQUEST recv, refr_timer=0x3ffc68dc paused=0
[LVGLdbg2] invalidate_area FULL-mode -> sending REFR_REQUEST
[LVGLdbg2] REFR_REQUEST recv, refr_timer=0x3ffc68dc paused=0
[LVGLdbg2] REFR_REQUEST recv, refr_timer=0x3ffc68dc paused=0
[Watchdog] step=lv_timer_handler loopIterations=1774321 (+15662) freeHeap=71160 minFreeHeap=59604
[LVGLdbg2] invalidate_area FULL-mode -> sending REFR_REQUEST
[LVGLdbg2] REFR_REQUEST recv, refr_timer=0x3ffc68dc paused=0
[LVGLdbg2] REFR_REQUEST recv, refr_timer=0x3ffc68dc paused=0
[LVGLdbg2] invalidate_area FULL-mode -> sending REFR_REQUEST
[LVGLdbg2] REFR_REQUEST recv, refr_timer=0x3ffc68dc paused=0
[LVGLdbg2] REFR_REQUEST recv, refr_timer=0x3ffc68dc paused=0
[LVGLdbg2] invalidate_area FULL-mode -> sending REFR_REQUEST
[LVGLdbg2] REFR_REQUEST recv, refr_timer=0x3ffc68dc paused=0
[LVGLdbg2] REFR_REQUEST recv, refr_timer=0x3ffc68dc paused=0
[LVGLdbg2] invalidate_area FULL-mode -> sending REFR_REQUEST
[LVGLdbg2] REFR_REQUEST recv, refr_timer=0x3ffc68dc paused=0
[LVGLdbg2] REFR_REQUEST recv, refr_timer=0x3ffc68dc paused=0
[Watchdog] step=mqtt.loop loopIterations=1789983 (+15660) freeHeap=71160 minFreeHeap=59604
[LVGLdbg2] invalidate_area FULL-mode -> sending REFR_REQUEST
[LVGLdbg2] REFR_REQUEST recv, refr_timer=0x3ffc68dc paused=0
[LVGLdbg2] REFR_REQUEST recv, refr_timer=0x3ffc68dc paused=0
[LVGLdbg2] invalidate_area FULL-mode -> sending REFR_REQUEST
[LVGLdbg2] REFR_REQUEST recv, refr_timer=0x3ffc68dc paused=0
[LVGLdbg2] REFR_REQUEST recv, refr_timer=0x3ffc68dc paused=0
[LVGLdbg2] invalidate_area FULL-mode -> sending REFR_REQUEST
[LVGLdbg2] REFR_REQUEST recv, refr_timer=0x3ffc68dc paused=0
[LVGLdbg2] REFR_REQUEST recv, refr_timer=0x3ffc68dc paused=0
[LVGLdbg2] invalidate_area FULL-mode -> sending REFR_REQUEST
[LVGLdbg2] REFR_REQUEST recv, refr_timer=0x3ffc68dc paused=0
[LVGLdbg2] REFR_REQUEST recv, refr_timer=0x3ffc68dc paused=0
[Watchdog] step=lv_timer_handler loopIterations=1805644 (+15658) freeHeap=71160 minFreeHeap=59604
[LVGLdbg2] invalidate_area FULL-mode -> sending REFR_REQUEST
[LVGLdbg2] REFR_REQUEST recv, refr_timer=0x3ffc68dc paused=0
[LVGLdbg2] REFR_REQUEST recv, refr_timer=0x3ffc68dc paused=0
[LVGLdbg2] invalidate_area FULL-mode -> sending REFR_REQUEST
[LVGLdbg2] REFR_REQUEST recv, refr_timer=0x3ffc68dc paused=0
[LVGLdbg2] REFR_REQUEST recv, refr_timer=0x3ffc68dc paused=0
[LVGLdbg2] invalidate_area FULL-mode -> sending REFR_REQUEST
[LVGLdbg2] REFR_REQUEST recv, refr_timer=0x3ffc68dc paused=0
[LVGLdbg2] REFR_REQUEST recv, refr_timer=0x3ffc68dc paused=0
[LVGLdbg2] invalidate_area FULL-mode -> sending REFR_REQUEST
[LVGLdbg2] REFR_REQUEST recv, refr_timer=0x3ffc68dc paused=0
[LVGLdbg2] REFR_REQUEST recv, refr_timer=0x3ffc68dc paused=0
[Watchdog] step=mqtt.loop loopIterations=1821300 (+15653) freeHeap=71160 minFreeHeap=59604
[LVGLdbg2] invalidate_area FULL-mode -> sending REFR_REQUEST
[LVGLdbg2] REFR_REQUEST recv, refr_timer=0x3ffc68dc paused=0
[LVGLdbg2] REFR_REQUEST recv, refr_timer=0x3ffc68dc paused=0
[LVGLdbg2] invalidate_area FULL-mode -> sending REFR_REQUEST
[LVGLdbg2] REFR_REQUEST recv, refr_timer=0x3ffc68dc paused=0
[LVGLdbg2] REFR_REQUEST recv, refr_timer=0x3ffc68dc paused=0
[LVGLdbg2] invalidate_area FULL-mode -> sending REFR_REQUEST
[LVGLdbg2] REFR_REQUEST recv, refr_timer=0x3ffc68dc paused=0
[LVGLdbg2] REFR_REQUEST recv, refr_timer=0x3ffc68dc paused=0
[LVGLdbg2] invalidate_area FULL-mode -> sending REFR_REQUEST
[LVGLdbg2] REFR_REQUEST recv, refr_timer=0x3ffc68dc paused=0
[LVGLdbg2] REFR_REQUEST recv, refr_timer=0x3ffc68dc paused=0
[Watchdog] step=lv_timer_handler loopIterations=1836962 (+15659) freeHeap=71160 minFreeHeap=59604
[LVGLdbg2] invalidate_area FULL-mode -> sending REFR_REQUEST
[LVGLdbg2] REFR_REQUEST recv, refr_timer=0x3ffc68dc paused=0
[LVGLdbg2] REFR_REQUEST recv, refr_timer=0x3ffc68dc paused=0
[LVGLdbg2] invalidate_area FULL-mode -> sending REFR_REQUEST
[LVGLdbg2] REFR_REQUEST recv, refr_timer=0x3ffc68dc paused=0
[LVGLdbg2] REFR_REQUEST recv, refr_timer=0x3ffc68dc paused=0
[LVGLdbg2] invalidate_area FULL-mode -> sending REFR_REQUEST
[LVGLdbg2] REFR_REQUEST recv, refr_timer=0x3ffc68dc paused=0
[LVGLdbg2] REFR_REQUEST recv, refr_timer=0x3ffc68dc paused=0
[LVGLdbg2] invalidate_area FULL-mode -> sending REFR_REQUEST
[LVGLdbg2] REFR_REQUEST recv, refr_timer=0x3ffc68dc paused=0
[LVGLdbg2] REFR_REQUEST recv, refr_timer=0x3ffc68dc paused=0
[Watchdog] step=mqtt.loop loopIterations=1852636 (+15671) freeHeap=71160 minFreeHeap=59604
[LVGLdbg2] invalidate_area FULL-mode -> sending REFR_REQUEST
[LVGLdbg2] REFR_REQUEST recv, refr_timer=0x3ffc68dc paused=0
[LVGLdbg2] REFR_REQUEST recv, refr_timer=0x3ffc68dc paused=0
[LVGLdbg2] invalidate_area FULL-mode -> sending REFR_REQUEST
[LVGLdbg2] REFR_REQUEST recv, refr_timer=0x3ffc68dc paused=0
[LVGLdbg2] REFR_REQUEST recv, refr_timer=0x3ffc68dc paused=0
[LVGLdbg2] invalidate_area FULL-mode -> sending REFR_REQUEST
[LVGLdbg2] REFR_REQUEST recv, refr_timer=0x3ffc68dc paused=0
[LVGLdbg2] REFR_REQUEST recv, refr_timer=0x3ffc68dc paused=0
[LVGLdbg2] invalidate_area FULL-mode -> sending REFR_REQUEST
[LVGLdbg2] REFR_REQUEST recv, refr_timer=0x3ffc68dc paused=0
[LVGLdbg2] REFR_REQUEST recv, refr_timer=0x3ffc68dc paused=0
[Watchdog] step=mqtt.loop loopIterations=1868311 (+15672) freeHeap=71160 minFreeHeap=59604
[LVGLdbg2] invalidate_area FULL-mode -> sending REFR_REQUEST
[LVGLdbg2] REFR_REQUEST recv, refr_timer=0x3ffc68dc paused=0
[LVGLdbg2] REFR_REQUEST recv, refr_timer=0x3ffc68dc paused=0
[LVGLdbg2] invalidate_area FULL-mode -> sending REFR_REQUEST
[LVGLdbg2] REFR_REQUEST recv, refr_timer=0x3ffc68dc paused=0
[LVGLdbg2] REFR_REQUEST recv, refr_timer=0x3ffc68dc paused=0
[LVGLdbg2] invalidate_area FULL-mode -> sending REFR_REQUEST
[LVGLdbg2] REFR_REQUEST recv, refr_timer=0x3ffc68dc paused=0
[LVGLdbg2] REFR_REQUEST recv, refr_timer=0x3ffc68dc paused=0
[LVGLdbg2] invalidate_area FULL-mode -> sending REFR_REQUEST
[LVGLdbg2] REFR_REQUEST recv, refr_timer=0x3ffc68dc paused=0
[LVGLdbg2] REFR_REQUEST recv, refr_timer=0x3ffc68dc paused=0
[Watchdog] step=mqtt.loop loopIterations=1883972 (+15658) freeHeap=71160 minFreeHeap=59604
[LVGLdbg2] invalidate_area FULL-mode -> sending REFR_REQUEST
[LVGLdbg2] REFR_REQUEST recv, refr_timer=0x3ffc68dc paused=0
[LVGLdbg2] REFR_REQUEST recv, refr_timer=0x3ffc68dc paused=0
[LVGLdbg2] invalidate_area FULL-mode -> sending REFR_REQUEST
[LVGLdbg2] REFR_REQUEST recv, refr_timer=0x3ffc68dc paused=0
[LVGLdbg2] REFR_REQUEST recv, refr_timer=0x3ffc68dc paused=0
[LVGLdbg2] invalidate_area FULL-mode -> sending REFR_REQUEST
[LVGLdbg2] REFR_REQUEST recv, refr_timer=0x3ffc68dc paused=0
[LVGLdbg2] REFR_REQUEST recv, refr_timer=0x3ffc68dc paused=0
[LVGLdbg2] invalidate_area FULL-mode -> sending REFR_REQUEST
[LVGLdbg2] REFR_REQUEST recv, refr_timer=0x3ffc68dc paused=0
[LVGLdbg2] REFR_REQUEST recv, refr_timer=0x3ffc68dc paused=0
[Watchdog] step=mqtt.loop loopIterations=1899624 (+15649) freeHeap=71160 minFreeHeap=59604
[LVGLdbg2] invalidate_area FULL-mode -> sending REFR_REQUEST
[LVGLdbg2] REFR_REQUEST recv, refr_timer=0x3ffc68dc paused=0
[LVGLdbg2] REFR_REQUEST recv, refr_timer=0x3ffc68dc paused=0
[LVGLdbg2] invalidate_area FULL-mode -> sending REFR_REQUEST
[LVGLdbg2] REFR_REQUEST recv, refr_timer=0x3ffc68dc paused=0
[LVGLdbg2] REFR_REQUEST recv, refr_timer=0x3ffc68dc paused=0
[LVGLdbg2] invalidate_area FULL-mode -> sending REFR_REQUEST
[LVGLdbg2] REFR_REQUEST recv, refr_timer=0x3ffc68dc paused=0
[LVGLdbg2] REFR_REQUEST recv, refr_timer=0x3ffc68dc paused=0
[LVGLdbg2] invalidate_area FULL-mode -> sending REFR_REQUEST
[LVGLdbg2] REFR_REQUEST recv, refr_timer=0x3ffc68dc paused=0
[LVGLdbg2] REFR_REQUEST recv, refr_timer=0x3ffc68dc paused=0
[Watchdog] step=mqtt.loop loopIterations=1915284 (+15656) freeHeap=71160 minFreeHeap=59604
[LVGLdbg2] invalidate_area FULL-mode -> sending REFR_REQUEST
[LVGLdbg2] REFR_REQUEST recv, refr_timer=0x3ffc68dc paused=0
[LVGLdbg2] REFR_REQUEST recv, refr_timer=0x3ffc68dc paused=0
[LVGLdbg2] invalidate_area FULL-mode -> sending REFR_REQUEST
[LVGLdbg2] REFR_REQUEST recv, refr_timer=0x3ffc68dc paused=0
[LVGLdbg2] REFR_REQUEST recv, refr_timer=0x3ffc68dc paused=0
[LVGLdbg2] invalidate_area FULL-mode -> sending REFR_REQUEST
[LVGLdbg2] REFR_REQUEST recv, refr_timer=0x3ffc68dc paused=0
[LVGLdbg2] REFR_REQUEST recv, refr_timer=0x3ffc68dc paused=0
[LVGLdbg2] invalidate_area FULL-mode -> sending REFR_REQUEST
[LVGLdbg2] REFR_REQUEST recv, refr_timer=0x3ffc68dc paused=0
[LVGLdbg2] REFR_REQUEST recv, refr_timer=0x3ffc68dc paused=0
[Watchdog] step=lv_timer_handler loopIterations=1930945 (+15658) freeHeap=71160 minFreeHeap=59604
[LVGLdbg2] invalidate_area FULL-mode -> sending REFR_REQUEST
[LVGLdbg2] REFR_REQUEST recv, refr_timer=0x3ffc68dc paused=0
[LVGLdbg2] REFR_REQUEST recv, refr_timer=0x3ffc68dc paused=0
[LVGLdbg2] invalidate_area FULL-mode -> sending REFR_REQUEST
[LVGLdbg2] REFR_REQUEST recv, refr_timer=0x3ffc68dc paused=0
[LVGLdbg2] REFR_REQUEST recv, refr_timer=0x3ffc68dc paused=0
[LVGLdbg2] invalidate_area FULL-mode -> sending REFR_REQUEST
[LVGLdbg2] REFR_REQUEST recv, refr_timer=0x3ffc68dc paused=0
[LVGLdbg2] REFR_REQUEST recv, refr_timer=0x3ffc68dc paused=0
[LVGLdbg2] invalidate_area FULL-mode -> sending REFR_REQUEST
[LVGLdbg2] REFR_REQUEST recv, refr_timer=0x3ffc68dc paused=0
[LVGLdbg2] REFR_REQUEST recv, refr_timer=0x3ffc68dc paused=0
[Watchdog] step=lv_timer_handler loopIterations=1946604 (+15656) freeHeap=71160 minFreeHeap=59604
[LVGLdbg2] invalidate_area FULL-mode -> sending REFR_REQUEST
[LVGLdbg2] REFR_REQUEST recv, refr_timer=0x3ffc68dc paused=0
[LVGLdbg2] REFR_REQUEST recv, refr_timer=0x3ffc68dc paused=0
[LVGLdbg2] invalidate_area FULL-mode -> sending REFR_REQUEST
[LVGLdbg2] REFR_REQUEST recv, refr_timer=0x3ffc68dc paused=0
[LVGLdbg2] REFR_REQUEST recv, refr_timer=0x3ffc68dc paused=0
[LVGLdbg2] invalidate_area FULL-mode -> sending REFR_REQUEST
[LVGLdbg2] REFR_REQUEST recv, refr_timer=0x3ffc68dc paused=0
[LVGLdbg2] REFR_REQUEST recv, refr_timer=0x3ffc68dc paused=0
[LVGLdbg2] invalidate_area FULL-mode -> sending REFR_REQUEST
[LVGLdbg2] REFR_REQUEST recv, refr_timer=0x3ffc68dc paused=0
[LVGLdbg2] REFR_REQUEST recv, refr_timer=0x3ffc68dc paused=0
[Watchdog] step=mqtt.loop loopIterations=1962225 (+15618) freeHeap=71160 minFreeHeap=59604
[LVGLdbg2] invalidate_area FULL-mode -> sending REFR_REQUEST
[LVGLdbg2] REFR_REQUEST recv, refr_timer=0x3ffc68dc paused=0
[LVGLdbg2] REFR_REQUEST recv, refr_timer=0x3ffc68dc paused=0
[LVGLdbg2] invalidate_area FULL-mode -> sending REFR_REQUEST
[LVGLdbg2] REFR_REQUEST recv, refr_timer=0x3ffc68dc paused=0
[LVGLdbg2] REFR_REQUEST recv, refr_timer=0x3ffc68dc paused=0
[LVGLdbg2] invalidate_area FULL-mode -> sending REFR_REQUEST
[LVGLdbg2] REFR_REQUEST recv, refr_timer=0x3ffc68dc paused=0
[LVGLdbg2] REFR_REQUEST recv, refr_timer=0x3ffc68dc paused=0
[LVGLdbg2] invalidate_area FULL-mode -> sending REFR_REQUEST
[LVGLdbg2] REFR_REQUEST recv, refr_timer=0x3ffc68dc paused=0
[LVGLdbg2] REFR_REQUEST recv, refr_timer=0x3ffc68dc paused=0
[Watchdog] step=mqtt.loop loopIterations=1977882 (+15653) freeHeap=71160 minFreeHeap=59604
[LVGLdbg2] invalidate_area FULL-mode -> sending REFR_REQUEST
[LVGLdbg2] REFR_REQUEST recv, refr_timer=0x3ffc68dc paused=0
[LVGLdbg2] REFR_REQUEST recv, refr_timer=0x3ffc68dc paused=0
[LVGLdbg2] invalidate_area FULL-mode -> sending REFR_REQUEST
[LVGLdbg2] REFR_REQUEST recv, refr_timer=0x3ffc68dc paused=0
[LVGLdbg2] REFR_REQUEST recv, refr_timer=0x3ffc68dc paused=0
[LVGLdbg2] invalidate_area FULL-mode -> sending REFR_REQUEST
[LVGLdbg2] REFR_REQUEST recv, refr_timer=0x3ffc68dc paused=0
[LVGLdbg2] REFR_REQUEST recv, refr_timer=0x3ffc68dc paused=0
[LVGLdbg2] invalidate_area FULL-mode -> sending REFR_REQUEST
[LVGLdbg2] REFR_REQUEST recv, refr_timer=0x3ffc68dc paused=0
[LVGLdbg2] REFR_REQUEST recv, refr_timer=0x3ffc68dc paused=0
[Watchdog] step=mqtt.loop loopIterations=1993539 (+15654) freeHeap=71160 minFreeHeap=59604
[LVGLdbg2] invalidate_area FULL-mode -> sending REFR_REQUEST
[LVGLdbg2] REFR_REQUEST recv, refr_timer=0x3ffc68dc paused=0
[LVGLdbg2] REFR_REQUEST recv, refr_timer=0x3ffc68dc paused=0
[LVGLdbg2] invalidate_area FULL-mode -> sending REFR_REQUEST
[LVGLdbg2] REFR_REQUEST recv, refr_timer=0x3ffc68dc paused=0
[LVGLdbg2] REFR_REQUEST recv, refr_timer=0x3ffc68dc paused=0
[LVGLdbg2] invalidate_area FULL-mode -> sending REFR_REQUEST
[LVGLdbg2] REFR_REQUEST recv, refr_timer=0x3ffc68dc paused=0
[LVGLdbg2] REFR_REQUEST recv, refr_timer=0x3ffc68dc paused=0
[LVGLdbg2] invalidate_area FULL-mode -> sending REFR_REQUEST
[LVGLdbg2] REFR_REQUEST recv, refr_timer=0x3ffc68dc paused=0
[LVGLdbg2] REFR_REQUEST recv, refr_timer=0x3ffc68dc paused=0
[Watchdog] step=mqtt.loop loopIterations=2009218 (+15675) freeHeap=71160 minFreeHeap=59604
[LVGLdbg2] invalidate_area FULL-mode -> sending REFR_REQUEST
[LVGLdbg2] REFR_REQUEST recv, refr_timer=0x3ffc68dc paused=0
[LVGLdbg2] REFR_REQUEST recv, refr_timer=0x3ffc68dc paused=0
[LVGLdbg2] invalidate_area FULL-mode -> sending REFR_REQUEST
[LVGLdbg2] REFR_REQUEST recv, refr_timer=0x3ffc68dc paused=0
[LVGLdbg2] REFR_REQUEST recv, refr_timer=0x3ffc68dc paused=0
[LVGLdbg2] invalidate_area FULL-mode -> sending REFR_REQUEST
[LVGLdbg2] REFR_REQUEST recv, refr_timer=0x3ffc68dc paused=0
[LVGLdbg2] REFR_REQUEST recv, refr_timer=0x3ffc68dc paused=0
[LVGLdbg2] invalidate_area FULL-mode -> sending REFR_REQUEST
[LVGLdbg2] REFR_REQUEST recv, refr_timer=0x3ffc68dc paused=0
[LVGLdbg2] REFR_REQUEST recv, refr_timer=0x3ffc68dc paused=0
[Watchdog] step=mqtt.loop loopIterations=2024888 (+15667) freeHeap=71160 minFreeHeap=59604
[LVGLdbg2] invalidate_area FULL-mode -> sending REFR_REQUEST
[LVGLdbg2] REFR_REQUEST recv, refr_timer=0x3ffc68dc paused=0
[LVGLdbg2] REFR_REQUEST recv, refr_timer=0x3ffc68dc paused=0
[LVGLdbg2] invalidate_area FULL-mode -> sending REFR_REQUEST
[LVGLdbg2] REFR_REQUEST recv, refr_timer=0x3ffc68dc paused=0
[LVGLdbg2] REFR_REQUEST recv, refr_timer=0x3ffc68dc paused=0
[LVGLdbg2] invalidate_area FULL-mode -> sending REFR_REQUEST
[LVGLdbg2] REFR_REQUEST recv, refr_timer=0x3ffc68dc paused=0
[LVGLdbg2] REFR_REQUEST recv, refr_timer=0x3ffc68dc paused=0
[LVGLdbg2] invalidate_area FULL-mode -> sending REFR_REQUEST
[LVGLdbg2] REFR_REQUEST recv, refr_timer=0x3ffc68dc paused=0
[LVGLdbg2] REFR_REQUEST recv, refr_timer=0x3ffc68dc paused=0
[Watchdog] step=mqtt.loop loopIterations=2040552 (+15661) freeHeap=71160 minFreeHeap=59604
[LVGLdbg2] invalidate_area FULL-mode -> sending REFR_REQUEST
[LVGLdbg2] REFR_REQUEST recv, refr_timer=0x3ffc68dc paused=0
[LVGLdbg2] REFR_REQUEST recv, refr_timer=0x3ffc68dc paused=0
[LVGLdbg2] invalidate_area FULL-mode -> sending REFR_REQUEST
[LVGLdbg2] REFR_REQUEST recv, refr_timer=0x3ffc68dc paused=0
[LVGLdbg2] REFR_REQUEST recv, refr_timer=0x3ffc68dc paused=0
[LVGLdbg2] invalidate_area FULL-mode -> sending REFR_REQUEST
[LVGLdbg2] REFR_REQUEST recv, refr_timer=0x3ffc68dc paused=0
[LVGLdbg2] REFR_REQUEST recv, refr_timer=0x3ffc68dc paused=0
[LVGLdbg2] invalidate_area FULL-mode -> sending REFR_REQUEST
[LVGLdbg2] REFR_REQUEST recv, refr_timer=0x3ffc68dc paused=0
[LVGLdbg2] REFR_REQUEST recv, refr_timer=0x3ffc68dc paused=0
[Watchdog] step=mqtt.loop loopIterations=2056209 (+15654) freeHeap=71160 minFreeHeap=59604
[LVGLdbg2] invalidate_area FULL-mode -> sending REFR_REQUEST
[LVGLdbg2] REFR_REQUEST recv, refr_timer=0x3ffc68dc paused=0
[LVGLdbg2] REFR_REQUEST recv, refr_timer=0x3ffc68dc paused=0
[LVGLdbg2] invalidate_area FULL-mode -> sending REFR_REQUEST
[LVGLdbg2] REFR_REQUEST recv, refr_timer=0x3ffc68dc paused=0
[LVGLdbg2] REFR_REQUEST recv, refr_timer=0x3ffc68dc paused=0
[LVGLdbg2] invalidate_area FULL-mode -> sending REFR_REQUEST
[LVGLdbg2] REFR_REQUEST recv, refr_timer=0x3ffc68dc paused=0
[LVGLdbg2] REFR_REQUEST recv, refr_timer=0x3ffc68dc paused=0
[LVGLdbg2] invalidate_area FULL-mode -> sending REFR_REQUEST
[LVGLdbg2] REFR_REQUEST recv, refr_timer=0x3ffc68dc paused=0
[LVGLdbg2] REFR_REQUEST recv, refr_timer=0x3ffc68dc paused=0
[Watchdog] step=mqtt.loop loopIterations=2071861 (+15649) freeHeap=71160 minFreeHeap=59604
[LVGLdbg2] invalidate_area FULL-mode -> sending REFR_REQUEST
[LVGLdbg2] REFR_REQUEST recv, refr_timer=0x3ffc68dc paused=0
[LVGLdbg2] REFR_REQUEST recv, refr_timer=0x3ffc68dc paused=0
[LVGLdbg2] invalidate_area FULL-mode -> sending REFR_REQUEST
[LVGLdbg2] REFR_REQUEST recv, refr_timer=0x3ffc68dc paused=0
[LVGLdbg2] REFR_REQUEST recv, refr_timer=0x3ffc68dc paused=0
[LVGLdbg2] invalidate_area FULL-mode -> sending REFR_REQUEST
[LVGLdbg2] REFR_REQUEST recv, refr_timer=0x3ffc68dc paused=0
[LVGLdbg2] REFR_REQUEST recv, refr_timer=0x3ffc68dc paused=0
[LVGLdbg2] invalidate_area FULL-mode -> sending REFR_REQUEST
[LVGLdbg2] REFR_REQUEST recv, refr_timer=0x3ffc68dc paused=0
[LVGLdbg2] REFR_REQUEST recv, refr_timer=0x3ffc68dc paused=0
[Watchdog] step=mqtt.loop loopIterations=2087516 (+15652) freeHeap=71160 minFreeHeap=59604
[LVGLdbg2] invalidate_area FULL-mode -> sending REFR_REQUEST
[LVGLdbg2] REFR_REQUEST recv, refr_timer=0x3ffc68dc paused=0
[LVGLdbg2] REFR_REQUEST recv, refr_timer=0x3ffc68dc paused=0
[LVGLdbg2] invalidate_area FULL-mode -> sending REFR_REQUEST
[LVGLdbg2] REFR_REQUEST recv, refr_timer=0x3ffc68dc paused=0
[LVGLdbg2] REFR_REQUEST recv, refr_timer=0x3ffc68dc paused=0
[LVGLdbg2] invalidate_area FULL-mode -> sending REFR_REQUEST
[LVGLdbg2] REFR_REQUEST recv, refr_timer=0x3ffc68dc paused=0
[LVGLdbg2] REFR_REQUEST recv, refr_timer=0x3ffc68dc paused=0
[LVGLdbg2] invalidate_area FULL-mode -> sending REFR_REQUEST
[LVGLdbg2] REFR_REQUEST recv, refr_timer=0x3ffc68dc paused=0
[LVGLdbg2] REFR_REQUEST recv, refr_timer=0x3ffc68dc paused=0
[Watchdog] step=mqtt.loop loopIterations=2103167 (+15648) freeHeap=71160 minFreeHeap=59604
[LVGLdbg2] invalidate_area FULL-mode -> sending REFR_REQUEST
[LVGLdbg2] REFR_REQUEST recv, refr_timer=0x3ffc68dc paused=0
[LVGLdbg2] REFR_REQUEST recv, refr_timer=0x3ffc68dc paused=0
[LVGLdbg2] invalidate_area FULL-mode -> sending REFR_REQUEST
[LVGLdbg2] REFR_REQUEST recv, refr_timer=0x3ffc68dc paused=0
[LVGLdbg2] REFR_REQUEST recv, refr_timer=0x3ffc68dc paused=0
[LVGLdbg2] invalidate_area FULL-mode -> sending REFR_REQUEST
[LVGLdbg2] REFR_REQUEST recv, refr_timer=0x3ffc68dc paused=0
[LVGLdbg2] REFR_REQUEST recv, refr_timer=0x3ffc68dc paused=0
[LVGLdbg2] invalidate_area FULL-mode -> sending REFR_REQUEST
[LVGLdbg2] REFR_REQUEST recv, refr_timer=0x3ffc68dc paused=0
[LVGLdbg2] REFR_REQUEST recv, refr_timer=0x3ffc68dc paused=0
[Watchdog] step=wifi.loop loopIterations=2118820 (+15650) freeHeap=71160 minFreeHeap=59604
[LVGLdbg2] invalidate_area FULL-mode -> sending REFR_REQUEST
[LVGLdbg2] REFR_REQUEST recv, refr_timer=0x3ffc68dc paused=0
[LVGLdbg2] REFR_REQUEST recv, refr_timer=0x3ffc68dc paused=0
[LVGLdbg2] invalidate_area FULL-mode -> sending REFR_REQUEST
[LVGLdbg2] REFR_REQUEST recv, refr_timer=0x3ffc68dc paused=0
[LVGLdbg2] REFR_REQUEST recv, refr_timer=0x3ffc68dc paused=0
[LVGLdbg2] invalidate_area FULL-mode -> sending REFR_REQUEST
[LVGLdbg2] REFR_REQUEST recv, refr_timer=0x3ffc68dc paused=0
[LVGLdbg2] REFR_REQUEST recv, refr_timer=0x3ffc68dc paused=0
[LVGLdbg2] invalidate_area FULL-mode -> sending REFR_REQUEST
[LVGLdbg2] REFR_REQUEST recv, refr_timer=0x3ffc68dc paused=0
[LVGLdbg2] REFR_REQUEST recv, refr_timer=0x3ffc68dc paused=0
[Watchdog] step=mqtt.loop loopIterations=2134464 (+15641) freeHeap=71160 minFreeHeap=59604
[LVGLdbg2] invalidate_area FULL-mode -> sending REFR_REQUEST
[LVGLdbg2] REFR_REQUEST recv, refr_timer=0x3ffc68dc paused=0
[LVGLdbg2] REFR_REQUEST recv, refr_timer=0x3ffc68dc paused=0
[LVGLdbg2] invalidate_area FULL-mode -> sending REFR_REQUEST
[LVGLdbg2] REFR_REQUEST recv, refr_timer=0x3ffc68dc paused=0
[LVGLdbg2] REFR_REQUEST recv, refr_timer=0x3ffc68dc paused=0
[LVGLdbg2] invalidate_area FULL-mode -> sending REFR_REQUEST
[LVGLdbg2] REFR_REQUEST recv, refr_timer=0x3ffc68dc paused=0
[LVGLdbg2] REFR_REQUEST recv, refr_timer=0x3ffc68dc paused=0
[LVGLdbg2] invalidate_area FULL-mode -> sending REFR_REQUEST
[LVGLdbg2] REFR_REQUEST recv, refr_timer=0x3ffc68dc paused=0
[LVGLdbg2] REFR_REQUEST recv, refr_timer=0x3ffc68dc paused=0
[Watchdog] step=mqtt.loop loopIterations=2150118 (+15651) freeHeap=71160 minFreeHeap=59604
[LVGLdbg2] invalidate_area FULL-mode -> sending REFR_REQUEST
[LVGLdbg2] REFR_REQUEST recv, refr_timer=0x3ffc68dc paused=0
[LVGLdbg2] REFR_REQUEST recv, refr_timer=0x3ffc68dc paused=0
[LVGLdbg2] invalidate_area FULL-mode -> sending REFR_REQUEST
[LVGLdbg2] REFR_REQUEST recv, refr_timer=0x3ffc68dc paused=0
[LVGLdbg2] REFR_REQUEST recv, refr_timer=0x3ffc68dc paused=0
[LVGLdbg2] invalidate_area FULL-mode -> sending REFR_REQUEST
[LVGLdbg2] REFR_REQUEST recv, refr_timer=0x3ffc68dc paused=0
[LVGLdbg2] REFR_REQUEST recv, refr_timer=0x3ffc68dc paused=0
[LVGLdbg2] invalidate_area FULL-mode -> sending REFR_REQUEST
[LVGLdbg2] REFR_REQUEST recv, refr_timer=0x3ffc68dc paused=0
[LVGLdbg2] REFR_REQUEST recv, refr_timer=0x3ffc68dc paused=0
[Watchdog] step=mqtt.loop loopIterations=2165777 (+15656) freeHeap=71160 minFreeHeap=59604
[LVGLdbg2] invalidate_area FULL-mode -> sending REFR_REQUEST
[LVGLdbg2] REFR_REQUEST recv, refr_timer=0x3ffc68dc paused=0
[LVGLdbg2] REFR_REQUEST recv, refr_timer=0x3ffc68dc paused=0
[LVGLdbg2] invalidate_area FULL-mode -> sending REFR_REQUEST
[LVGLdbg2] REFR_REQUEST recv, refr_timer=0x3ffc68dc paused=0
[LVGLdbg2] REFR_REQUEST recv, refr_timer=0x3ffc68dc paused=0
[LVGLdbg2] invalidate_area FULL-mode -> sending REFR_REQUEST
[LVGLdbg2] REFR_REQUEST recv, refr_timer=0x3ffc68dc paused=0
[LVGLdbg2] REFR_REQUEST recv, refr_timer=0x3ffc68dc paused=0
[LVGLdbg2] invalidate_area FULL-mode -> sending REFR_REQUEST
[LVGLdbg2] REFR_REQUEST recv, refr_timer=0x3ffc68dc paused=0
[LVGLdbg2] REFR_REQUEST recv, refr_timer=0x3ffc68dc paused=0
[Watchdog] step=idle loopIterations=2181437 (+15658) freeHeap=71160 minFreeHeap=59604
[LVGLdbg2] invalidate_area FULL-mode -> sending REFR_REQUEST
[LVGLdbg2] REFR_REQUEST recv, refr_timer=0x3ffc68dc paused=0
[LVGLdbg2] REFR_REQUEST recv, refr_timer=0x3ffc68dc paused=0
[LVGLdbg2] invalidate_area FULL-mode -> sending REFR_REQUEST
[LVGLdbg2] REFR_REQUEST recv, refr_timer=0x3ffc68dc paused=0
[LVGLdbg2] REFR_REQUEST recv, refr_timer=0x3ffc68dc paused=0
[LVGLdbg2] invalidate_area FULL-mode -> sending REFR_REQUEST
[LVGLdbg2] REFR_REQUEST recv, refr_timer=0x3ffc68dc paused=0
[LVGLdbg2] REFR_REQUEST recv, refr_timer=0x3ffc68dc paused=0
[LVGLdbg2] invalidate_area FULL-mode -> sending REFR_REQUEST
[LVGLdbg2] REFR_REQUEST recv, refr_timer=0x3ffc68dc paused=0
[LVGLdbg2] REFR_REQUEST recv, refr_timer=0x3ffc68dc paused=0
[Watchdog] step=idle loopIterations=2197102 (+15662) freeHeap=71160 minFreeHeap=59604
[LVGLdbg2] invalidate_area FULL-mode -> sending REFR_REQUEST
[LVGLdbg2] REFR_REQUEST recv, refr_timer=0x3ffc68dc paused=0
[LVGLdbg2] REFR_REQUEST recv, refr_timer=0x3ffc68dc paused=0
[LVGLdbg2] invalidate_area FULL-mode -> sending REFR_REQUEST
[LVGLdbg2] REFR_REQUEST recv, refr_timer=0x3ffc68dc paused=0
[LVGLdbg2] REFR_REQUEST recv, refr_timer=0x3ffc68dc paused=0
[LVGLdbg2] invalidate_area FULL-mode -> sending REFR_REQUEST
[LVGLdbg2] REFR_REQUEST recv, refr_timer=0x3ffc68dc paused=0
[LVGLdbg2] REFR_REQUEST recv, refr_timer=0x3ffc68dc paused=0
[LVGLdbg2] invalidate_area FULL-mode -> sending REFR_REQUEST
[LVGLdbg2] REFR_REQUEST recv, refr_timer=0x3ffc68dc paused=0
[LVGLdbg2] REFR_REQUEST recv, refr_timer=0x3ffc68dc paused=0
[Watchdog] step=idle loopIterations=2212755 (+15650) freeHeap=71160 minFreeHeap=59604
[LVGLdbg2] invalidate_area FULL-mode -> sending REFR_REQUEST
[LVGLdbg2] REFR_REQUEST recv, refr_timer=0x3ffc68dc paused=0
[LVGLdbg2] REFR_REQUEST recv, refr_timer=0x3ffc68dc paused=0
[LVGLdbg2] invalidate_area FULL-mode -> sending REFR_REQUEST
[LVGLdbg2] REFR_REQUEST recv, refr_timer=0x3ffc68dc paused=0
[LVGLdbg2] REFR_REQUEST recv, refr_timer=0x3ffc68dc paused=0
[LVGLdbg2] invalidate_area FULL-mode -> sending REFR_REQUEST
[LVGLdbg2] REFR_REQUEST recv, refr_timer=0x3ffc68dc paused=0
[LVGLdbg2] REFR_REQUEST recv, refr_timer=0x3ffc68dc paused=0
[LVGLdbg2] invalidate_area FULL-mode -> sending REFR_REQUEST
[LVGLdbg2] REFR_REQUEST recv, refr_timer=0x3ffc68dc paused=0
[LVGLdbg2] REFR_REQUEST recv, refr_timer=0x3ffc68dc paused=0
[Watchdog] step=mqtt.loop loopIterations=2228409 (+15651) freeHeap=71160 minFreeHeap=59604
[LVGLdbg2] invalidate_area FULL-mode -> sending REFR_REQUEST
[LVGLdbg2] REFR_REQUEST recv, refr_timer=0x3ffc68dc paused=0
[LVGLdbg2] REFR_REQUEST recv, refr_timer=0x3ffc68dc paused=0
[LVGLdbg2] invalidate_area FULL-mode -> sending REFR_REQUEST
[LVGLdbg2] REFR_REQUEST recv, refr_timer=0x3ffc68dc paused=0
[LVGLdbg2] REFR_REQUEST recv, refr_timer=0x3ffc68dc paused=0
[LVGLdbg2] invalidate_area FULL-mode -> sending REFR_REQUEST
[LVGLdbg2] REFR_REQUEST recv, refr_timer=0x3ffc68dc paused=0
[LVGLdbg2] REFR_REQUEST recv, refr_timer=0x3ffc68dc paused=0
[LVGLdbg2] invalidate_area FULL-mode -> sending REFR_REQUEST
[LVGLdbg2] REFR_REQUEST recv, refr_timer=0x3ffc68dc paused=0
[LVGLdbg2] REFR_REQUEST recv, refr_timer=0x3ffc68dc paused=0
[Watchdog] step=lv_timer_handler loopIterations=2244066 (+15654) freeHeap=71160 minFreeHeap=59604
[LVGLdbg2] invalidate_area FULL-mode -> sending REFR_REQUEST
[LVGLdbg2] REFR_REQUEST recv, refr_timer=0x3ffc68dc paused=0
[LVGLdbg2] REFR_REQUEST recv, refr_timer=0x3ffc68dc paused=0
[LVGLdbg2] invalidate_area FULL-mode -> sending REFR_REQUEST
[LVGLdbg2] REFR_REQUEST recv, refr_timer=0x3ffc68dc paused=0
[LVGLdbg2] REFR_REQUEST recv, refr_timer=0x3ffc68dc paused=0
[LVGLdbg2] invalidate_area FULL-mode -> sending REFR_REQUEST
[LVGLdbg2] REFR_REQUEST recv, refr_timer=0x3ffc68dc paused=0
[LVGLdbg2] REFR_REQUEST recv, refr_timer=0x3ffc68dc paused=0
[LVGLdbg2] invalidate_area FULL-mode -> sending REFR_REQUEST
[LVGLdbg2] REFR_REQUEST recv, refr_timer=0x3ffc68dc paused=0
[LVGLdbg2] REFR_REQUEST recv, refr_timer=0x3ffc68dc paused=0
[Watchdog] step=mqtt.loop loopIterations=2259717 (+15649) freeHeap=71160 minFreeHeap=59604
[LVGLdbg2] invalidate_area FULL-mode -> sending REFR_REQUEST
[LVGLdbg2] REFR_REQUEST recv, refr_timer=0x3ffc68dc paused=0
[LVGLdbg2] REFR_REQUEST recv, refr_timer=0x3ffc68dc paused=0
[LVGLdbg2] invalidate_area FULL-mode -> sending REFR_REQUEST
[LVGLdbg2] REFR_REQUEST recv, refr_timer=0x3ffc68dc paused=0
[LVGLdbg2] REFR_REQUEST recv, refr_timer=0x3ffc68dc paused=0
[LVGLdbg2] invalidate_area FULL-mode -> sending REFR_REQUEST
[LVGLdbg2] REFR_REQUEST recv, refr_timer=0x3ffc68dc paused=0
[LVGLdbg2] REFR_REQUEST recv, refr_timer=0x3ffc68dc paused=0
[LVGLdbg2] invalidate_area FULL-mode -> sending REFR_REQUEST
[LVGLdbg2] REFR_REQUEST recv, refr_timer=0x3ffc68dc paused=0
[LVGLdbg2] REFR_REQUEST recv, refr_timer=0x3ffc68dc paused=0
[Watchdog] step=lv_timer_handler loopIterations=2275371 (+15651) freeHeap=71160 minFreeHeap=59604
[LVGLdbg2] invalidate_area FULL-mode -> sending REFR_REQUEST
[LVGLdbg2] REFR_REQUEST recv, refr_timer=0x3ffc68dc paused=0
[LVGLdbg2] REFR_REQUEST recv, refr_timer=0x3ffc68dc paused=0
[LVGLdbg2] invalidate_area FULL-mode -> sending REFR_REQUEST
[LVGLdbg2] REFR_REQUEST recv, refr_timer=0x3ffc68dc paused=0
[LVGLdbg2] REFR_REQUEST recv, refr_timer=0x3ffc68dc paused=0
[LVGLdbg2] invalidate_area FULL-mode -> sending REFR_REQUEST
[LVGLdbg2] REFR_REQUEST recv, refr_timer=0x3ffc68dc paused=0
[LVGLdbg2] REFR_REQUEST recv, refr_timer=0x3ffc68dc paused=0
[LVGLdbg2] invalidate_area FULL-mode -> sending REFR_REQUEST
[LVGLdbg2] REFR_REQUEST recv, refr_timer=0x3ffc68dc paused=0
[LVGLdbg2] REFR_REQUEST recv, refr_timer=0x3ffc68dc paused=0
[Watchdog] step=lv_timer_handler loopIterations=2291022 (+15648) freeHeap=71160 minFreeHeap=59604
[LVGLdbg2] invalidate_area FULL-mode -> sending REFR_REQUEST
[LVGLdbg2] REFR_REQUEST recv, refr_timer=0x3ffc68dc paused=0
[LVGLdbg2] REFR_REQUEST recv, refr_timer=0x3ffc68dc paused=0
[LVGLdbg2] invalidate_area FULL-mode -> sending REFR_REQUEST
[LVGLdbg2] REFR_REQUEST recv, refr_timer=0x3ffc68dc paused=0
[LVGLdbg2] REFR_REQUEST recv, refr_timer=0x3ffc68dc paused=0
[LVGLdbg2] invalidate_area FULL-mode -> sending REFR_REQUEST
[LVGLdbg2] REFR_REQUEST recv, refr_timer=0x3ffc68dc paused=0
[LVGLdbg2] REFR_REQUEST recv, refr_timer=0x3ffc68dc paused=0
[LVGLdbg2] invalidate_area FULL-mode -> sending REFR_REQUEST
[LVGLdbg2] REFR_REQUEST recv, refr_timer=0x3ffc68dc paused=0
[LVGLdbg2] REFR_REQUEST recv, refr_timer=0x3ffc68dc paused=0
[Watchdog] step=mqtt.loop loopIterations=2306672 (+15647) freeHeap=71160 minFreeHeap=59604
[LVGLdbg2] invalidate_area FULL-mode -> sending REFR_REQUEST
[LVGLdbg2] REFR_REQUEST recv, refr_timer=0x3ffc68dc paused=0
[LVGLdbg2] REFR_REQUEST recv, refr_timer=0x3ffc68dc paused=0
[LVGLdbg2] invalidate_area FULL-mode -> sending REFR_REQUEST
[LVGLdbg2] REFR_REQUEST recv, refr_timer=0x3ffc68dc paused=0
[LVGLdbg2] REFR_REQUEST recv, refr_timer=0x3ffc68dc paused=0
[LVGLdbg2] invalidate_area FULL-mode -> sending REFR_REQUEST
[LVGLdbg2] REFR_REQUEST recv, refr_timer=0x3ffc68dc paused=0
[LVGLdbg2] REFR_REQUEST recv, refr_timer=0x3ffc68dc paused=0
[LVGLdbg2] invalidate_area FULL-mode -> sending REFR_REQUEST
[LVGLdbg2] REFR_REQUEST recv, refr_timer=0x3ffc68dc paused=0
[LVGLdbg2] REFR_REQUEST recv, refr_timer=0x3ffc68dc paused=0
[Watchdog] step=mqtt.loop loopIterations=2322328 (+15653) freeHeap=71160 minFreeHeap=59604
[LVGLdbg2] invalidate_area FULL-mode -> sending REFR_REQUEST
[LVGLdbg2] REFR_REQUEST recv, refr_timer=0x3ffc68dc paused=0
[LVGLdbg2] REFR_REQUEST recv, refr_timer=0x3ffc68dc paused=0
[LVGLdbg2] invalidate_area FULL-mode -> sending REFR_REQUEST
[LVGLdbg2] REFR_REQUEST recv, refr_timer=0x3ffc68dc paused=0
[LVGLdbg2] REFR_REQUEST recv, refr_timer=0x3ffc68dc paused=0
[LVGLdbg2] invalidate_area FULL-mode -> sending REFR_REQUEST
[LVGLdbg2] REFR_REQUEST recv, refr_timer=0x3ffc68dc paused=0
[LVGLdbg2] REFR_REQUEST recv, refr_timer=0x3ffc68dc paused=0
[LVGLdbg2] invalidate_area FULL-mode -> sending REFR_REQUEST
[LVGLdbg2] REFR_REQUEST recv, refr_timer=0x3ffc68dc paused=0
[LVGLdbg2] REFR_REQUEST recv, refr_timer=0x3ffc68dc paused=0
[Watchdog] step=lv_timer_handler loopIterations=2337994 (+15663) freeHeap=71160 minFreeHeap=59604
[LVGLdbg2] invalidate_area FULL-mode -> sending REFR_REQUEST
[LVGLdbg2] REFR_REQUEST recv, refr_timer=0x3ffc68dc paused=0
[LVGLdbg2] REFR_REQUEST recv, refr_timer=0x3ffc68dc paused=0
[LVGLdbg2] invalidate_area FULL-mode -> sending REFR_REQUEST
[LVGLdbg2] REFR_REQUEST recv, refr_timer=0x3ffc68dc paused=0
[LVGLdbg2] REFR_REQUEST recv, refr_timer=0x3ffc68dc paused=0
[LVGLdbg2] invalidate_area FULL-mode -> sending REFR_REQUEST
[LVGLdbg2] REFR_REQUEST recv, refr_timer=0x3ffc68dc paused=0
[LVGLdbg2] REFR_REQUEST recv, refr_timer=0x3ffc68dc paused=0
[LVGLdbg2] invalidate_area FULL-mode -> sending REFR_REQUEST
[LVGLdbg2] REFR_REQUEST recv, refr_timer=0x3ffc68dc paused=0
[LVGLdbg2] REFR_REQUEST recv, refr_timer=0x3ffc68dc paused=0
[Watchdog] step=mqtt.loop loopIterations=2353660 (+15663) freeHeap=71160 minFreeHeap=59604
[LVGLdbg2] invalidate_area FULL-mode -> sending REFR_REQUEST
[LVGLdbg2] REFR_REQUEST recv, refr_timer=0x3ffc68dc paused=0
[LVGLdbg2] REFR_REQUEST recv, refr_timer=0x3ffc68dc paused=0
[LVGLdbg2] invalidate_area FULL-mode -> sending REFR_REQUEST
[LVGLdbg2] REFR_REQUEST recv, refr_timer=0x3ffc68dc paused=0
[LVGLdbg2] REFR_REQUEST recv, refr_timer=0x3ffc68dc paused=0
[LVGLdbg2] invalidate_area FULL-mode -> sending REFR_REQUEST
[LVGLdbg2] REFR_REQUEST recv, refr_timer=0x3ffc68dc paused=0
[LVGLdbg2] REFR_REQUEST recv, refr_timer=0x3ffc68dc paused=0
[LVGLdbg2] invalidate_area FULL-mode -> sending REFR_REQUEST
[LVGLdbg2] REFR_REQUEST recv, refr_timer=0x3ffc68dc paused=0
[LVGLdbg2] REFR_REQUEST recv, refr_timer=0x3ffc68dc paused=0
[Watchdog] step=mqtt.loop loopIterations=2369314 (+15651) freeHeap=71160 minFreeHeap=59604
[LVGLdbg2] invalidate_area FULL-mode -> sending REFR_REQUEST
[LVGLdbg2] REFR_REQUEST recv, refr_timer=0x3ffc68dc paused=0
[LVGLdbg2] REFR_REQUEST recv, refr_timer=0x3ffc68dc paused=0
[LVGLdbg2] invalidate_area FULL-mode -> sending REFR_REQUEST
[LVGLdbg2] REFR_REQUEST recv, refr_timer=0x3ffc68dc paused=0
[LVGLdbg2] REFR_REQUEST recv, refr_timer=0x3ffc68dc paused=0
[LVGLdbg2] invalidate_area FULL-mode -> sending REFR_REQUEST
[LVGLdbg2] REFR_REQUEST recv, refr_timer=0x3ffc68dc paused=0
[LVGLdbg2] REFR_REQUEST recv, refr_timer=0x3ffc68dc paused=0
[LVGLdbg2] invalidate_area FULL-mode -> sending REFR_REQUEST
[LVGLdbg2] REFR_REQUEST recv, refr_timer=0x3ffc68dc paused=0
[LVGLdbg2] REFR_REQUEST recv, refr_timer=0x3ffc68dc paused=0
[Watchdog] step=mqtt.loop loopIterations=2384968 (+15650) freeHeap=71160 minFreeHeap=59604
[LVGLdbg2] invalidate_area FULL-mode -> sending REFR_REQUEST
[LVGLdbg2] REFR_REQUEST recv, refr_timer=0x3ffc68dc paused=0
[LVGLdbg2] REFR_REQUEST recv, refr_timer=0x3ffc68dc paused=0
[LVGLdbg2] invalidate_area FULL-mode -> sending REFR_REQUEST
[LVGLdbg2] REFR_REQUEST recv, refr_timer=0x3ffc68dc paused=0
[LVGLdbg2] REFR_REQUEST recv, refr_timer=0x3ffc68dc paused=0
[LVGLdbg2] invalidate_area FULL-mode -> sending REFR_REQUEST
[LVGLdbg2] REFR_REQUEST recv, refr_timer=0x3ffc68dc paused=0
[LVGLdbg2] REFR_REQUEST recv, refr_timer=0x3ffc68dc paused=0
[LVGLdbg2] invalidate_area FULL-mode -> sending REFR_REQUEST
[LVGLdbg2] REFR_REQUEST recv, refr_timer=0x3ffc68dc paused=0
[LVGLdbg2] REFR_REQUEST recv, refr_timer=0x3ffc68dc paused=0
[Watchdog] step=lv_timer_handler loopIterations=2400620 (+15649) freeHeap=71160 minFreeHeap=59604
[LVGLdbg2] invalidate_area FULL-mode -> sending REFR_REQUEST
[LVGLdbg2] REFR_REQUEST recv, refr_timer=0x3ffc68dc paused=0
[LVGLdbg2] REFR_REQUEST recv, refr_timer=0x3ffc68dc paused=0
[LVGLdbg2] invalidate_area FULL-mode -> sending REFR_REQUEST
[LVGLdbg2] REFR_REQUEST recv, refr_timer=0x3ffc68dc paused=0
[LVGLdbg2] REFR_REQUEST recv, refr_timer=0x3ffc68dc paused=0
[LVGLdbg2] invalidate_area FULL-mode -> sending REFR_REQUEST
[LVGLdbg2] REFR_REQUEST recv, refr_timer=0x3ffc68dc paused=0
[LVGLdbg2] REFR_REQUEST recv, refr_timer=0x3ffc68dc paused=0
[LVGLdbg2] invalidate_area FULL-mode -> sending REFR_REQUEST
[LVGLdbg2] REFR_REQUEST recv, refr_timer=0x3ffc68dc paused=0
[LVGLdbg2] REFR_REQUEST recv, refr_timer=0x3ffc68dc paused=0
[Watchdog] step=mqtt.loop loopIterations=2416274 (+15651) freeHeap=71160 minFreeHeap=59604
[LVGLdbg2] invalidate_area FULL-mode -> sending REFR_REQUEST
[LVGLdbg2] REFR_REQUEST recv, refr_timer=0x3ffc68dc paused=0
[LVGLdbg2] REFR_REQUEST recv, refr_timer=0x3ffc68dc paused=0
[LVGLdbg2] invalidate_area FULL-mode -> sending REFR_REQUEST
[LVGLdbg2] REFR_REQUEST recv, refr_timer=0x3ffc68dc paused=0
[LVGLdbg2] REFR_REQUEST recv, refr_timer=0x3ffc68dc paused=0
[LVGLdbg2] invalidate_area FULL-mode -> sending REFR_REQUEST
[LVGLdbg2] REFR_REQUEST recv, refr_timer=0x3ffc68dc paused=0
[LVGLdbg2] REFR_REQUEST recv, refr_timer=0x3ffc68dc paused=0
[LVGLdbg2] invalidate_area FULL-mode -> sending REFR_REQUEST
[LVGLdbg2] REFR_REQUEST recv, refr_timer=0x3ffc68dc paused=0
[LVGLdbg2] REFR_REQUEST recv, refr_timer=0x3ffc68dc paused=0
[Watchdog] step=lv_timer_handler loopIterations=2431893 (+15616) freeHeap=71160 minFreeHeap=59604
[LVGLdbg2] invalidate_area FULL-mode -> sending REFR_REQUEST
[LVGLdbg2] REFR_REQUEST recv, refr_timer=0x3ffc68dc paused=0
[LVGLdbg2] REFR_REQUEST recv, refr_timer=0x3ffc68dc paused=0
[LVGLdbg2] invalidate_area FULL-mode -> sending REFR_REQUEST
[LVGLdbg2] REFR_REQUEST recv, refr_timer=0x3ffc68dc paused=0
[LVGLdbg2] REFR_REQUEST recv, refr_timer=0x3ffc68dc paused=0
[LVGLdbg2] invalidate_area FULL-mode -> sending REFR_REQUEST
[LVGLdbg2] REFR_REQUEST recv, refr_timer=0x3ffc68dc paused=0
[LVGLdbg2] REFR_REQUEST recv, refr_timer=0x3ffc68dc paused=0
[LVGLdbg2] invalidate_area FULL-mode -> sending REFR_REQUEST
[LVGLdbg2] REFR_REQUEST recv, refr_timer=0x3ffc68dc paused=0
[LVGLdbg2] REFR_REQUEST recv, refr_timer=0x3ffc68dc paused=0
[Watchdog] step=mqtt.loop loopIterations=2447543 (+15646) freeHeap=71160 minFreeHeap=59604
[LVGLdbg2] invalidate_area FULL-mode -> sending REFR_REQUEST
[LVGLdbg2] REFR_REQUEST recv, refr_timer=0x3ffc68dc paused=0
[LVGLdbg2] REFR_REQUEST recv, refr_timer=0x3ffc68dc paused=0
[LVGLdbg2] invalidate_area FULL-mode -> sending REFR_REQUEST
[LVGLdbg2] REFR_REQUEST recv, refr_timer=0x3ffc68dc paused=0
[LVGLdbg2] REFR_REQUEST recv, refr_timer=0x3ffc68dc paused=0
[LVGLdbg2] invalidate_area FULL-mode -> sending REFR_REQUEST
[LVGLdbg2] REFR_REQUEST recv, refr_timer=0x3ffc68dc paused=0
[LVGLdbg2] REFR_REQUEST recv, refr_timer=0x3ffc68dc paused=0
[LVGLdbg2] invalidate_area FULL-mode -> sending REFR_REQUEST
[LVGLdbg2] REFR_REQUEST recv, refr_timer=0x3ffc68dc paused=0
[LVGLdbg2] REFR_REQUEST recv, refr_timer=0x3ffc68dc paused=0
[Watchdog] step=peripheralManager.loop loopIterations=2463191 (+15645) freeHeap=71160 minFreeHeap=59604
[LVGLdbg2] invalidate_area FULL-mode -> sending REFR_REQUEST
[LVGLdbg2] REFR_REQUEST recv, refr_timer=0x3ffc68dc paused=0
[LVGLdbg2] REFR_REQUEST recv, refr_timer=0x3ffc68dc paused=0
[LVGLdbg2] invalidate_area FULL-mode -> sending REFR_REQUEST
[LVGLdbg2] REFR_REQUEST recv, refr_timer=0x3ffc68dc paused=0
[LVGLdbg2] REFR_REQUEST recv, refr_timer=0x3ffc68dc paused=0
[LVGLdbg2] invalidate_area FULL-mode -> sending REFR_REQUEST
[LVGLdbg2] REFR_REQUEST recv, refr_timer=0x3ffc68dc paused=0
[LVGLdbg2] REFR_REQUEST recv, refr_timer=0x3ffc68dc paused=0
[LVGLdbg2] invalidate_area FULL-mode -> sending REFR_REQUEST
[LVGLdbg2] REFR_REQUEST recv, refr_timer=0x3ffc68dc paused=0
[LVGLdbg2] REFR_REQUEST recv, refr_timer=0x3ffc68dc paused=0
[Watchdog] step=mqtt.loop loopIterations=2478845 (+15650) freeHeap=71160 minFreeHeap=59604
[LVGLdbg2] invalidate_area FULL-mode -> sending REFR_REQUEST
[LVGLdbg2] REFR_REQUEST recv, refr_timer=0x3ffc68dc paused=0
[LVGLdbg2] REFR_REQUEST recv, refr_timer=0x3ffc68dc paused=0
[LVGLdbg2] invalidate_area FULL-mode -> sending REFR_REQUEST
[LVGLdbg2] REFR_REQUEST recv, refr_timer=0x3ffc68dc paused=0
[LVGLdbg2] REFR_REQUEST recv, refr_timer=0x3ffc68dc paused=0
[LVGLdbg2] invalidate_area FULL-mode -> sending REFR_REQUEST
[LVGLdbg2] REFR_REQUEST recv, refr_timer=0x3ffc68dc paused=0
[LVGLdbg2] REFR_REQUEST recv, refr_timer=0x3ffc68dc paused=0
[LVGLdbg2] invalidate_area FULL-mode -> sending REFR_REQUEST
[LVGLdbg2] REFR_REQUEST recv, refr_timer=0x3ffc68dc paused=0
[LVGLdbg2] REFR_REQUEST recv, refr_timer=0x3ffc68dc paused=0
[Watchdog] step=mqtt.loop loopIterations=2494503 (+15655) freeHeap=71160 minFreeHeap=59604
[LVGLdbg2] invalidate_area FULL-mode -> sending REFR_REQUEST
[LVGLdbg2] REFR_REQUEST recv, refr_timer=0x3ffc68dc paused=0
[LVGLdbg2] REFR_REQUEST recv, refr_timer=0x3ffc68dc paused=0
[LVGLdbg2] invalidate_area FULL-mode -> sending REFR_REQUEST
[LVGLdbg2] REFR_REQUEST recv, refr_timer=0x3ffc68dc paused=0
[LVGLdbg2] REFR_REQUEST recv, refr_timer=0x3ffc68dc paused=0
[ScreenPower] Idle -> Asleep
[LVGLdbg2] invalidate_area FULL-mode -> sending REFR_REQUEST
[LVGLdbg2] REFR_REQUEST recv, refr_timer=0x3ffc68dc paused=0
[Watchdog] step=idle loopIterations=2510338 (+15832) freeHeap=71160 minFreeHeap=59604
[Watchdog] step=mqtt.loop loopIterations=2526799 (+16461) freeHeap=71160 minFreeHeap=59604
[Watchdog] step=mqtt.loop loopIterations=2543252 (+16452) freeHeap=71160 minFreeHeap=59604
[Watchdog] step=M5.update loopIterations=2559704 (+16451) freeHeap=71160 minFreeHeap=59604
[Watchdog] step=mqtt.loop loopIterations=2576152 (+16448) freeHeap=71160 minFreeHeap=59604
[Watchdog] step=mqtt.loop loopIterations=2592603 (+16450) freeHeap=71160 minFreeHeap=59604
[Watchdog] step=M5.update loopIterations=2609047 (+16443) freeHeap=71160 minFreeHeap=59604
[Watchdog] step=M5.update loopIterations=2625501 (+16453) freeHeap=71160 minFreeHeap=59604
[Watchdog] step=M5.update loopIterations=2641948 (+16446) freeHeap=71160 minFreeHeap=59604
[Watchdog] step=M5.update loopIterations=2658400 (+16452) freeHeap=71160 minFreeHeap=59604
[Watchdog] step=idle loopIterations=2674863 (+16463) freeHeap=71160 minFreeHeap=59604
[Watchdog] step=mqtt.loop loopIterations=2691324 (+16461) freeHeap=71160 minFreeHeap=59604
[Watchdog] step=M5.update loopIterations=2707783 (+16458) freeHeap=71160 minFreeHeap=59604
[Watchdog] step=M5.update loopIterations=2724239 (+16456) freeHeap=71160 minFreeHeap=59604
[Watchdog] step=M5.update loopIterations=2740687 (+16447) freeHeap=71160 minFreeHeap=59604
[Watchdog] step=mqtt.loop loopIterations=2757133 (+16446) freeHeap=71160 minFreeHeap=59604
[Watchdog] step=idle loopIterations=2773584 (+16450) freeHeap=71160 minFreeHeap=59604
[Watchdog] step=M5.update loopIterations=2790026 (+16441) freeHeap=71160 minFreeHeap=59604
[Watchdog] step=M5.update loopIterations=2806479 (+16452) freeHeap=71160 minFreeHeap=59604
[Watchdog] step=M5.update loopIterations=2822929 (+16450) freeHeap=71160 minFreeHeap=59604
[Watchdog] step=mqtt.loop loopIterations=2839384 (+16455) freeHeap=71160 minFreeHeap=59604
[Watchdog] step=mqtt.loop loopIterations=2855842 (+16457) freeHeap=71160 minFreeHeap=59604
[Watchdog] step=M5.update loopIterations=2872300 (+16456) freeHeap=71160 minFreeHeap=59604
[Watchdog] step=M5.update loopIterations=2888751 (+16450) freeHeap=71160 minFreeHeap=59604
[Watchdog] step=M5.update loopIterations=2905204 (+16453) freeHeap=71160 minFreeHeap=59604
[Watchdog] step=M5.update loopIterations=2921293 (+16089) freeHeap=71160 minFreeHeap=59604
[Watchdog] step=M5.update loopIterations=2937307 (+16012) freeHeap=71160 minFreeHeap=59604
[Watchdog] step=mqtt.loop loopIterations=2953312 (+16005) freeHeap=71160 minFreeHeap=59604
[Watchdog] step=mqtt.loop loopIterations=2969328 (+16014) freeHeap=71160 minFreeHeap=59604
[Watchdog] step=mqtt.loop loopIterations=2985344 (+16015) freeHeap=71160 minFreeHeap=59604
[Watchdog] step=mqtt.loop loopIterations=3001364 (+16019) freeHeap=71160 minFreeHeap=59604
[Watchdog] step=mqtt.loop loopIterations=3017387 (+16022) freeHeap=71160 minFreeHeap=59604
[Watchdog] step=M5.update loopIterations=3033413 (+16025) freeHeap=71160 minFreeHeap=59604
[Watchdog] step=M5.update loopIterations=3049441 (+16026) freeHeap=71160 minFreeHeap=59604
[Watchdog] step=mqtt.loop loopIterations=3065456 (+16015) freeHeap=71160 minFreeHeap=59604
[Watchdog] step=mqtt.loop loopIterations=3081476 (+16019) freeHeap=71160 minFreeHeap=59604
[Watchdog] step=mqtt.loop loopIterations=3097493 (+16016) freeHeap=71160 minFreeHeap=59604
[Watchdog] step=mqtt.loop loopIterations=3113501 (+16007) freeHeap=71160 minFreeHeap=59604
[Watchdog] step=M5.update loopIterations=3129520 (+16017) freeHeap=71160 minFreeHeap=59604
[Watchdog] step=M5.update loopIterations=3145535 (+16015) freeHeap=71160 minFreeHeap=59604
[Watchdog] step=mqtt.loop loopIterations=3161553 (+16018) freeHeap=71160 minFreeHeap=59604
[Watchdog] step=mqtt.loop loopIterations=3177575 (+16021) freeHeap=71160 minFreeHeap=59604
[Watchdog] step=mqtt.loop loopIterations=3193602 (+16026) freeHeap=71160 minFreeHeap=59604
[Watchdog] step=mqtt.loop loopIterations=3209627 (+16024) freeHeap=71160 minFreeHeap=59604
[Watchdog] step=mqtt.loop loopIterations=3225644 (+16016) freeHeap=71160 minFreeHeap=59604
[Watchdog] step=peripheralManager.loop loopIterations=3241665 (+16020) freeHeap=71160 minFreeHeap=59604
[Watchdog] step=mqtt.loop loopIterations=3257679 (+16013) freeHeap=71160 minFreeHeap=59604
[Watchdog] step=mqtt.loop loopIterations=3273686 (+16006) freeHeap=71160 minFreeHeap=59604
[Watchdog] step=mqtt.loop loopIterations=3289695 (+16008) freeHeap=71160 minFreeHeap=59604
[Watchdog] step=peripheralManager.loop loopIterations=3305707 (+16011) freeHeap=71160 minFreeHeap=59604
