#include "Icons.h"

// Converted from Alert.png (42x42, RGB565A8: RGB565 plane + A8 alpha plane)
static const uint8_t icon_alert_map[] = {
    0x00,0x00,0x00,0x00,0x00,0x00,0x00,0x00,0x00,0x00,0x00,0x00,0x00,0x00,0x00,0x00,
    0x00,0x00,0x00,0x00,0x00,0x00,0x00,0x00,0x00,0x00,0x00,0x00,0x00,0x00,0xe3,0xb0,
    0xe3,0xb0,0xe3,0xb0,0xe3,0xb0,0xe3,0xb0,0xe3,0xb0,0xe3,0xb0,0xe3,0xb0,0xe3,0xb0,
    0xe3,0xb0,0xe3,0xb0,0xe3,0xb0,0x00,0x00,0x00,0x00,0x00,0x00,0x00,0x00,0x00,0x00,
    0x00,0x00,0x00,0x00,0x00,0x00,0x00,0x00,0x00,0x00,0x00,0x00,0x00,0x00,0x00,0x00,
    0x00,0x00,0x00,0x00,0x00,0x00,0x00,0x00,0x00,0x00,0x00,0x00,0x00,0x00,0x00,0x00,
    0x00,0x00,0x00,0x00,0x00,0x00,0x00,0x00,0x00,0x00,0x00,0x00,0xe3,0xb0,0xe3,0xb0,
    0xe3,0xb0,0xe3,0xb0,0xe3,0xb0,0xe3,0xb0,0xe3,0xb0,0xe3,0xb0,0xe3,0xb0,0xe3,0xb0,
    0xe3,0xb0,0xe3,0xb0,0xe3,0xb0,0xe3,0xb0,0xe3,0xb0,0xe3,0xb0,0xe3,0xb0,0xe3,0xb0,
    0x00,0x00,0x00,0x00,0x00,0x00,0x00,0x00,0x00,0x00,0x00,0x00,0x00,0x00,0x00,0x00,
    0x00,0x00,0x00,0x00,0x00,0x00,0x00,0x00,0x00,0x00,0x00,0x00,0x00,0x00,0x00,0x00,
    0x00,0x00,0x00,0x00,0x00,0x00,0x00,0x00,0x00,0x00,0x00,0x00,0xe3,0xb0,0xe3,0xb0,
    0xe3,0xb0,0xe3,0xb0,0xe3,0xb0,0xe3,0xb0,0xe3,0xb0,0xe3,0xb0,0xe3,0xb0,0xe3,0xb0,
    0xe3,0xb0,0xe3,0xb0,0xe3,0xb0,0xe3,0xb0,0xe3,0xb0,0xe3,0xb0,0xe3,0xb0,0xe3,0xb0,
    0xe3,0xb0,0xe3,0xb0,0xe3,0xb0,0xe3,0xb0,0x00,0x00,0x00,0x00,0x00,0x00,0x00,0x00,
    0x00,0x00,0x00,0x00,0x00,0x00,0x00,0x00,0x00,0x00,0x00,0x00,0x00,0x00,0x00,0x00,
    0x00,0x00,0x00,0x00,0x00,0x00,0x00,0x00,0x00,0x00,0x00,0x00,0xe3,0xb0,0xe3,0xb0,
    0xe3,0xb0,0xe3,0xb0,0xe3,0xb0,0xe3,0xb0,0xe3,0xb0,0xe3,0xb0,0xe3,0xb0,0xe3,0xb0,
    0xe3,0xb0,0xe3,0xb0,0xe3,0xb0,0xe3,0xb0,0xe3,0xb0,0xe3,0xb0,0xe3,0xb0,0xe3,0xb0,
    0xe3,0xb0,0xe3,0xb0,0xe3,0xb0,0xe3,0xb0,0xe3,0xb0,0xe3,0xb0,0xe3,0xb0,0xe3,0xb0,
    0x00,0x00,0x00,0x00,0x00,0x00,0x00,0x00,0x00,0x00,0x00,0x00,0x00,0x00,0x00,0x00,
    0x00,0x00,0x00,0x00,0x00,0x00,0x00,0x00,0x00,0x00,0x00,0x00,0x00,0x00,0xe3,0xb0,
    0xe3,0xb0,0xe3,0xb0,0xe3,0xb0,0xe3,0xb0,0xe3,0xb0,0xe3,0xb0,0xe3,0xb0,0xe3,0xb0,
    0xe3,0xb0,0xe3,0xb0,0xe3,0xb0,0xe3,0xb0,0xe3,0xb0,0xe3,0xb0,0xe3,0xb0,0xe3,0xb0,
    0xe3,0xb0,0xe3,0xb0,0xe3,0xb0,0xe3,0xb0,0xe3,0xb0,0xe3,0xb0,0xe3,0xb0,0xe3,0xb0,
    0xe3,0xb0,0xe3,0xb0,0xe3,0xb0,0x00,0x00,0x00,0x00,0x00,0x00,0x00,0x00,0x00,0x00,
    0x00,0x00,0x00,0x00,0x00,0x00,0x00,0x00,0x00,0x00,0x00,0x00,0x00,0x00,0x00,0x00,
    0xe3,0xb0,0xe3,0xb0,0xe3,0xb0,0xe3,0xb0,0xe3,0xb0,0xe3,0xb0,0xe3,0xb0,0xe3,0xb0,
    0xe3,0xb0,0xe3,0xb0,0xe3,0xb0,0xe3,0xb0,0xe3,0xb0,0xe3,0xb0,0xcf,0xcb,0x6d,0xcb,
    0xe3,0xb0,0xe3,0xb0,0xe3,0xb0,0xe3,0xb0,0xe3,0xb0,0xe3,0xb0,0xe3,0xb0,0xe3,0xb0,
    0xe3,0xb0,0xe3,0xb0,0xe3,0xb0,0xe3,0xb0,0xe3,0xb0,0xe3,0xb0,0x00,0x00,0x00,0x00,
    0x00,0x00,0x00,0x00,0x00,0x00,0x00,0x00,0x00,0x00,0x00,0x00,0x00,0x00,0x00,0x00,
    0x00,0x00,0xe3,0xb0,0xe3,0xb0,0xe3,0xb0,0xe3,0xb0,0xe3,0xb0,0xe3,0xb0,0xe3,0xb0,
    0xe3,0xb0,0xe3,0xb0,0xe3,0xb0,0xe3,0xb0,0xe3,0xb0,0xe3,0xb0,0xe3,0xb0,0xe3,0xb0,
    0x1c,0xe7,0x1c,0xe7,0xe3,0xb0,0xe3,0xb0,0xe3,0xb0,0xe3,0xb0,0xe3,0xb0,0xe3,0xb0,
    0xe3,0xb0,0xe3,0xb0,0xe3,0xb0,0xe3,0xb0,0xe3,0xb0,0xe3,0xb0,0xe3,0xb0,0xe3,0xb0,
    0xe3,0xb0,0x00,0x00,0x00,0x00,0x00,0x00,0x00,0x00,0x00,0x00,0x00,0x00,0x00,0x00,
    0x00,0x00,0x00,0x00,0xe3,0xb0,0xe3,0xb0,0xe3,0xb0,0xe3,0xb0,0xe3,0xb0,0xe3,0xb0,
    0xe3,0xb0,0xe3,0xb0,0xe3,0xb0,0xe3,0xb0,0xe3,0xb0,0xe3,0xb0,0xe3,0xb0,0xe3,0xb0,
    0xe3,0xb0,0xb6,0xdd,0x1c,0xe7,0x1c,0xe7,0x55,0xd5,0xe3,0xb0,0xe3,0xb0,0xe3,0xb0,
    0xe3,0xb0,0xe3,0xb0,0xe3,0xb0,0xe3,0xb0,0xe3,0xb0,0xe3,0xb0,0xe3,0xb0,0xe3,0xb0,
    0xe3,0xb0,0xe3,0xb0,0xe3,0xb0,0xe3,0xb0,0x00,0x00,0x00,0x00,0x00,0x00,0x00,0x00,
    0x00,0x00,0x00,0x00,0x00,0x00,0xe3,0xb0,0xe3,0xb0,0xe3,0xb0,0xe3,0xb0,0xe3,0xb0,
    0xe3,0xb0,0xe3,0xb0,0xe3,0xb0,0xe3,0xb0,0xe3,0xb0,0xe3,0xb0,0xe3,0xb0,0xe3,0xb0,
    0xe3,0xb0,0xe3,0xb0,0x45,0xb9,0x1c,0xe7,0x1c,0xe7,0x1c,0xe7,0x1c,0xe7,0x24,0xb9,
    0xe3,0xb0,0xe3,0xb0,0xe3,0xb0,0xe3,0xb0,0xe3,0xb0,0xe3,0xb0,0xe3,0xb0,0xe3,0xb0,
    0xe3,0xb0,0xe3,0xb0,0xe3,0xb0,0xe3,0xb0,0xe3,0xb0,0xe3,0xb0,0xe3,0xb0,0x00,0x00,
    0x00,0x00,0x00,0x00,0x00,0x00,0x00,0x00,0x00,0x00,0xe3,0xb0,0xe3,0xb0,0xe3,0xb0,
    0xe3,0xb0,0xe3,0xb0,0xe3,0xb0,0xe3,0xb0,0xe3,0xb0,0xe3,0xb0,0xe3,0xb0,0xe3,0xb0,
    0xe3,0xb0,0xe3,0xb0,0xe3,0xb0,0xe3,0xb0,0xdb,0xe6,0x1c,0xe7,0xdb,0xe6,0xdb,0xe6,
    0x1c,0xe7,0xdb,0xe6,0xe3,0xb0,0xe3,0xb0,0xe3,0xb0,0xe3,0xb0,0xe3,0xb0,0xe3,0xb0,
    0xe3,0xb0,0xe3,0xb0,0xe3,0xb0,0xe3,0xb0,0xe3,0xb0,0xe3,0xb0,0xe3,0xb0,0xe3,0xb0,
    0xe3,0xb0,0x00,0x00,0x00,0x00,0x00,0x00,0x00,0x00,0x00,0x00,0xe3,0xb0,0xe3,0xb0,
    0xe3,0xb0,0xe3,0xb0,0xe3,0xb0,0xe3,0xb0,0xe3,0xb0,0xe3,0xb0,0xe3,0xb0,0xe3,0xb0,
    0xe3,0xb0,0xe3,0xb0,0xe3,0xb0,0xe3,0xb0,0xe3,0xb0,0x8a,0xc2,0x1c,0xe7,0x1c,0xe7,
    0x24,0xb9,0x45,0xb9,0x1c,0xe7,0x1c,0xe7,0x28,0xc2,0xe3,0xb0,0xe3,0xb0,0xe3,0xb0,
    0xe3,0xb0,0xe3,0xb0,0xe3,0xb0,0xe3,0xb0,0xe3,0xb0,0xe3,0xb0,0xe3,0xb0,0xe3,0xb0,
    0xe3,0xb0,0xe3,0xb0,0xe3,0xb0,0xe3,0xb0,0x00,0x00,0x00,0x00,0x00,0x00,0x00,0x00,
    0xe3,0xb0,0xe3,0xb0,0xe3,0xb0,0xe3,0xb0,0xe3,0xb0,0xe3,0xb0,0xe3,0xb0,0xe3,0xb0,
    0xe3,0xb0,0xe3,0xb0,0xe3,0xb0,0xe3,0xb0,0xe3,0xb0,0xe3,0xb0,0xe3,0xb0,0x1c,0xe7,
    0x1c,0xe7,0x34,0xd5,0xe3,0xb0,0xe3,0xb0,0xb6,0xdd,0x1c,0xe7,0x1c,0xe7,0xe3,0xb0,
    0xe3,0xb0,0xe3,0xb0,0xe3,0xb0,0xe3,0xb0,0xe3,0xb0,0xe3,0xb0,0xe3,0xb0,0xe3,0xb0,
    0xe3,0xb0,0xe3,0xb0,0xe3,0xb0,0xe3,0xb0,0xe3,0xb0,0xe3,0xb0,0x00,0x00,0x00,0x00,
    0x00,0x00,0xe3,0xb0,0xe3,0xb0,0xe3,0xb0,0xe3,0xb0,0xe3,0xb0,0xe3,0xb0,0xe3,0xb0,
    0xe3,0xb0,0xe3,0xb0,0xe3,0xb0,0xe3,0xb0,0xe3,0xb0,0xe3,0xb0,0xe3,0xb0,0xe3,0xb0,
    0x71,0xd4,0x1c,0xe7,0x1c,0xe7,0xe3,0xb0,0xe3,0xb0,0xe3,0xb0,0xe3,0xb0,0x1c,0xe7,
    0x1c,0xe7,0x10,0xcc,0xe3,0xb0,0xe3,0xb0,0xe3,0xb0,0xe3,0xb0,0xe3,0xb0,0xe3,0xb0,
    0xe3,0xb0,0xe3,0xb0,0xe3,0xb0,0xe3,0xb0,0xe3,0xb0,0xe3,0xb0,0xe3,0xb0,0xe3,0xb0,
    0xe3,0xb0,0x00,0x00,0x00,0x00,0xe3,0xb0,0xe3,0xb0,0xe3,0xb0,0xe3,0xb0,0xe3,0xb0,
    0xe3,0xb0,0xe3,0xb0,0xe3,0xb0,0xe3,0xb0,0xe3,0xb0,0xe3,0xb0,0xe3,0xb0,0xe3,0xb0,
    0xe3,0xb0,0xe3,0xb0,0x1c,0xe7,0x1c,0xe7,0x4d,0xcb,0xe3,0xb0,0xe3,0xb0,0xe3,0xb0,
    0xe3,0xb0,0xcf,0xcb,0x1c,0xe7,0x1c,0xe7,0xe3,0xb0,0xe3,0xb0,0xe3,0xb0,0xe3,0xb0,
    0xe3,0xb0,0xe3,0xb0,0xe3,0xb0,0xe3,0xb0,0xe3,0xb0,0xe3,0xb0,0xe3,0xb0,0xe3,0xb0,
    0xe3,0xb0,0xe3,0xb0,0xe3,0xb0,0x00,0x00,0xe3,0xb0,0xe3,0xb0,0xe3,0xb0,0xe3,0xb0,
    0xe3,0xb0,0xe3,0xb0,0xe3,0xb0,0xe3,0xb0,0xe3,0xb0,0xe3,0xb0,0xe3,0xb0,0xe3,0xb0,
    0xe3,0xb0,0xe3,0xb0,0xe3,0xb0,0x18,0xde,0x1c,0xe7,0xfb,0xe6,0xe3,0xb0,0xe3,0xb0,
    0xe3,0xb0,0xe3,0xb0,0xe3,0xb0,0xe3,0xb0,0x1c,0xe7,0x1c,0xe7,0xd7,0xdd,0xe3,0xb0,
    0xe3,0xb0,0xe3,0xb0,0xe3,0xb0,0xe3,0xb0,0xe3,0xb0,0xe3,0xb0,0xe3,0xb0,0xe3,0xb0,
    0xe3,0xb0,0xe3,0xb0,0xe3,0xb0,0xe3,0xb0,0xe3,0xb0,0xe3,0xb0,0xe3,0xb0,0xe3,0xb0,
    0xe3,0xb0,0xe3,0xb0,0xe3,0xb0,0xe3,0xb0,0xe3,0xb0,0xe3,0xb0,0xe3,0xb0,0xe3,0xb0,
    0xe3,0xb0,0xe3,0xb0,0xe3,0xb0,0xe3,0xb0,0xa6,0xb9,0x1c,0xe7,0x1c,0xe7,0xa6,0xb9,
    0xe3,0xb0,0xe3,0xb0,0x1c,0xe7,0x1c,0xe7,0xe3,0xb0,0xe3,0xb0,0x08,0xba,0x1c,0xe7,
    0x1c,0xe7,0x65,0xb9,0xe3,0xb0,0xe3,0xb0,0xe3,0xb0,0xe3,0xb0,0xe3,0xb0,0xe3,0xb0,
    0xe3,0xb0,0xe3,0xb0,0xe3,0xb0,0xe3,0xb0,0xe3,0xb0,0xe3,0xb0,0xe3,0xb0,0xe3,0xb0,
    0xe3,0xb0,0xe3,0xb0,0xe3,0xb0,0xe3,0xb0,0xe3,0xb0,0xe3,0xb0,0xe3,0xb0,0xe3,0xb0,
    0xe3,0xb0,0xe3,0xb0,0xe3,0xb0,0xe3,0xb0,0xe3,0xb0,0xe3,0xb0,0xfb,0xe6,0x1c,0xe7,
    0x38,0xde,0xe3,0xb0,0xe3,0xb0,0xe3,0xb0,0x1c,0xe7,0x1c,0xe7,0xe3,0xb0,0xe3,0xb0,
    0xe3,0xb0,0x79,0xde,0x1c,0xe7,0xdb,0xe6,0xe3,0xb0,0xe3,0xb0,0xe3,0xb0,0xe3,0xb0,
    0xe3,0xb0,0xe3,0xb0,0xe3,0xb0,0xe3,0xb0,0xe3,0xb0,0xe3,0xb0,0xe3,0xb0,0xe3,0xb0,
    0xe3,0xb0,0xe3,0xb0,0xe3,0xb0,0xe3,0xb0,0xe3,0xb0,0xe3,0xb0,0xe3,0xb0,0xe3,0xb0,
    0xe3,0xb0,0xe3,0xb0,0xe3,0xb0,0xe3,0xb0,0xe3,0xb0,0xe3,0xb0,0xe3,0xb0,0x2c,0xc3,
    0x1c,0xe7,0x1c,0xe7,0xe3,0xb0,0xe3,0xb0,0xe3,0xb0,0xe3,0xb0,0x1c,0xe7,0x1c,0xe7,
    0xe3,0xb0,0xe3,0xb0,0xe3,0xb0,0x04,0xb9,0x1c,0xe7,0x1c,0xe7,0xcb,0xc2,0xe3,0xb0,
    0xe3,0xb0,0xe3,0xb0,0xe3,0xb0,0xe3,0xb0,0xe3,0xb0,0xe3,0xb0,0xe3,0xb0,0xe3,0xb0,
    0xe3,0xb0,0xe3,0xb0,0xe3,0xb0,0xe3,0xb0,0xe3,0xb0,0xe3,0xb0,0xe3,0xb0,0xe3,0xb0,
    0xe3,0xb0,0xe3,0xb0,0xe3,0xb0,0xe3,0xb0,0xe3,0xb0,0xe3,0xb0,0xe3,0xb0,0xe3,0xb0,
    0xe3,0xb0,0x1c,0xe7,0x1c,0xe7,0x92,0xd4,0xe3,0xb0,0xe3,0xb0,0xe3,0xb0,0xe3,0xb0,
    0x1c,0xe7,0x1c,0xe7,0xe3,0xb0,0xe3,0xb0,0xe3,0xb0,0xe3,0xb0,0x14,0xd5,0x1c,0xe7,
    0x1c,0xe7,0xe3,0xb0,0xe3,0xb0,0xe3,0xb0,0xe3,0xb0,0xe3,0xb0,0xe3,0xb0,0xe3,0xb0,
    0xe3,0xb0,0xe3,0xb0,0xe3,0xb0,0xe3,0xb0,0xe3,0xb0,0xe3,0xb0,0xe3,0xb0,0xe3,0xb0,
    0xe3,0xb0,0xe3,0xb0,0xe3,0xb0,0xe3,0xb0,0xe3,0xb0,0xe3,0xb0,0xe3,0xb0,0xe3,0xb0,
    0xe3,0xb0,0xe3,0xb0,0x14,0xd5,0x1c,0xe7,0x1c,0xe7,0xe3,0xb0,0xe3,0xb0,0xe3,0xb0,
    0xe3,0xb0,0xe3,0xb0,0x1c,0xe7,0x1c,0xe7,0xe3,0xb0,0xe3,0xb0,0xe3,0xb0,0xe3,0xb0,
    0xe3,0xb0,0x1c,0xe7,0x1c,0xe7,0xb2,0xd4,0xe3,0xb0,0xe3,0xb0,0xe3,0xb0,0xe3,0xb0,
    0xe3,0xb0,0xe3,0xb0,0xe3,0xb0,0xe3,0xb0,0xe3,0xb0,0xe3,0xb0,0xe3,0xb0,0xe3,0xb0,
    0xe3,0xb0,0xe3,0xb0,0xe3,0xb0,0xe3,0xb0,0xe3,0xb0,0xe3,0xb0,0xe3,0xb0,0xe3,0xb0,
    0xe3,0xb0,0xe3,0xb0,0xe3,0xb0,0x24,0xb9,0x1c,0xe7,0x1c,0xe7,0xaa,0xc2,0xe3,0xb0,
    0xe3,0xb0,0xe3,0xb0,0xe3,0xb0,0xe3,0xb0,0x1c,0xe7,0x1c,0xe7,0xe3,0xb0,0xe3,0xb0,
    0xe3,0xb0,0xe3,0xb0,0xe3,0xb0,0x0c,0xc3,0x1c,0xe7,0x1c,0xe7,0xe3,0xb8,0xe3,0xb0,
    0xe3,0xb0,0xe3,0xb0,0xe3,0xb0,0xe3,0xb0,0xe3,0xb0,0xe3,0xb0,0xe3,0xb0,0xe3,0xb0,
    0xe3,0xb0,0xe3,0xb0,0xe3,0xb0,0xe3,0xb0,0xe3,0xb0,0xe3,0xb0,0xe3,0xb0,0xe3,0xb0,
    0xe3,0xb0,0xe3,0xb0,0xe3,0xb0,0xe3,0xb0,0xe3,0xb0,0x9a,0xde,0x1c,0xe7,0xba,0xde,
    0xe3,0xb0,0xe3,0xb0,0xe3,0xb0,0xe3,0xb0,0xe3,0xb0,0xe3,0xb0,0x1c,0xe7,0x1c,0xe7,
    0xe3,0xb0,0xe3,0xb0,0xe3,0xb0,0xe3,0xb0,0xe3,0xb0,0xe3,0xb0,0xfb,0xe6,0x1c,0xe7,
    0x38,0xde,0xe3,0xb0,0xe3,0xb0,0xe3,0xb0,0xe3,0xb0,0xe3,0xb0,0xe3,0xb0,0xe3,0xb0,
    0xe3,0xb0,0xe3,0xb0,0xe3,0xb0,0xe3,0xb0,0xe3,0xb0,0xe3,0xb0,0xe3,0xb0,0xe3,0xb0,
    0xe3,0xb0,0xe3,0xb0,0xe3,0xb0,0xe3,0xb0,0xe3,0xb0,0xe3,0xb0,0xc7,0xb9,0x1c,0xe7,
    0x1c,0xe7,0x45,0xb9,0xe3,0xb0,0xe3,0xb0,0xe3,0xb0,0xe3,0xb0,0xe3,0xb0,0xe3,0xb0,
    0x45,0xb9,0x45,0xb9,0xe3,0xb0,0xe3,0xb0,0xe3,0xb0,0xe3,0xb0,0xe3,0xb0,0xe3,0xb0,
    0x65,0xb9,0x1c,0xe7,0x1c,0xe7,0xa6,0xb9,0xe3,0xb0,0xe3,0xb0,0xe3,0xb0,0xe3,0xb0,
    0xe3,0xb0,0xe3,0xb0,0xe3,0xb0,0xe3,0xb0,0xe3,0xb0,0xe3,0xb0,0xe3,0xb0,0xe3,0xb0,
    0xe3,0xb0,0xe3,0xb0,0xe3,0xb0,0xe3,0xb0,0xe3,0xb0,0xe3,0xb0,0xe3,0xb0,0xe3,0xb0,
    0x1c,0xe7,0x1c,0xe7,0xb6,0xdd,0xe3,0xb0,0xe3,0xb0,0xe3,0xb0,0xe3,0xb0,0xe3,0xb0,
    0xe3,0xb0,0xe3,0xb0,0xe3,0xb0,0xe3,0xb0,0xe3,0xb0,0xe3,0xb0,0xe3,0xb0,0xe3,0xb0,
    0xe3,0xb0,0xe3,0xb0,0xe3,0xb0,0x18,0xde,0x1c,0xe7,0xfb,0xe6,0xe3,0xb0,0xe3,0xb0,
    0xe3,0xb0,0xe3,0xb0,0xe3,0xb0,0xe3,0xb0,0xe3,0xb0,0xe3,0xb0,0xe3,0xb0,0xe3,0xb0,
    0xe3,0xb0,0xe3,0xb0,0xe3,0xb0,0xe3,0xb0,0xe3,0xb0,0xe3,0xb0,0xe3,0xb0,0xe3,0xb0,
    0xe3,0xb0,0x8e,0xcb,0x1c,0xe7,0x1c,0xe7,0xe3,0xb0,0xe3,0xb0,0xe3,0xb0,0xe3,0xb0,
    0xe3,0xb0,0xe3,0xb0,0xe3,0xb0,0xe3,0xb0,0x1c,0xe7,0x1c,0xe7,0xe3,0xb0,0xe3,0xb0,
    0xe3,0xb0,0xe3,0xb0,0xe3,0xb0,0xe3,0xb0,0xe3,0xb0,0xe3,0xb0,0x1c,0xe7,0x1c,0xe7,
    0x4d,0xc3,0xe3,0xb0,0xe3,0xb0,0xe3,0xb0,0xe3,0xb0,0xe3,0xb0,0xe3,0xb0,0xe3,0xb0,
    0xe3,0xb0,0xe3,0xb0,0xe3,0xb0,0xe3,0xb0,0xe3,0xb0,0xe3,0xb0,0xe3,0xb0,0xe3,0xb0,
    0xe3,0xb0,0xe3,0xb0,0xe3,0xb0,0x1c,0xe7,0x1c,0xe7,0xef,0xcb,0xe3,0xb0,0xe3,0xb0,
    0xe3,0xb0,0xe3,0xb0,0xe3,0xb0,0xe3,0xb0,0xe3,0xb0,0xe3,0xb0,0x1c,0xe7,0x1c,0xe7,
    0xe3,0xb0,0xe3,0xb0,0xe3,0xb0,0xe3,0xb0,0xe3,0xb0,0xe3,0xb0,0xe3,0xb0,0xe3,0xb0,
    0x51,0xcc,0x1c,0xe7,0x1c,0xe7,0xe3,0xb0,0xe3,0xb0,0xe3,0xb0,0xe3,0xb0,0xe3,0xb0,
    0xe3,0xb0,0xe3,0xb0,0xe3,0xb0,0xe3,0xb0,0xe3,0xb0,0xe3,0xb0,0xe3,0xb0,0xe3,0xb0,
    0xe3,0xb0,0xe3,0xb0,0xe3,0xb0,0xe3,0xb0,0xb6,0xdd,0x1c,0xe7,0x1c,0xe7,0xe3,0xb0,
    0xe3,0xb0,0xe3,0xb0,0xe3,0xb0,0xe3,0xb0,0xe3,0xb0,0xe3,0xb0,0xe3,0xb0,0xe3,0xb0,
    0xe3,0xb0,0xe3,0xb0,0xe3,0xb0,0xe3,0xb0,0xe3,0xb0,0xe3,0xb0,0xe3,0xb0,0xe3,0xb0,
    0xe3,0xb0,0xe3,0xb0,0xe3,0xb0,0x1c,0xe7,0x1c,0xe7,0x34,0xd5,0xe3,0xb0,0xe3,0xb0,
    0xe3,0xb0,0xe3,0xb0,0xe3,0xb0,0xe3,0xb0,0xe3,0xb0,0xe3,0xb0,0x00,0x00,0xe3,0xb0,
    0xe3,0xb0,0xe3,0xb0,0xe3,0xb0,0xe3,0xb0,0xe3,0xb0,0x45,0xb9,0x1c,0xe7,0x1c,0xe7,
    0x08,0xba,0xe3,0xb0,0xe3,0xb0,0xe3,0xb0,0xe3,0xb0,0xe3,0xb0,0xe3,0xb0,0xe3,0xb0,
    0xe3,0xb0,0xe3,0xb0,0xe3,0xb0,0xe3,0xb0,0xe3,0xb0,0xe3,0xb0,0xe3,0xb0,0xe3,0xb0,
    0xe3,0xb0,0xe3,0xb0,0xe3,0xb0,0xe3,0xb0,0xe3,0xb0,0x69,0xc2,0x1c,0xe7,0x1c,0xe7,
    0x24,0xb9,0xe3,0xb0,0xe3,0xb0,0xe3,0xb0,0xe3,0xb0,0xe3,0xb0,0xe3,0xb0,0x00,0x00,
    0x00,0x00,0xe3,0xb0,0xe3,0xb0,0xe3,0xb0,0xe3,0xb0,0xe3,0xb0,0xe3,0xb0,0xba,0xde,
    0x1c,0xe7,0x1c,0xe7,0x1c,0xe7,0x1c,0xe7,0x1c,0xe7,0x1c,0xe7,0x1c,0xe7,0x1c,0xe7,
    0x1c,0xe7,0x1c,0xe7,0x1c,0xe7,0x1c,0xe7,0x1c,0xe7,0x1c,0xe7,0x1c,0xe7,0x1c,0xe7,
    0x1c,0xe7,0x1c,0xe7,0x1c,0xe7,0x1c,0xe7,0x1c,0xe7,0x1c,0xe7,0x1c,0xe7,0x1c,0xe7,
    0x1c,0xe7,0x1c,0xe7,0x9a,0xde,0xe3,0xb0,0xe3,0xb0,0xe3,0xb0,0xe3,0xb0,0xe3,0xb0,
    0xe3,0xb0,0x00,0x00,0x00,0x00,0x00,0x00,0xe3,0xb0,0xe3,0xb0,0xe3,0xb0,0xe3,0xb0,
    0xaa,0xc2,0x1c,0xe7,0x1c,0xe7,0x1c,0xe7,0x1c,0xe7,0x1c,0xe7,0x1c,0xe7,0x1c,0xe7,
    0x1c,0xe7,0x1c,0xe7,0x1c,0xe7,0x1c,0xe7,0x1c,0xe7,0x1c,0xe7,0x1c,0xe7,0x1c,0xe7,
    0x1c,0xe7,0x1c,0xe7,0x1c,0xe7,0x1c,0xe7,0x1c,0xe7,0x1c,0xe7,0x1c,0xe7,0x1c,0xe7,
    0x1c,0xe7,0x1c,0xe7,0x1c,0xe7,0x1c,0xe7,0x1c,0xe7,0x28,0xba,0xe3,0xb0,0xe3,0xb0,
    0xe3,0xb0,0xe3,0xb0,0x00,0x00,0x00,0x00,0x00,0x00,0x00,0x00,0xe3,0xb0,0xe3,0xb0,
    0xe3,0xb0,0xe3,0xb0,0xe3,0xb0,0xe3,0xb0,0xe3,0xb0,0xe3,0xb0,0xe3,0xb0,0xe3,0xb0,
    0xe3,0xb0,0xe3,0xb0,0xe3,0xb0,0xe3,0xb0,0xe3,0xb0,0xe3,0xb0,0xe3,0xb0,0xe3,0xb0,
    0xe3,0xb0,0xe3,0xb0,0xe3,0xb0,0xe3,0xb0,0xe3,0xb0,0xe3,0xb0,0xe3,0xb0,0xe3,0xb0,
    0xe3,0xb0,0xe3,0xb0,0xe3,0xb0,0xe3,0xb0,0xe3,0xb0,0xe3,0xb0,0xe3,0xb0,0xe3,0xb0,
    0xe3,0xb0,0xe3,0xb0,0xe3,0xb0,0xe3,0xb0,0x00,0x00,0x00,0x00,0x00,0x00,0x00,0x00,
    0x00,0x00,0xe3,0xb0,0xe3,0xb0,0xe3,0xb0,0xe3,0xb0,0xe3,0xb0,0xe3,0xb0,0xe3,0xb0,
    0xe3,0xb0,0xe3,0xb0,0xe3,0xb0,0xe3,0xb0,0xe3,0xb0,0xe3,0xb0,0xe3,0xb0,0xe3,0xb0,
    0xe3,0xb0,0xe3,0xb0,0xe3,0xb0,0xe3,0xb0,0xe3,0xb0,0xe3,0xb0,0xe3,0xb0,0xe3,0xb0,
    0xe3,0xb0,0xe3,0xb0,0xe3,0xb0,0xe3,0xb0,0xe3,0xb0,0xe3,0xb0,0xe3,0xb0,0xe3,0xb0,
    0xe3,0xb0,0xe3,0xb0,0xe3,0xb0,0xe3,0xb0,0xe3,0xb0,0x00,0x00,0x00,0x00,0x00,0x00,
    0x00,0x00,0x00,0x00,0x00,0x00,0xe3,0xb0,0xe3,0xb0,0xe3,0xb0,0xe3,0xb0,0xe3,0xb0,
    0xe3,0xb0,0xe3,0xb0,0xe3,0xb0,0xe3,0xb0,0xe3,0xb0,0xe3,0xb0,0xe3,0xb0,0xe3,0xb0,
    0xe3,0xb0,0xe3,0xb0,0xe3,0xb0,0xe3,0xb0,0xe3,0xb0,0xe3,0xb0,0xe3,0xb0,0xe3,0xb0,
    0xe3,0xb0,0xe3,0xb0,0xe3,0xb0,0xe3,0xb0,0xe3,0xb0,0xe3,0xb0,0xe3,0xb0,0xe3,0xb0,
    0xe3,0xb0,0xe3,0xb0,0xe3,0xb0,0xe3,0xb0,0xe3,0xb0,0xe3,0xb0,0xe3,0xb0,0x00,0x00,
    0x00,0x00,0x00,0x00,0x00,0x00,0x00,0x00,0x00,0x00,0x00,0x00,0xe3,0xb0,0xe3,0xb0,
    0xe3,0xb0,0xe3,0xb0,0xe3,0xb0,0xe3,0xb0,0xe3,0xb0,0xe3,0xb0,0xe3,0xb0,0xe3,0xb0,
    0xe3,0xb0,0xe3,0xb0,0xe3,0xb0,0xe3,0xb0,0xe3,0xb0,0xe3,0xb0,0xe3,0xb0,0xe3,0xb0,
    0xe3,0xb0,0xe3,0xb0,0xe3,0xb0,0xe3,0xb0,0xe3,0xb0,0xe3,0xb0,0xe3,0xb0,0xe3,0xb0,
    0xe3,0xb0,0xe3,0xb0,0xe3,0xb0,0xe3,0xb0,0xe3,0xb0,0xe3,0xb0,0xe3,0xb0,0xe3,0xb0,
    0x00,0x00,0x00,0x00,0x00,0x00,0x00,0x00,0x00,0x00,0x00,0x00,0x00,0x00,0x00,0x00,
    0x00,0x00,0xe3,0xb0,0xe3,0xb0,0xe3,0xb0,0xe3,0xb0,0xe3,0xb0,0xe3,0xb0,0xe3,0xb0,
    0xe3,0xb0,0xe3,0xb0,0xe3,0xb0,0xe3,0xb0,0xe3,0xb0,0xe3,0xb0,0xe3,0xb0,0xe3,0xb0,
    0xe3,0xb0,0xe3,0xb0,0xe3,0xb0,0xe3,0xb0,0xe3,0xb0,0xe3,0xb0,0xe3,0xb0,0xe3,0xb0,
    0xe3,0xb0,0xe3,0xb0,0xe3,0xb0,0xe3,0xb0,0xe3,0xb0,0xe3,0xb0,0xe3,0xb0,0xe3,0xb0,
    0xe3,0xb0,0x00,0x00,0x00,0x00,0x00,0x00,0x00,0x00,0x00,0x00,0x00,0x00,0x00,0x00,
    0x00,0x00,0x00,0x00,0x00,0x00,0x00,0x00,0xe3,0xb0,0xe3,0xb0,0xe3,0xb0,0xe3,0xb0,
    0xe3,0xb0,0xe3,0xb0,0xe3,0xb0,0xe3,0xb0,0xe3,0xb0,0xe3,0xb0,0xe3,0xb0,0xe3,0xb0,
    0xe3,0xb0,0xe3,0xb0,0xe3,0xb0,0xe3,0xb0,0xe3,0xb0,0xe3,0xb0,0xe3,0xb0,0xe3,0xb0,
    0xe3,0xb0,0xe3,0xb0,0xe3,0xb0,0xe3,0xb0,0xe3,0xb0,0xe3,0xb0,0xe3,0xb0,0xe3,0xb0,
    0xe3,0xb0,0xe3,0xb0,0x00,0x00,0x00,0x00,0x00,0x00,0x00,0x00,0x00,0x00,0x00,0x00,
    0x00,0x00,0x00,0x00,0x00,0x00,0x00,0x00,0x00,0x00,0x00,0x00,0x00,0x00,0xe3,0xb0,
    0xe3,0xb0,0xe3,0xb0,0xe3,0xb0,0xe3,0xb0,0xe3,0xb0,0xe3,0xb0,0xe3,0xb0,0xe3,0xb0,
    0xe3,0xb0,0xe3,0xb0,0xe3,0xb0,0xe3,0xb0,0xe3,0xb0,0xe3,0xb0,0xe3,0xb0,0xe3,0xb0,
    0xe3,0xb0,0xe3,0xb0,0xe3,0xb0,0xe3,0xb0,0xe3,0xb0,0xe3,0xb0,0xe3,0xb0,0xe3,0xb0,
    0xe3,0xb0,0xe3,0xb0,0xe3,0xb0,0x00,0x00,0x00,0x00,0x00,0x00,0x00,0x00,0x00,0x00,
    0x00,0x00,0x00,0x00,0x00,0x00,0x00,0x00,0x00,0x00,0x00,0x00,0x00,0x00,0x00,0x00,
    0x00,0x00,0x00,0x00,0xe3,0xb0,0xe3,0xb0,0xe3,0xb0,0xe3,0xb0,0xe3,0xb0,0xe3,0xb0,
    0xe3,0xb0,0xe3,0xb0,0xe3,0xb0,0xe3,0xb0,0xe3,0xb0,0xe3,0xb0,0xe3,0xb0,0xe3,0xb0,
    0xe3,0xb0,0xe3,0xb0,0xe3,0xb0,0xe3,0xb0,0xe3,0xb0,0xe3,0xb0,0xe3,0xb0,0xe3,0xb0,
    0xe3,0xb0,0xe3,0xb0,0xe3,0xb0,0xe3,0xb0,0x00,0x00,0x00,0x00,0x00,0x00,0x00,0x00,
    0x00,0x00,0x00,0x00,0x00,0x00,0x00,0x00,0x00,0x00,0x00,0x00,0x00,0x00,0x00,0x00,
    0x00,0x00,0x00,0x00,0x00,0x00,0x00,0x00,0x00,0x00,0x00,0x00,0xe3,0xb0,0xe3,0xb0,
    0xe3,0xb0,0xe3,0xb0,0xe3,0xb0,0xe3,0xb0,0xe3,0xb0,0xe3,0xb0,0xe3,0xb0,0xe3,0xb0,
    0xe3,0xb0,0xe3,0xb0,0xe3,0xb0,0xe3,0xb0,0xe3,0xb0,0xe3,0xb0,0xe3,0xb0,0xe3,0xb0,
    0xe3,0xb0,0xe3,0xb0,0xe3,0xb0,0xe3,0xb0,0x00,0x00,0x00,0x00,0x00,0x00,0x00,0x00,
    0x00,0x00,0x00,0x00,0x00,0x00,0x00,0x00,0x00,0x00,0x00,0x00,0x00,0x00,0x00,0x00,
    0x00,0x00,0x00,0x00,0x00,0x00,0x00,0x00,0x00,0x00,0x00,0x00,0x00,0x00,0x00,0x00,
    0x00,0x00,0x00,0x00,0xe3,0xb0,0xe3,0xb0,0xe3,0xb0,0xe3,0xb0,0xe3,0xb0,0xe3,0xb0,
    0xe3,0xb0,0xe3,0xb0,0xe3,0xb0,0xe3,0xb0,0xe3,0xb0,0xe3,0xb0,0xe3,0xb0,0xe3,0xb0,
    0xe3,0xb0,0xe3,0xb0,0xe3,0xb0,0xe3,0xb0,0x00,0x00,0x00,0x00,0x00,0x00,0x00,0x00,
    0x00,0x00,0x00,0x00,0x00,0x00,0x00,0x00,0x00,0x00,0x00,0x00,0x00,0x00,0x00,0x00,
    0x00,0x00,0x00,0x00,0x00,0x00,0x00,0x00,0x00,0x00,0x00,0x00,0x00,0x00,0x00,0x00,
    0x00,0x00,0x00,0x00,0x00,0x00,0x00,0x00,0x00,0x00,0x00,0x00,0x00,0x00,0xe3,0xb0,
    0xe3,0xb0,0xe3,0xb0,0xe3,0xb0,0xe3,0xb0,0xe3,0xb0,0xe3,0xb0,0xe3,0xb0,0xe3,0xb0,
    0xe3,0xb0,0xe3,0xb0,0xe3,0xb0,0x00,0x00,0x00,0x00,0x00,0x00,0x00,0x00,0x00,0x00,
    0x00,0x00,0x00,0x00,0x00,0x00,0x00,0x00,0x00,0x00,0x00,0x00,0x00,0x00,0x00,0x00,
    0x00,0x00,0x00,0x00,0x00,0x00,0x00,0x00,0x00,0x00,0x00,0x00,0x00,0x00,0x00,0x00,
    0x00,0x00,0x00,0x00,0x00,0x00,0x00,0x00,0x00,0x00,0x00,0x00,0x00,0x00,0x00,0x00,
    0x00,0x00,0x00,0x00,0x00,0x00,0x00,0x00,0x00,0x00,0x00,0x00,0x00,0x00,0x00,0x00,
    0x00,0x00,0x00,0x00,0x00,0x00,0x00,0x00,0x00,0x00,0x00,0x00,0x00,0x00,0x00,0x00,
    0x00,0x00,0x00,0x00,0x00,0x00,0x00,0x00,0x00,0x00,0x00,0x00,0x00,0x00,0x00,0x00,
    0x00,0x00,0x00,0x00,0x00,0x00,0x00,0x00,0x00,0x00,0x00,0x00,0x00,0x00,0x00,0x00,
    0x00,0x00,0x00,0x00,0x00,0x00,0x00,0x4b,0x80,0xbf,0xcf,0xff,0xff,0xff,0xff,0xcf,
    0xbf,0x80,0x4b,0x00,0x00,0x00,0x00,0x00,0x00,0x00,0x00,0x00,0x00,0x00,0x00,0x00,
    0x00,0x00,0x00,0x00,0x00,0x00,0x00,0x00,0x00,0x00,0x00,0x00,0x00,0x00,0x3c,0x9f,
    0xef,0xff,0xff,0xff,0xff,0xff,0xff,0xff,0xff,0xff,0xff,0xff,0xff,0xef,0x9f,0x3c,
    0x00,0x00,0x00,0x00,0x00,0x00,0x00,0x00,0x00,0x00,0x00,0x00,0x00,0x00,0x00,0x00,
    0x00,0x00,0x00,0x00,0x00,0x00,0x3c,0xbf,0xff,0xff,0xff,0xff,0xff,0xff,0xff,0xff,
    0xff,0xff,0xff,0xff,0xff,0xff,0xff,0xff,0xff,0xff,0xbf,0x3c,0x00,0x00,0x00,0x00,
    0x00,0x00,0x00,0x00,0x00,0x00,0x00,0x00,0x00,0x00,0x00,0x00,0x00,0x00,0x0f,0xaf,
    0xff,0xff,0xff,0xff,0xff,0xff,0xff,0xff,0xff,0xff,0xff,0xff,0xff,0xff,0xff,0xff,
    0xff,0xff,0xff,0xff,0xff,0xff,0xaf,0x0f,0x00,0x00,0x00,0x00,0x00,0x00,0x00,0x00,
    0x00,0x00,0x00,0x00,0x00,0x00,0x00,0x2d,0xef,0xff,0xff,0xff,0xff,0xff,0xff,0xff,
    0xff,0xff,0xff,0xff,0xff,0xff,0xff,0xff,0xff,0xff,0xff,0xff,0xff,0xff,0xff,0xff,
    0xff,0xef,0x2d,0x00,0x00,0x00,0x00,0x00,0x00,0x00,0x00,0x00,0x00,0x00,0x00,0x00,
    0x5a,0xff,0xff,0xff,0xff,0xff,0xff,0xff,0xff,0xff,0xff,0xff,0xff,0xff,0xff,0xff,
    0xff,0xff,0xff,0xff,0xff,0xff,0xff,0xff,0xff,0xff,0xff,0xff,0xff,0x5a,0x00,0x00,
    0x00,0x00,0x00,0x00,0x00,0x00,0x00,0x00,0x00,0x5a,0xff,0xff,0xff,0xff,0xff,0xff,
    0xff,0xff,0xff,0xff,0xff,0xff,0xff,0xff,0xff,0xff,0xff,0xff,0xff,0xff,0xff,0xff,
    0xff,0xff,0xff,0xff,0xff,0xff,0xff,0xff,0x5a,0x00,0x00,0x00,0x00,0x00,0x00,0x00,
    0x00,0x00,0x3c,0xff,0xff,0xff,0xff,0xff,0xff,0xff,0xff,0xff,0xff,0xff,0xff,0xff,
    0xff,0xff,0xff,0xff,0xff,0xff,0xff,0xff,0xff,0xff,0xff,0xff,0xff,0xff,0xff,0xff,
    0xff,0xff,0xff,0x3c,0x00,0x00,0x00,0x00,0x00,0x00,0x00,0x0f,0xef,0xff,0xff,0xff,
    0xff,0xff,0xff,0xff,0xff,0xff,0xff,0xff,0xff,0xff,0xff,0xff,0xff,0xff,0xff,0xff,
    0xff,0xff,0xff,0xff,0xff,0xff,0xff,0xff,0xff,0xff,0xff,0xff,0xff,0xef,0x0f,0x00,
    0x00,0x00,0x00,0x00,0x00,0xbf,0xff,0xff,0xff,0xff,0xff,0xff,0xff,0xff,0xff,0xff,
    0xff,0xff,0xff,0xff,0xff,0xff,0xff,0xff,0xff,0xff,0xff,0xff,0xff,0xff,0xff,0xff,
    0xff,0xff,0xff,0xff,0xff,0xff,0xff,0xff,0xbf,0x00,0x00,0x00,0x00,0x00,0x4b,0xff,
    0xff,0xff,0xff,0xff,0xff,0xff,0xff,0xff,0xff,0xff,0xff,0xff,0xff,0xff,0xff,0xff,
    0xff,0xff,0xff,0xff,0xff,0xff,0xff,0xff,0xff,0xff,0xff,0xff,0xff,0xff,0xff,0xff,
    0xff,0xff,0xff,0x4b,0x00,0x00,0x00,0x00,0xdf,0xff,0xff,0xff,0xff,0xff,0xff,0xff,
    0xff,0xff,0xff,0xff,0xff,0xff,0xff,0xff,0xff,0xff,0xff,0xff,0xff,0xff,0xff,0xff,
    0xff,0xff,0xff,0xff,0xff,0xff,0xff,0xff,0xff,0xff,0xff,0xff,0xff,0xdf,0x00,0x00,
    0x00,0x5a,0xff,0xff,0xff,0xff,0xff,0xff,0xff,0xff,0xff,0xff,0xff,0xff,0xff,0xff,
    0xff,0xff,0xff,0xff,0xff,0xff,0xff,0xff,0xff,0xff,0xff,0xff,0xff,0xff,0xff,0xff,
    0xff,0xff,0xff,0xff,0xff,0xff,0xff,0xff,0x5a,0x00,0x00,0xaf,0xff,0xff,0xff,0xff,
    0xff,0xff,0xff,0xff,0xff,0xff,0xff,0xff,0xff,0xff,0xff,0xff,0xff,0xff,0xff,0xff,
    0xff,0xff,0xff,0xff,0xff,0xff,0xff,0xff,0xff,0xff,0xff,0xff,0xff,0xff,0xff,0xff,
    0xff,0xff,0xaf,0x00,0x0c,0xff,0xff,0xff,0xff,0xff,0xff,0xff,0xff,0xff,0xff,0xff,
    0xff,0xff,0xff,0xff,0xff,0xff,0xff,0xff,0xff,0xff,0xff,0xff,0xff,0xff,0xff,0xff,
    0xff,0xff,0xff,0xff,0xff,0xff,0xff,0xff,0xff,0xff,0xff,0xff,0xff,0x0c,0x5a,0xff,
    0xff,0xff,0xff,0xff,0xff,0xff,0xff,0xff,0xff,0xff,0xff,0xff,0xff,0xff,0xff,0xff,
    0xff,0xff,0xff,0xff,0xff,0xff,0xff,0xff,0xff,0xff,0xff,0xff,0xff,0xff,0xff,0xff,
    0xff,0xff,0xff,0xff,0xff,0xff,0xff,0x5a,0x8f,0xff,0xff,0xff,0xff,0xff,0xff,0xff,
    0xff,0xff,0xff,0xff,0xff,0xff,0xff,0xff,0xff,0xff,0xff,0xff,0xff,0xff,0xff,0xff,
    0xff,0xff,0xff,0xff,0xff,0xff,0xff,0xff,0xff,0xff,0xff,0xff,0xff,0xff,0xff,0xff,
    0xff,0x8f,0xbf,0xff,0xff,0xff,0xff,0xff,0xff,0xff,0xff,0xff,0xff,0xff,0xff,0xff,
    0xff,0xff,0xff,0xff,0xff,0xff,0xff,0xff,0xff,0xff,0xff,0xff,0xff,0xff,0xff,0xff,
    0xff,0xff,0xff,0xff,0xff,0xff,0xff,0xff,0xff,0xff,0xff,0xbf,0xef,0xff,0xff,0xff,
    0xff,0xff,0xff,0xff,0xff,0xff,0xff,0xff,0xff,0xff,0xff,0xff,0xff,0xff,0xff,0xff,
    0xff,0xff,0xff,0xff,0xff,0xff,0xff,0xff,0xff,0xff,0xff,0xff,0xff,0xff,0xff,0xff,
    0xff,0xff,0xff,0xff,0xff,0xef,0xff,0xff,0xff,0xff,0xff,0xff,0xff,0xff,0xff,0xff,
    0xff,0xff,0xff,0xff,0xff,0xff,0xff,0xff,0xff,0xff,0xff,0xff,0xff,0xff,0xff,0xff,
    0xff,0xff,0xff,0xff,0xff,0xff,0xff,0xff,0xff,0xff,0xff,0xff,0xff,0xff,0xff,0xff,
    0xff,0xff,0xff,0xff,0xff,0xff,0xff,0xff,0xff,0xff,0xff,0xff,0xff,0xff,0xff,0xff,
    0xff,0xff,0xff,0xff,0xff,0xff,0xff,0xff,0xff,0xff,0xff,0xff,0xff,0xff,0xff,0xff,
    0xff,0xff,0xff,0xff,0xff,0xff,0xff,0xff,0xff,0xff,0xff,0xff,0xff,0xff,0xff,0xff,
    0xff,0xff,0xff,0xff,0xff,0xff,0xff,0xff,0xff,0xff,0xff,0xff,0xff,0xff,0xff,0xff,
    0xff,0xff,0xff,0xff,0xff,0xff,0xff,0xff,0xff,0xff,0xff,0xff,0xff,0xff,0xff,0xff,
    0xff,0xff,0xff,0xff,0xef,0xff,0xff,0xff,0xff,0xff,0xff,0xff,0xff,0xff,0xff,0xff,
    0xff,0xff,0xff,0xff,0xff,0xff,0xff,0xff,0xff,0xff,0xff,0xff,0xff,0xff,0xff,0xff,
    0xff,0xff,0xff,0xff,0xff,0xff,0xff,0xff,0xff,0xff,0xff,0xff,0xff,0xef,0xbf,0xff,
    0xff,0xff,0xff,0xff,0xff,0xff,0xff,0xff,0xff,0xff,0xff,0xff,0xff,0xff,0xff,0xff,
    0xff,0xff,0xff,0xff,0xff,0xff,0xff,0xff,0xff,0xff,0xff,0xff,0xff,0xff,0xff,0xff,
    0xff,0xff,0xff,0xff,0xff,0xff,0xff,0xbf,0x8f,0xff,0xff,0xff,0xff,0xff,0xff,0xff,
    0xff,0xff,0xff,0xff,0xff,0xff,0xff,0xff,0xff,0xff,0xff,0xff,0xff,0xff,0xff,0xff,
    0xff,0xff,0xff,0xff,0xff,0xff,0xff,0xff,0xff,0xff,0xff,0xff,0xff,0xff,0xff,0xff,
    0xff,0x8f,0x5a,0xff,0xff,0xff,0xff,0xff,0xff,0xff,0xff,0xff,0xff,0xff,0xff,0xff,
    0xff,0xff,0xff,0xff,0xff,0xff,0xff,0xff,0xff,0xff,0xff,0xff,0xff,0xff,0xff,0xff,
    0xff,0xff,0xff,0xff,0xff,0xff,0xff,0xff,0xff,0xff,0xff,0x5a,0x0c,0xff,0xff,0xff,
    0xff,0xff,0xff,0xff,0xff,0xff,0xff,0xff,0xff,0xff,0xff,0xff,0xff,0xff,0xff,0xff,
    0xff,0xff,0xff,0xff,0xff,0xff,0xff,0xff,0xff,0xff,0xff,0xff,0xff,0xff,0xff,0xff,
    0xff,0xff,0xff,0xff,0xff,0x0c,0x00,0xaf,0xff,0xff,0xff,0xff,0xff,0xff,0xff,0xff,
    0xff,0xff,0xff,0xff,0xff,0xff,0xff,0xff,0xff,0xff,0xff,0xff,0xff,0xff,0xff,0xff,
    0xff,0xff,0xff,0xff,0xff,0xff,0xff,0xff,0xff,0xff,0xff,0xff,0xff,0xff,0xaf,0x00,
    0x00,0x5a,0xff,0xff,0xff,0xff,0xff,0xff,0xff,0xff,0xff,0xff,0xff,0xff,0xff,0xff,
    0xff,0xff,0xff,0xff,0xff,0xff,0xff,0xff,0xff,0xff,0xff,0xff,0xff,0xff,0xff,0xff,
    0xff,0xff,0xff,0xff,0xff,0xff,0xff,0xff,0x5a,0x00,0x00,0x00,0xdf,0xff,0xff,0xff,
    0xff,0xff,0xff,0xff,0xff,0xff,0xff,0xff,0xff,0xff,0xff,0xff,0xff,0xff,0xff,0xff,
    0xff,0xff,0xff,0xff,0xff,0xff,0xff,0xff,0xff,0xff,0xff,0xff,0xff,0xff,0xff,0xff,
    0xff,0xdf,0x00,0x00,0x00,0x00,0x4b,0xff,0xff,0xff,0xff,0xff,0xff,0xff,0xff,0xff,
    0xff,0xff,0xff,0xff,0xff,0xff,0xff,0xff,0xff,0xff,0xff,0xff,0xff,0xff,0xff,0xff,
    0xff,0xff,0xff,0xff,0xff,0xff,0xff,0xff,0xff,0xff,0xff,0x4b,0x00,0x00,0x00,0x00,
    0x00,0xbf,0xff,0xff,0xff,0xff,0xff,0xff,0xff,0xff,0xff,0xff,0xff,0xff,0xff,0xff,
    0xff,0xff,0xff,0xff,0xff,0xff,0xff,0xff,0xff,0xff,0xff,0xff,0xff,0xff,0xff,0xff,
    0xff,0xff,0xff,0xff,0xbf,0x00,0x00,0x00,0x00,0x00,0x00,0x0f,0xef,0xff,0xff,0xff,
    0xff,0xff,0xff,0xff,0xff,0xff,0xff,0xff,0xff,0xff,0xff,0xff,0xff,0xff,0xff,0xff,
    0xff,0xff,0xff,0xff,0xff,0xff,0xff,0xff,0xff,0xff,0xff,0xff,0xff,0xef,0x0f,0x00,
    0x00,0x00,0x00,0x00,0x00,0x00,0x3c,0xff,0xff,0xff,0xff,0xff,0xff,0xff,0xff,0xff,
    0xff,0xff,0xff,0xff,0xff,0xff,0xff,0xff,0xff,0xff,0xff,0xff,0xff,0xff,0xff,0xff,
    0xff,0xff,0xff,0xff,0xff,0xff,0xff,0x3c,0x00,0x00,0x00,0x00,0x00,0x00,0x00,0x00,
    0x00,0x5a,0xff,0xff,0xff,0xff,0xff,0xff,0xff,0xff,0xff,0xff,0xff,0xff,0xff,0xff,
    0xff,0xff,0xff,0xff,0xff,0xff,0xff,0xff,0xff,0xff,0xff,0xff,0xff,0xff,0xff,0xff,
    0x5a,0x00,0x00,0x00,0x00,0x00,0x00,0x00,0x00,0x00,0x00,0x00,0x5a,0xff,0xff,0xff,
    0xff,0xff,0xff,0xff,0xff,0xff,0xff,0xff,0xff,0xff,0xff,0xff,0xff,0xff,0xff,0xff,
    0xff,0xff,0xff,0xff,0xff,0xff,0xff,0xff,0xff,0x5a,0x00,0x00,0x00,0x00,0x00,0x00,
    0x00,0x00,0x00,0x00,0x00,0x00,0x00,0x2d,0xef,0xff,0xff,0xff,0xff,0xff,0xff,0xff,
    0xff,0xff,0xff,0xff,0xff,0xff,0xff,0xff,0xff,0xff,0xff,0xff,0xff,0xff,0xff,0xff,
    0xff,0xef,0x2d,0x00,0x00,0x00,0x00,0x00,0x00,0x00,0x00,0x00,0x00,0x00,0x00,0x00,
    0x00,0x00,0x0f,0xaf,0xff,0xff,0xff,0xff,0xff,0xff,0xff,0xff,0xff,0xff,0xff,0xff,
    0xff,0xff,0xff,0xff,0xff,0xff,0xff,0xff,0xff,0xff,0xaf,0x0f,0x00,0x00,0x00,0x00,
    0x00,0x00,0x00,0x00,0x00,0x00,0x00,0x00,0x00,0x00,0x00,0x00,0x00,0x00,0x3c,0xbf,
    0xff,0xff,0xff,0xff,0xff,0xff,0xff,0xff,0xff,0xff,0xff,0xff,0xff,0xff,0xff,0xff,
    0xff,0xff,0xbf,0x3c,0x00,0x00,0x00,0x00,0x00,0x00,0x00,0x00,0x00,0x00,0x00,0x00,
    0x00,0x00,0x00,0x00,0x00,0x00,0x00,0x00,0x00,0x00,0x3c,0x9f,0xef,0xff,0xff,0xff,
    0xff,0xff,0xff,0xff,0xff,0xff,0xff,0xff,0xff,0xef,0x9f,0x3c,0x00,0x00,0x00,0x00,
    0x00,0x00,0x00,0x00,0x00,0x00,0x00,0x00,0x00,0x00,0x00,0x00,0x00,0x00,0x00,0x00,
    0x00,0x00,0x00,0x00,0x00,0x00,0x00,0x4b,0x80,0xbf,0xcf,0xff,0xff,0xff,0xff,0xcf,
    0xbf,0x80,0x4b,0x00,0x00,0x00,0x00,0x00,0x00,0x00,0x00,0x00,0x00,0x00,0x00,0x00,
    0x00,0x00,0x00,0x00,0x00,0x00,0x00,0x00,0x00,0x00,0x00,0x00,0x00,0x00,0x00,0x00,
    0x00,0x00,0x00,0x00,0x00,0x00,0x00,0x00,0x00,0x00,0x00,0x00,0x00,0x00,0x00,0x00,
    0x00,0x00,0x00,0x00,0x00,0x00,0x00,0x00,0x00,0x00,0x00,0x00,
};

const lv_image_dsc_t icon_alert = {
    .header = {
        .magic = LV_IMAGE_HEADER_MAGIC,
        .cf = LV_COLOR_FORMAT_RGB565A8,
        .flags = 0,
        .w = 42,
        .h = 42,
        .stride = 84,
        .reserved_2 = 0,
    },
    .data_size = sizeof(icon_alert_map),
    .data = icon_alert_map,
    .reserved = NULL,
    .reserved_2 = NULL,
};

// Converted from BLE.png (42x42, RGB565A8: RGB565 plane + A8 alpha plane)
static const uint8_t icon_ble_map[] = {
    0x00,0x00,0x00,0x00,0x00,0x00,0x00,0x00,0x00,0x00,0x00,0x00,0x00,0x00,0x00,0x00,
    0x00,0x00,0x00,0x00,0x00,0x00,0x00,0x00,0x00,0x00,0x00,0x00,0x00,0x00,0x87,0x21,
    0x87,0x21,0x87,0x21,0x87,0x21,0x87,0x21,0x87,0x21,0x87,0x21,0x87,0x21,0x87,0x21,
    0x87,0x21,0x87,0x21,0x87,0x21,0x00,0x00,0x00,0x00,0x00,0x00,0x00,0x00,0x00,0x00,
    0x00,0x00,0x00,0x00,0x00,0x00,0x00,0x00,0x00,0x00,0x00,0x00,0x00,0x00,0x00,0x00,
    0x00,0x00,0x00,0x00,0x00,0x00,0x00,0x00,0x00,0x00,0x00,0x00,0x00,0x00,0x00,0x00,
    0x00,0x00,0x00,0x00,0x00,0x00,0x00,0x00,0x00,0x00,0x00,0x00,0x87,0x21,0x87,0x21,
    0x87,0x21,0x87,0x21,0x87,0x21,0x87,0x21,0x87,0x21,0x87,0x21,0x87,0x21,0x87,0x21,
    0x87,0x21,0x87,0x21,0x87,0x21,0x87,0x21,0x87,0x21,0x87,0x21,0x87,0x21,0x87,0x21,
    0x00,0x00,0x00,0x00,0x00,0x00,0x00,0x00,0x00,0x00,0x00,0x00,0x00,0x00,0x00,0x00,
    0x00,0x00,0x00,0x00,0x00,0x00,0x00,0x00,0x00,0x00,0x00,0x00,0x00,0x00,0x00,0x00,
    0x00,0x00,0x00,0x00,0x00,0x00,0x00,0x00,0x00,0x00,0x00,0x00,0x87,0x21,0x87,0x21,
    0x87,0x21,0x87,0x21,0x87,0x21,0x87,0x21,0x87,0x21,0x87,0x21,0x87,0x21,0x87,0x21,
    0x87,0x21,0x87,0x21,0x87,0x21,0x87,0x21,0x87,0x21,0x87,0x21,0x87,0x21,0x87,0x21,
    0x87,0x21,0x87,0x21,0x87,0x21,0x87,0x21,0x00,0x00,0x00,0x00,0x00,0x00,0x00,0x00,
    0x00,0x00,0x00,0x00,0x00,0x00,0x00,0x00,0x00,0x00,0x00,0x00,0x00,0x00,0x00,0x00,
    0x00,0x00,0x00,0x00,0x00,0x00,0x00,0x00,0x00,0x00,0x00,0x00,0x87,0x21,0x87,0x21,
    0x87,0x21,0x87,0x21,0x87,0x21,0x87,0x21,0x87,0x21,0x87,0x21,0x87,0x21,0x87,0x21,
    0x87,0x21,0x87,0x21,0x87,0x21,0x87,0x21,0x87,0x21,0x87,0x21,0x87,0x21,0x87,0x21,
    0x87,0x21,0x87,0x21,0x87,0x21,0x87,0x21,0x87,0x21,0x87,0x21,0x87,0x21,0x87,0x21,
    0x00,0x00,0x00,0x00,0x00,0x00,0x00,0x00,0x00,0x00,0x00,0x00,0x00,0x00,0x00,0x00,
    0x00,0x00,0x00,0x00,0x00,0x00,0x00,0x00,0x00,0x00,0x00,0x00,0x00,0x00,0x87,0x21,
    0x87,0x21,0x87,0x21,0x87,0x21,0x87,0x21,0x87,0x21,0x87,0x21,0x87,0x21,0x87,0x21,
    0x87,0x21,0x87,0x21,0x87,0x21,0x87,0x21,0x87,0x21,0x87,0x21,0x87,0x21,0x87,0x21,
    0x87,0x21,0x87,0x21,0x87,0x21,0x87,0x21,0x87,0x21,0x87,0x21,0x87,0x21,0x87,0x21,
    0x87,0x21,0x87,0x21,0x87,0x21,0x00,0x00,0x00,0x00,0x00,0x00,0x00,0x00,0x00,0x00,
    0x00,0x00,0x00,0x00,0x00,0x00,0x00,0x00,0x00,0x00,0x00,0x00,0x00,0x00,0x00,0x00,
    0x87,0x21,0x87,0x21,0x87,0x21,0x87,0x21,0x87,0x21,0x87,0x21,0x87,0x21,0x87,0x21,
    0x87,0x21,0x87,0x21,0x87,0x21,0x87,0x21,0x87,0x21,0x87,0x21,0x87,0x21,0x87,0x21,
    0x87,0x21,0x87,0x21,0x87,0x21,0x87,0x21,0x87,0x21,0x87,0x21,0x87,0x21,0x87,0x21,
    0x87,0x21,0x87,0x21,0x87,0x21,0x87,0x21,0x87,0x21,0x87,0x21,0x00,0x00,0x00,0x00,
    0x00,0x00,0x00,0x00,0x00,0x00,0x00,0x00,0x00,0x00,0x00,0x00,0x00,0x00,0x00,0x00,
    0x00,0x00,0x87,0x21,0x87,0x21,0x87,0x21,0x87,0x21,0x87,0x21,0x87,0x21,0x87,0x21,
    0x87,0x21,0x87,0x21,0x87,0x21,0x87,0x21,0x87,0x21,0x87,0x21,0x87,0x21,0x87,0x21,
    0x87,0x21,0x87,0x21,0x87,0x21,0x87,0x21,0x87,0x21,0x87,0x21,0x87,0x21,0x87,0x21,
    0x87,0x21,0x87,0x21,0x87,0x21,0x87,0x21,0x87,0x21,0x87,0x21,0x87,0x21,0x87,0x21,
    0x87,0x21,0x00,0x00,0x00,0x00,0x00,0x00,0x00,0x00,0x00,0x00,0x00,0x00,0x00,0x00,
    0x00,0x00,0x00,0x00,0x87,0x21,0x87,0x21,0x87,0x21,0x87,0x21,0x87,0x21,0x87,0x21,
    0x87,0x21,0x87,0x21,0x87,0x21,0x87,0x21,0x87,0x21,0x87,0x21,0x87,0x21,0x87,0x21,
    0x87,0x21,0x87,0x21,0x87,0x21,0x87,0x21,0x87,0x21,0x87,0x21,0x87,0x21,0x87,0x21,
    0x87,0x21,0x87,0x21,0x87,0x21,0x87,0x21,0x87,0x21,0x87,0x21,0x87,0x21,0x87,0x21,
    0x87,0x21,0x87,0x21,0x87,0x21,0x87,0x21,0x00,0x00,0x00,0x00,0x00,0x00,0x00,0x00,
    0x00,0x00,0x00,0x00,0x00,0x00,0x87,0x21,0x87,0x21,0x87,0x21,0x87,0x21,0x87,0x21,
    0x87,0x21,0x87,0x21,0x87,0x21,0x87,0x21,0x87,0x21,0x87,0x21,0x87,0x21,0x87,0x21,
    0x87,0x21,0x87,0x21,0x87,0x21,0x87,0x21,0x87,0x21,0x1c,0xe7,0x72,0x8c,0x87,0x21,
    0x87,0x21,0x87,0x21,0x87,0x21,0x87,0x21,0x87,0x21,0x87,0x21,0x87,0x21,0x87,0x21,
    0x87,0x21,0x87,0x21,0x87,0x21,0x87,0x21,0x87,0x21,0x87,0x21,0x87,0x21,0x00,0x00,
    0x00,0x00,0x00,0x00,0x00,0x00,0x00,0x00,0x00,0x00,0x87,0x21,0x87,0x21,0x87,0x21,
    0x87,0x21,0x87,0x21,0x87,0x21,0x87,0x21,0x87,0x21,0x87,0x21,0x87,0x21,0x87,0x21,
    0x87,0x21,0x87,0x21,0x87,0x21,0x87,0x21,0x87,0x21,0x87,0x21,0x87,0x21,0x1c,0xe7,
    0x1c,0xe7,0x72,0x8c,0x87,0x21,0x87,0x21,0x87,0x21,0x87,0x21,0x87,0x21,0x87,0x21,
    0x87,0x21,0x87,0x21,0x87,0x21,0x87,0x21,0x87,0x21,0x87,0x21,0x87,0x21,0x87,0x21,
    0x87,0x21,0x00,0x00,0x00,0x00,0x00,0x00,0x00,0x00,0x00,0x00,0x87,0x21,0x87,0x21,
    0x87,0x21,0x87,0x21,0x87,0x21,0x87,0x21,0x87,0x21,0x87,0x21,0x87,0x21,0x87,0x21,
    0x87,0x21,0x87,0x21,0x87,0x21,0x87,0x21,0x87,0x21,0x87,0x21,0x87,0x21,0x87,0x21,
    0x87,0x21,0x1c,0xe7,0x1c,0xe7,0x1c,0xe7,0x72,0x8c,0x87,0x21,0x87,0x21,0x87,0x21,
    0x87,0x21,0x87,0x21,0x87,0x21,0x87,0x21,0x87,0x21,0x87,0x21,0x87,0x21,0x87,0x21,
    0x87,0x21,0x87,0x21,0x87,0x21,0x87,0x21,0x00,0x00,0x00,0x00,0x00,0x00,0x00,0x00,
    0x87,0x21,0x87,0x21,0x87,0x21,0x87,0x21,0x87,0x21,0x87,0x21,0x87,0x21,0x87,0x21,
    0x87,0x21,0x87,0x21,0x87,0x21,0x87,0x21,0x87,0x21,0x87,0x21,0x87,0x21,0x87,0x21,
    0x87,0x21,0x87,0x21,0x87,0x21,0x1c,0xe7,0x1c,0xe7,0x1c,0xe7,0x1c,0xe7,0x92,0x8c,
    0x87,0x21,0x87,0x21,0x87,0x21,0x87,0x21,0x87,0x21,0x87,0x21,0x87,0x21,0x87,0x21,
    0x87,0x21,0x87,0x21,0x87,0x21,0x87,0x21,0x87,0x21,0x87,0x21,0x00,0x00,0x00,0x00,
    0x00,0x00,0x87,0x21,0x87,0x21,0x87,0x21,0x87,0x21,0x87,0x21,0x87,0x21,0x87,0x21,
    0x87,0x21,0x87,0x21,0x87,0x21,0x87,0x21,0x87,0x21,0x87,0x21,0x1c,0xe7,0x87,0x21,
    0x87,0x21,0x87,0x21,0x87,0x21,0x87,0x21,0x87,0x21,0x1c,0xe7,0x1c,0xe7,0xb6,0xb5,
    0x1c,0xe7,0x1c,0xe7,0x72,0x8c,0x87,0x21,0x87,0x21,0x87,0x21,0x87,0x21,0x87,0x21,
    0x87,0x21,0x87,0x21,0x87,0x21,0x87,0x21,0x87,0x21,0x87,0x21,0x87,0x21,0x87,0x21,
    0x87,0x21,0x00,0x00,0x00,0x00,0x87,0x21,0x87,0x21,0x87,0x21,0x87,0x21,0x87,0x21,
    0x87,0x21,0x87,0x21,0x87,0x21,0x87,0x21,0x87,0x21,0x87,0x21,0x87,0x21,0xfb,0xde,
    0x1c,0xe7,0x1c,0xe7,0x87,0x21,0x87,0x21,0x87,0x21,0x87,0x21,0x87,0x21,0x1c,0xe7,
    0x1c,0xe7,0x87,0x21,0x55,0xa5,0x1c,0xe7,0x1c,0xe7,0x92,0x8c,0x87,0x21,0x87,0x21,
    0x87,0x21,0x87,0x21,0x87,0x21,0x87,0x21,0x87,0x21,0x87,0x21,0x87,0x21,0x87,0x21,
    0x87,0x21,0x87,0x21,0x87,0x21,0x00,0x00,0x00,0x00,0x87,0x21,0x87,0x21,0x87,0x21,
    0x87,0x21,0x87,0x21,0x87,0x21,0x87,0x21,0x87,0x21,0x87,0x21,0x87,0x21,0x87,0x21,
    0x87,0x21,0xa7,0x29,0x1c,0xe7,0x1c,0xe7,0x1c,0xe7,0xa7,0x29,0x87,0x21,0x87,0x21,
    0x87,0x21,0x1c,0xe7,0x1c,0xe7,0x87,0x21,0x87,0x21,0x14,0x9d,0x1c,0xe7,0x1c,0xe7,
    0x92,0x8c,0x87,0x21,0x87,0x21,0x87,0x21,0x87,0x21,0x87,0x21,0x87,0x21,0x87,0x21,
    0x87,0x21,0x87,0x21,0x87,0x21,0x87,0x21,0x87,0x21,0x00,0x00,0x87,0x21,0x87,0x21,
    0x87,0x21,0x87,0x21,0x87,0x21,0x87,0x21,0x87,0x21,0x87,0x21,0x87,0x21,0x87,0x21,
    0x87,0x21,0x87,0x21,0x87,0x21,0x87,0x21,0x87,0x21,0x1c,0xe7,0x1c,0xe7,0x1c,0xe7,
    0xa7,0x29,0x87,0x21,0x87,0x21,0x1c,0xe7,0x1c,0xe7,0x87,0x21,0x87,0x21,0x87,0x21,
    0x1c,0xe7,0x1c,0xe7,0x1c,0xe7,0xa7,0x29,0x87,0x21,0x87,0x21,0x87,0x21,0x87,0x21,
    0x87,0x21,0x87,0x21,0x87,0x21,0x87,0x21,0x87,0x21,0x87,0x21,0x87,0x21,0x87,0x21,
    0x87,0x21,0x87,0x21,0x87,0x21,0x87,0x21,0x87,0x21,0x87,0x21,0x87,0x21,0x87,0x21,
    0x87,0x21,0x87,0x21,0x87,0x21,0x87,0x21,0x87,0x21,0x87,0x21,0x87,0x21,0xa7,0x29,
    0x1c,0xe7,0x1c,0xe7,0x1c,0xe7,0xa7,0x29,0x87,0x21,0x1c,0xe7,0x1c,0xe7,0x87,0x21,
    0x87,0x21,0x1c,0xe7,0x1c,0xe7,0x1c,0xe7,0xc7,0x29,0x87,0x21,0x87,0x21,0x87,0x21,
    0x87,0x21,0x87,0x21,0x87,0x21,0x87,0x21,0x87,0x21,0x87,0x21,0x87,0x21,0x87,0x21,
    0x87,0x21,0x87,0x21,0x87,0x21,0x87,0x21,0x87,0x21,0x87,0x21,0x87,0x21,0x87,0x21,
    0x87,0x21,0x87,0x21,0x87,0x21,0x87,0x21,0x87,0x21,0x87,0x21,0x87,0x21,0x87,0x21,
    0x87,0x21,0x87,0x21,0xa7,0x29,0x1c,0xe7,0x1c,0xe7,0x1c,0xe7,0xa7,0x29,0x1c,0xe7,
    0x1c,0xe7,0x87,0x21,0x1c,0xe7,0x1c,0xe7,0x1c,0xe7,0xc7,0x29,0x87,0x21,0x87,0x21,
    0x87,0x21,0x87,0x21,0x87,0x21,0x87,0x21,0x87,0x21,0x87,0x21,0x87,0x21,0x87,0x21,
    0x87,0x21,0x87,0x21,0x87,0x21,0x87,0x21,0x87,0x21,0x87,0x21,0x87,0x21,0x87,0x21,
    0x87,0x21,0x87,0x21,0x87,0x21,0x87,0x21,0x87,0x21,0x87,0x21,0x87,0x21,0x87,0x21,
    0x87,0x21,0x87,0x21,0x87,0x21,0x87,0x21,0x87,0x21,0x87,0x21,0x1c,0xe7,0x1c,0xe7,
    0x1c,0xe7,0x1c,0xe7,0x1c,0xe7,0x1c,0xe7,0x1c,0xe7,0x1c,0xe7,0xa7,0x29,0x87,0x21,
    0x87,0x21,0x87,0x21,0x87,0x21,0x87,0x21,0x87,0x21,0x87,0x21,0x87,0x21,0x87,0x21,
    0x87,0x21,0x87,0x21,0x87,0x21,0x87,0x21,0x87,0x21,0x87,0x21,0x87,0x21,0x87,0x21,
    0x87,0x21,0x87,0x21,0x87,0x21,0x87,0x21,0x87,0x21,0x87,0x21,0x87,0x21,0x87,0x21,
    0x87,0x21,0x87,0x21,0x87,0x21,0x87,0x21,0x87,0x21,0x87,0x21,0x87,0x21,0x87,0x21,
    0xa7,0x29,0x1c,0xe7,0x1c,0xe7,0x1c,0xe7,0x1c,0xe7,0x1c,0xe7,0x1c,0xe7,0xc7,0x29,
    0x87,0x21,0x87,0x21,0x87,0x21,0x87,0x21,0x87,0x21,0x87,0x21,0x87,0x21,0x87,0x21,
    0x87,0x21,0x87,0x21,0x87,0x21,0x87,0x21,0x87,0x21,0x87,0x21,0x87,0x21,0x87,0x21,
    0x87,0x21,0x87,0x21,0x87,0x21,0x87,0x21,0x87,0x21,0x87,0x21,0x87,0x21,0x87,0x21,
    0x87,0x21,0x87,0x21,0x87,0x21,0x87,0x21,0x87,0x21,0x87,0x21,0x87,0x21,0x87,0x21,
    0x87,0x21,0x87,0x21,0x87,0x21,0xa7,0x29,0x1c,0xe7,0x1c,0xe7,0x1c,0xe7,0x1c,0xe7,
    0xc7,0x29,0x87,0x21,0x87,0x21,0x87,0x21,0x87,0x21,0x87,0x21,0x87,0x21,0x87,0x21,
    0x87,0x21,0x87,0x21,0x87,0x21,0x87,0x21,0x87,0x21,0x87,0x21,0x87,0x21,0x87,0x21,
    0x87,0x21,0x87,0x21,0x87,0x21,0x87,0x21,0x87,0x21,0x87,0x21,0x87,0x21,0x87,0x21,
    0x87,0x21,0x87,0x21,0x87,0x21,0x87,0x21,0x87,0x21,0x87,0x21,0x87,0x21,0x87,0x21,
    0x87,0x21,0x87,0x21,0x87,0x21,0x87,0x21,0x87,0x21,0x87,0x21,0x1c,0xe7,0x1c,0xe7,
    0x1c,0xe7,0x1c,0xe7,0xa7,0x29,0x87,0x21,0x87,0x21,0x87,0x21,0x87,0x21,0x87,0x21,
    0x87,0x21,0x87,0x21,0x87,0x21,0x87,0x21,0x87,0x21,0x87,0x21,0x87,0x21,0x87,0x21,
    0x87,0x21,0x87,0x21,0x87,0x21,0x87,0x21,0x87,0x21,0x87,0x21,0x87,0x21,0x87,0x21,
    0x87,0x21,0x87,0x21,0x87,0x21,0x87,0x21,0x87,0x21,0x87,0x21,0x87,0x21,0x87,0x21,
    0x87,0x21,0x87,0x21,0x87,0x21,0x87,0x21,0x87,0x21,0x87,0x21,0x87,0x21,0x1c,0xe7,
    0x1c,0xe7,0x1c,0xe7,0x1c,0xe7,0x1c,0xe7,0x1c,0xe7,0xa7,0x29,0x87,0x21,0x87,0x21,
    0x87,0x21,0x87,0x21,0x87,0x21,0x87,0x21,0x87,0x21,0x87,0x21,0x87,0x21,0x87,0x21,
    0x87,0x21,0x87,0x21,0x87,0x21,0x87,0x21,0x87,0x21,0x87,0x21,0x87,0x21,0x87,0x21,
    0x87,0x21,0x87,0x21,0x87,0x21,0x87,0x21,0x87,0x21,0x87,0x21,0x87,0x21,0x87,0x21,
    0x87,0x21,0x87,0x21,0x87,0x21,0x87,0x21,0x87,0x21,0x87,0x21,0x87,0x21,0x87,0x21,
    0x1c,0xe7,0x1c,0xe7,0x1c,0xe7,0x1c,0xe7,0x1c,0xe7,0x1c,0xe7,0x1c,0xe7,0x1c,0xe7,
    0x87,0x21,0x87,0x21,0x87,0x21,0x87,0x21,0x87,0x21,0x87,0x21,0x87,0x21,0x87,0x21,
    0x87,0x21,0x87,0x21,0x87,0x21,0x87,0x21,0x87,0x21,0x87,0x21,0x87,0x21,0x87,0x21,
    0x87,0x21,0x87,0x21,0x87,0x21,0x87,0x21,0x87,0x21,0x87,0x21,0x87,0x21,0x87,0x21,
    0x87,0x21,0x87,0x21,0x87,0x21,0x87,0x21,0x87,0x21,0x87,0x21,0x87,0x21,0x87,0x21,
    0x87,0x21,0x1c,0xe7,0x1c,0xe7,0x1c,0xe7,0xc7,0x29,0x1c,0xe7,0x1c,0xe7,0xa7,0x29,
    0x1c,0xe7,0x1c,0xe7,0x1c,0xe7,0xa7,0x29,0x87,0x21,0x87,0x21,0x87,0x21,0x87,0x21,
    0x87,0x21,0x87,0x21,0x87,0x21,0x87,0x21,0x87,0x21,0x87,0x21,0x87,0x21,0x87,0x21,
    0x87,0x21,0x87,0x21,0x87,0x21,0x87,0x21,0x87,0x21,0x87,0x21,0x87,0x21,0x87,0x21,
    0x87,0x21,0x87,0x21,0x87,0x21,0x87,0x21,0x87,0x21,0x87,0x21,0x87,0x21,0x87,0x21,
    0x87,0x21,0x87,0x21,0x1c,0xe7,0x1c,0xe7,0x1c,0xe7,0xc8,0x29,0x87,0x21,0x1c,0xe7,
    0x1c,0xe7,0x87,0x21,0xa7,0x29,0x1c,0xe7,0x1c,0xe7,0x1c,0xe7,0xa7,0x29,0x87,0x21,
    0x87,0x21,0x87,0x21,0x87,0x21,0x87,0x21,0x87,0x21,0x87,0x21,0x87,0x21,0x87,0x21,
    0x87,0x21,0x87,0x21,0x87,0x21,0x87,0x21,0x87,0x21,0x87,0x21,0x87,0x21,0x87,0x21,
    0x87,0x21,0x87,0x21,0x87,0x21,0x87,0x21,0x87,0x21,0x87,0x21,0x87,0x21,0x87,0x21,
    0x87,0x21,0x87,0x21,0x87,0x21,0x1c,0xe7,0x1c,0xe7,0x1c,0xe7,0xc8,0x29,0x87,0x21,
    0x87,0x21,0x1c,0xe7,0x1c,0xe7,0x87,0x21,0x87,0x21,0xa7,0x29,0x1c,0xe7,0x1c,0xe7,
    0x1c,0xe7,0xa7,0x29,0x87,0x21,0x87,0x21,0x87,0x21,0x87,0x21,0x87,0x21,0x87,0x21,
    0x87,0x21,0x87,0x21,0x87,0x21,0x87,0x21,0x87,0x21,0x87,0x21,0x00,0x00,0x87,0x21,
    0x87,0x21,0x87,0x21,0x87,0x21,0x87,0x21,0x87,0x21,0x87,0x21,0x87,0x21,0x87,0x21,
    0x87,0x21,0x87,0x21,0x87,0x21,0x87,0x21,0x1c,0xe7,0x1c,0xe7,0x1c,0xe7,0xc8,0x29,
    0x87,0x21,0x87,0x21,0x87,0x21,0x1c,0xe7,0x1c,0xe7,0x87,0x21,0x87,0x21,0xd3,0x94,
    0x1c,0xe7,0x1c,0xe7,0xd3,0x94,0x87,0x21,0x87,0x21,0x87,0x21,0x87,0x21,0x87,0x21,
    0x87,0x21,0x87,0x21,0x87,0x21,0x87,0x21,0x87,0x21,0x87,0x21,0x87,0x21,0x00,0x00,
    0x00,0x00,0x87,0x21,0x87,0x21,0x87,0x21,0x87,0x21,0x87,0x21,0x87,0x21,0x87,0x21,
    0x87,0x21,0x87,0x21,0x87,0x21,0x87,0x21,0x87,0x21,0x1c,0xe7,0x1c,0xe7,0x1c,0xe7,
    0xc8,0x31,0x87,0x21,0x87,0x21,0x87,0x21,0x87,0x21,0x1c,0xe7,0x1c,0xe7,0x87,0x21,
    0xf4,0x9c,0x1c,0xe7,0x1c,0xe7,0xd3,0x94,0x87,0x21,0x87,0x21,0x87,0x21,0x87,0x21,
    0x87,0x21,0x87,0x21,0x87,0x21,0x87,0x21,0x87,0x21,0x87,0x21,0x87,0x21,0x87,0x21,
    0x87,0x21,0x00,0x00,0x00,0x00,0x87,0x21,0x87,0x21,0x87,0x21,0x87,0x21,0x87,0x21,
    0x87,0x21,0x87,0x21,0x87,0x21,0x87,0x21,0x87,0x21,0x87,0x21,0x87,0x21,0x87,0x21,
    0x1c,0xe7,0xc7,0x29,0x87,0x21,0x87,0x21,0x87,0x21,0x87,0x21,0x87,0x21,0x1c,0xe7,
    0x1c,0xe7,0x14,0x9d,0x1c,0xe7,0x1c,0xe7,0x14,0x9d,0x87,0x21,0x87,0x21,0x87,0x21,
    0x87,0x21,0x87,0x21,0x87,0x21,0x87,0x21,0x87,0x21,0x87,0x21,0x87,0x21,0x87,0x21,
    0x87,0x21,0x87,0x21,0x87,0x21,0x00,0x00,0x00,0x00,0x00,0x00,0x87,0x21,0x87,0x21,
    0x87,0x21,0x87,0x21,0x87,0x21,0x87,0x21,0x87,0x21,0x87,0x21,0x87,0x21,0x87,0x21,
    0x87,0x21,0x87,0x21,0x87,0x21,0x87,0x21,0x87,0x21,0x87,0x21,0x87,0x21,0x87,0x21,
    0x87,0x21,0x1c,0xe7,0x1c,0xe7,0x1c,0xe7,0x1c,0xe7,0xd3,0x94,0x87,0x21,0x87,0x21,
    0x87,0x21,0x87,0x21,0x87,0x21,0x87,0x21,0x87,0x21,0x87,0x21,0x87,0x21,0x87,0x21,
    0x87,0x21,0x87,0x21,0x87,0x21,0x87,0x21,0x00,0x00,0x00,0x00,0x00,0x00,0x00,0x00,
    0x87,0x21,0x87,0x21,0x87,0x21,0x87,0x21,0x87,0x21,0x87,0x21,0x87,0x21,0x87,0x21,
    0x87,0x21,0x87,0x21,0x87,0x21,0x87,0x21,0x87,0x21,0x87,0x21,0x87,0x21,0x87,0x21,
    0x87,0x21,0x87,0x21,0x87,0x21,0x1c,0xe7,0x1c,0xe7,0x1c,0xe7,0xd3,0x94,0x87,0x21,
    0x87,0x21,0x87,0x21,0x87,0x21,0x87,0x21,0x87,0x21,0x87,0x21,0x87,0x21,0x87,0x21,
    0x87,0x21,0x87,0x21,0x87,0x21,0x87,0x21,0x87,0x21,0x87,0x21,0x00,0x00,0x00,0x00,
    0x00,0x00,0x00,0x00,0x00,0x00,0x87,0x21,0x87,0x21,0x87,0x21,0x87,0x21,0x87,0x21,
    0x87,0x21,0x87,0x21,0x87,0x21,0x87,0x21,0x87,0x21,0x87,0x21,0x87,0x21,0x87,0x21,
    0x87,0x21,0x87,0x21,0x87,0x21,0x87,0x21,0x87,0x21,0x1c,0xe7,0x1c,0xe7,0xd3,0x94,
    0x87,0x21,0x87,0x21,0x87,0x21,0x87,0x21,0x87,0x21,0x87,0x21,0x87,0x21,0x87,0x21,
    0x87,0x21,0x87,0x21,0x87,0x21,0x87,0x21,0x87,0x21,0x87,0x21,0x87,0x21,0x00,0x00,
    0x00,0x00,0x00,0x00,0x00,0x00,0x00,0x00,0x00,0x00,0x87,0x21,0x87,0x21,0x87,0x21,
    0x87,0x21,0x87,0x21,0x87,0x21,0x87,0x21,0x87,0x21,0x87,0x21,0x87,0x21,0x87,0x21,
    0x87,0x21,0x87,0x21,0x87,0x21,0x87,0x21,0x87,0x21,0x87,0x21,0x87,0x21,0x1c,0xe7,
    0xd3,0x94,0x87,0x21,0x87,0x21,0x87,0x21,0x87,0x21,0x87,0x21,0x87,0x21,0x87,0x21,
    0x87,0x21,0x87,0x21,0x87,0x21,0x87,0x21,0x87,0x21,0x87,0x21,0x87,0x21,0x87,0x21,
    0x87,0x21,0x00,0x00,0x00,0x00,0x00,0x00,0x00,0x00,0x00,0x00,0x00,0x00,0x00,0x00,
    0x87,0x21,0x87,0x21,0x87,0x21,0x87,0x21,0x87,0x21,0x87,0x21,0x87,0x21,0x87,0x21,
    0x87,0x21,0x87,0x21,0x87,0x21,0x87,0x21,0x87,0x21,0x87,0x21,0x87,0x21,0x87,0x21,
    0x87,0x21,0x87,0x21,0x87,0x21,0x87,0x21,0x87,0x21,0x87,0x21,0x87,0x21,0x87,0x21,
    0x87,0x21,0x87,0x21,0x87,0x21,0x87,0x21,0x87,0x21,0x87,0x21,0x87,0x21,0x87,0x21,
    0x87,0x21,0x87,0x21,0x00,0x00,0x00,0x00,0x00,0x00,0x00,0x00,0x00,0x00,0x00,0x00,
    0x00,0x00,0x00,0x00,0x00,0x00,0x87,0x21,0x87,0x21,0x87,0x21,0x87,0x21,0x87,0x21,
    0x87,0x21,0x87,0x21,0x87,0x21,0x87,0x21,0x87,0x21,0x87,0x21,0x87,0x21,0x87,0x21,
    0x87,0x21,0x87,0x21,0x87,0x21,0x87,0x21,0x87,0x21,0x87,0x21,0x87,0x21,0x87,0x21,
    0x87,0x21,0x87,0x21,0x87,0x21,0x87,0x21,0x87,0x21,0x87,0x21,0x87,0x21,0x87,0x21,
    0x87,0x21,0x87,0x21,0x87,0x21,0x00,0x00,0x00,0x00,0x00,0x00,0x00,0x00,0x00,0x00,
    0x00,0x00,0x00,0x00,0x00,0x00,0x00,0x00,0x00,0x00,0x00,0x00,0x87,0x21,0x87,0x21,
    0x87,0x21,0x87,0x21,0x87,0x21,0x87,0x21,0x87,0x21,0x87,0x21,0x87,0x21,0x87,0x21,
    0x87,0x21,0x87,0x21,0x87,0x21,0x87,0x21,0x87,0x21,0x87,0x21,0x87,0x21,0x87,0x21,
    0x87,0x21,0x87,0x21,0x87,0x21,0x87,0x21,0x87,0x21,0x87,0x21,0x87,0x21,0x87,0x21,
    0x87,0x21,0x87,0x21,0x87,0x21,0x87,0x21,0x00,0x00,0x00,0x00,0x00,0x00,0x00,0x00,
    0x00,0x00,0x00,0x00,0x00,0x00,0x00,0x00,0x00,0x00,0x00,0x00,0x00,0x00,0x00,0x00,
    0x00,0x00,0x87,0x21,0x87,0x21,0x87,0x21,0x87,0x21,0x87,0x21,0x87,0x21,0x87,0x21,
    0x87,0x21,0x87,0x21,0x87,0x21,0x87,0x21,0x87,0x21,0x87,0x21,0x87,0x21,0x87,0x21,
    0x87,0x21,0x87,0x21,0x87,0x21,0x87,0x21,0x87,0x21,0x87,0x21,0x87,0x21,0x87,0x21,
    0x87,0x21,0x87,0x21,0x87,0x21,0x87,0x21,0x87,0x21,0x00,0x00,0x00,0x00,0x00,0x00,
    0x00,0x00,0x00,0x00,0x00,0x00,0x00,0x00,0x00,0x00,0x00,0x00,0x00,0x00,0x00,0x00,
    0x00,0x00,0x00,0x00,0x00,0x00,0x00,0x00,0x87,0x21,0x87,0x21,0x87,0x21,0x87,0x21,
    0x87,0x21,0x87,0x21,0x87,0x21,0x87,0x21,0x87,0x21,0x87,0x21,0x87,0x21,0x87,0x21,
    0x87,0x21,0x87,0x21,0x87,0x21,0x87,0x21,0x87,0x21,0x87,0x21,0x87,0x21,0x87,0x21,
    0x87,0x21,0x87,0x21,0x87,0x21,0x87,0x21,0x87,0x21,0x87,0x21,0x00,0x00,0x00,0x00,
    0x00,0x00,0x00,0x00,0x00,0x00,0x00,0x00,0x00,0x00,0x00,0x00,0x00,0x00,0x00,0x00,
    0x00,0x00,0x00,0x00,0x00,0x00,0x00,0x00,0x00,0x00,0x00,0x00,0x00,0x00,0x00,0x00,
    0x87,0x21,0x87,0x21,0x87,0x21,0x87,0x21,0x87,0x21,0x87,0x21,0x87,0x21,0x87,0x21,
    0x87,0x21,0x87,0x21,0x87,0x21,0x87,0x21,0x87,0x21,0x87,0x21,0x87,0x21,0x87,0x21,
    0x87,0x21,0x87,0x21,0x87,0x21,0x87,0x21,0x87,0x21,0x87,0x21,0x00,0x00,0x00,0x00,
    0x00,0x00,0x00,0x00,0x00,0x00,0x00,0x00,0x00,0x00,0x00,0x00,0x00,0x00,0x00,0x00,
    0x00,0x00,0x00,0x00,0x00,0x00,0x00,0x00,0x00,0x00,0x00,0x00,0x00,0x00,0x00,0x00,
    0x00,0x00,0x00,0x00,0x00,0x00,0x00,0x00,0x87,0x21,0x87,0x21,0x87,0x21,0x87,0x21,
    0x87,0x21,0x87,0x21,0x87,0x21,0x87,0x21,0x87,0x21,0x87,0x21,0x87,0x21,0x87,0x21,
    0x87,0x21,0x87,0x21,0x87,0x21,0x87,0x21,0x87,0x21,0x87,0x21,0x00,0x00,0x00,0x00,
    0x00,0x00,0x00,0x00,0x00,0x00,0x00,0x00,0x00,0x00,0x00,0x00,0x00,0x00,0x00,0x00,
    0x00,0x00,0x00,0x00,0x00,0x00,0x00,0x00,0x00,0x00,0x00,0x00,0x00,0x00,0x00,0x00,
    0x00,0x00,0x00,0x00,0x00,0x00,0x00,0x00,0x00,0x00,0x00,0x00,0x00,0x00,0x00,0x00,
    0x00,0x00,0x87,0x21,0x87,0x21,0x87,0x21,0x87,0x21,0x87,0x21,0x87,0x21,0x87,0x21,
    0x87,0x21,0x87,0x21,0x87,0x21,0x87,0x21,0x87,0x21,0x00,0x00,0x00,0x00,0x00,0x00,
    0x00,0x00,0x00,0x00,0x00,0x00,0x00,0x00,0x00,0x00,0x00,0x00,0x00,0x00,0x00,0x00,
    0x00,0x00,0x00,0x00,0x00,0x00,0x00,0x00,0x00,0x00,0x00,0x00,0x00,0x00,0x00,0x00,
    0x00,0x00,0x00,0x00,0x00,0x00,0x00,0x3c,0x80,0xbf,0xcf,0xff,0xff,0xff,0xff,0xcf,
    0xbf,0x80,0x3c,0x00,0x00,0x00,0x00,0x00,0x00,0x00,0x00,0x00,0x00,0x00,0x00,0x00,
    0x00,0x00,0x00,0x00,0x00,0x00,0x00,0x00,0x00,0x00,0x00,0x00,0x00,0x00,0x2d,0x9f,
    0xef,0xff,0xff,0xff,0xff,0xff,0xff,0xff,0xff,0xff,0xff,0xff,0xff,0xef,0x9f,0x2d,
    0x00,0x00,0x00,0x00,0x00,0x00,0x00,0x00,0x00,0x00,0x00,0x00,0x00,0x00,0x00,0x00,
    0x00,0x00,0x00,0x00,0x00,0x00,0x2d,0xbf,0xff,0xff,0xff,0xff,0xff,0xff,0xff,0xff,
    0xff,0xff,0xff,0xff,0xff,0xff,0xff,0xff,0xff,0xff,0xbf,0x2d,0x00,0x00,0x00,0x00,
    0x00,0x00,0x00,0x00,0x00,0x00,0x00,0x00,0x00,0x00,0x00,0x00,0x00,0x00,0x0f,0x8f,
    0xff,0xff,0xff,0xff,0xff,0xff,0xff,0xff,0xff,0xff,0xff,0xff,0xff,0xff,0xff,0xff,
    0xff,0xff,0xff,0xff,0xff,0xff,0x8f,0x0f,0x00,0x00,0x00,0x00,0x00,0x00,0x00,0x00,
    0x00,0x00,0x00,0x00,0x00,0x00,0x00,0x2d,0xcf,0xff,0xff,0xff,0xff,0xff,0xff,0xff,
    0xff,0xff,0xff,0xff,0xff,0xff,0xff,0xff,0xff,0xff,0xff,0xff,0xff,0xff,0xff,0xff,
    0xff,0xcf,0x2d,0x00,0x00,0x00,0x00,0x00,0x00,0x00,0x00,0x00,0x00,0x00,0x00,0x00,
    0x2d,0xef,0xff,0xff,0xff,0xff,0xff,0xff,0xff,0xff,0xff,0xff,0xff,0xff,0xff,0xff,
    0xff,0xff,0xff,0xff,0xff,0xff,0xff,0xff,0xff,0xff,0xff,0xff,0xef,0x2d,0x00,0x00,
    0x00,0x00,0x00,0x00,0x00,0x00,0x00,0x00,0x00,0x2d,0xef,0xff,0xff,0xff,0xff,0xff,
    0xff,0xff,0xff,0xff,0xff,0xff,0xff,0xff,0xff,0xff,0xff,0xff,0xff,0xff,0xff,0xff,
    0xff,0xff,0xff,0xff,0xff,0xff,0xff,0xef,0x2d,0x00,0x00,0x00,0x00,0x00,0x00,0x00,
    0x00,0x00,0x2d,0xef,0xff,0xff,0xff,0xff,0xff,0xff,0xff,0xff,0xff,0xff,0xff,0xff,
    0xff,0xff,0xff,0xff,0xff,0xff,0xff,0xff,0xff,0xff,0xff,0xff,0xff,0xff,0xff,0xff,
    0xff,0xff,0xef,0x2d,0x00,0x00,0x00,0x00,0x00,0x00,0x00,0x0f,0xcf,0xff,0xff,0xff,
    0xff,0xff,0xff,0xff,0xff,0xff,0xff,0xff,0xff,0xff,0xff,0xff,0xff,0xff,0xff,0xff,
    0xff,0xff,0xff,0xff,0xff,0xff,0xff,0xff,0xff,0xff,0xff,0xff,0xff,0xcf,0x0f,0x00,
    0x00,0x00,0x00,0x00,0x00,0x8f,0xff,0xff,0xff,0xff,0xff,0xff,0xff,0xff,0xff,0xff,
    0xff,0xff,0xff,0xff,0xff,0xff,0xff,0xff,0xff,0xff,0xff,0xff,0xff,0xff,0xff,0xff,
    0xff,0xff,0xff,0xff,0xff,0xff,0xff,0xff,0x8f,0x00,0x00,0x00,0x00,0x00,0x2d,0xff,
    0xff,0xff,0xff,0xff,0xff,0xff,0xff,0xff,0xff,0xff,0xff,0xff,0xff,0xff,0xff,0xff,
    0xff,0xff,0xff,0xff,0xff,0xff,0xff,0xff,0xff,0xff,0xff,0xff,0xff,0xff,0xff,0xff,
    0xff,0xff,0xff,0x2d,0x00,0x00,0x00,0x00,0xbf,0xff,0xff,0xff,0xff,0xff,0xff,0xff,
    0xff,0xff,0xff,0xff,0xff,0xff,0xff,0xff,0xff,0xff,0xff,0xff,0xff,0xff,0xff,0xff,
    0xff,0xff,0xff,0xff,0xff,0xff,0xff,0xff,0xff,0xff,0xff,0xff,0xff,0xbf,0x00,0x00,
    0x00,0x2d,0xff,0xff,0xff,0xff,0xff,0xff,0xff,0xff,0xff,0xff,0xff,0xff,0xff,0xff,
    0xff,0xff,0xff,0xff,0xff,0xff,0xff,0xff,0xff,0xff,0xff,0xff,0xff,0xff,0xff,0xff,
    0xff,0xff,0xff,0xff,0xff,0xff,0xff,0xff,0x2d,0x00,0x00,0x9f,0xff,0xff,0xff,0xff,
    0xff,0xff,0xff,0xff,0xff,0xff,0xff,0xff,0xff,0xff,0xff,0xff,0xff,0xff,0xff,0xff,
    0xff,0xff,0xff,0xff,0xff,0xff,0xff,0xff,0xff,0xff,0xff,0xff,0xff,0xff,0xff,0xff,
    0xff,0xff,0x9f,0x00,0x00,0xef,0xff,0xff,0xff,0xff,0xff,0xff,0xff,0xff,0xff,0xff,
    0xff,0xff,0xff,0xff,0xff,0xff,0xff,0xff,0xff,0xff,0xff,0xff,0xff,0xff,0xff,0xff,
    0xff,0xff,0xff,0xff,0xff,0xff,0xff,0xff,0xff,0xff,0xff,0xff,0xef,0x00,0x3c,0xff,
    0xff,0xff,0xff,0xff,0xff,0xff,0xff,0xff,0xff,0xff,0xff,0xff,0xff,0xff,0xff,0xff,
    0xff,0xff,0xff,0xff,0xff,0xff,0xff,0xff,0xff,0xff,0xff,0xff,0xff,0xff,0xff,0xff,
    0xff,0xff,0xff,0xff,0xff,0xff,0xff,0x3c,0x80,0xff,0xff,0xff,0xff,0xff,0xff,0xff,
    0xff,0xff,0xff,0xff,0xff,0xff,0xff,0xff,0xff,0xff,0xff,0xff,0xff,0xff,0xff,0xff,
    0xff,0xff,0xff,0xff,0xff,0xff,0xff,0xff,0xff,0xff,0xff,0xff,0xff,0xff,0xff,0xff,
    0xff,0x80,0xbf,0xff,0xff,0xff,0xff,0xff,0xff,0xff,0xff,0xff,0xff,0xff,0xff,0xff,
    0xff,0xff,0xff,0xff,0xff,0xff,0xff,0xff,0xff,0xff,0xff,0xff,0xff,0xff,0xff,0xff,
    0xff,0xff,0xff,0xff,0xff,0xff,0xff,0xff,0xff,0xff,0xff,0xbf,0xcf,0xff,0xff,0xff,
    0xff,0xff,0xff,0xff,0xff,0xff,0xff,0xff,0xff,0xff,0xff,0xff,0xff,0xff,0xff,0xff,
    0xff,0xff,0xff,0xff,0xff,0xff,0xff,0xff,0xff,0xff,0xff,0xff,0xff,0xff,0xff,0xff,
    0xff,0xff,0xff,0xff,0xff,0xcf,0xff,0xff,0xff,0xff,0xff,0xff,0xff,0xff,0xff,0xff,
    0xff,0xff,0xff,0xff,0xff,0xff,0xff,0xff,0xff,0xff,0xff,0xff,0xff,0xff,0xff,0xff,
    0xff,0xff,0xff,0xff,0xff,0xff,0xff,0xff,0xff,0xff,0xff,0xff,0xff,0xff,0xff,0xff,
    0xff,0xff,0xff,0xff,0xff,0xff,0xff,0xff,0xff,0xff,0xff,0xff,0xff,0xff,0xff,0xff,
    0xff,0xff,0xff,0xff,0xff,0xff,0xff,0xff,0xff,0xff,0xff,0xff,0xff,0xff,0xff,0xff,
    0xff,0xff,0xff,0xff,0xff,0xff,0xff,0xff,0xff,0xff,0xff,0xff,0xff,0xff,0xff,0xff,
    0xff,0xff,0xff,0xff,0xff,0xff,0xff,0xff,0xff,0xff,0xff,0xff,0xff,0xff,0xff,0xff,
    0xff,0xff,0xff,0xff,0xff,0xff,0xff,0xff,0xff,0xff,0xff,0xff,0xff,0xff,0xff,0xff,
    0xff,0xff,0xff,0xff,0xff,0xff,0xff,0xff,0xff,0xff,0xff,0xff,0xff,0xff,0xff,0xff,
    0xff,0xff,0xff,0xff,0xff,0xff,0xff,0xff,0xff,0xff,0xff,0xff,0xff,0xff,0xff,0xff,
    0xff,0xff,0xff,0xff,0xff,0xff,0xff,0xff,0xff,0xff,0xff,0xff,0xff,0xff,0xcf,0xff,
    0xff,0xff,0xff,0xff,0xff,0xff,0xff,0xff,0xff,0xff,0xff,0xff,0xff,0xff,0xff,0xff,
    0xff,0xff,0xff,0xff,0xff,0xff,0xff,0xff,0xff,0xff,0xff,0xff,0xff,0xff,0xff,0xff,
    0xff,0xff,0xff,0xff,0xff,0xff,0xff,0xcf,0xbf,0xff,0xff,0xff,0xff,0xff,0xff,0xff,
    0xff,0xff,0xff,0xff,0xff,0xff,0xff,0xff,0xff,0xff,0xff,0xff,0xff,0xff,0xff,0xff,
    0xff,0xff,0xff,0xff,0xff,0xff,0xff,0xff,0xff,0xff,0xff,0xff,0xff,0xff,0xff,0xff,
    0xff,0xbf,0x80,0xff,0xff,0xff,0xff,0xff,0xff,0xff,0xff,0xff,0xff,0xff,0xff,0xff,
    0xff,0xff,0xff,0xff,0xff,0xff,0xff,0xff,0xff,0xff,0xff,0xff,0xff,0xff,0xff,0xff,
    0xff,0xff,0xff,0xff,0xff,0xff,0xff,0xff,0xff,0xff,0xff,0x80,0x3c,0xff,0xff,0xff,
    0xff,0xff,0xff,0xff,0xff,0xff,0xff,0xff,0xff,0xff,0xff,0xff,0xff,0xff,0xff,0xff,
    0xff,0xff,0xff,0xff,0xff,0xff,0xff,0xff,0xff,0xff,0xff,0xff,0xff,0xff,0xff,0xff,
    0xff,0xff,0xff,0xff,0xff,0x3c,0x00,0xef,0xff,0xff,0xff,0xff,0xff,0xff,0xff,0xff,
    0xff,0xff,0xff,0xff,0xff,0xff,0xff,0xff,0xff,0xff,0xff,0xff,0xff,0xff,0xff,0xff,
    0xff,0xff,0xff,0xff,0xff,0xff,0xff,0xff,0xff,0xff,0xff,0xff,0xff,0xff,0xef,0x00,
    0x00,0x9f,0xff,0xff,0xff,0xff,0xff,0xff,0xff,0xff,0xff,0xff,0xff,0xff,0xff,0xff,
    0xff,0xff,0xff,0xff,0xff,0xff,0xff,0xff,0xff,0xff,0xff,0xff,0xff,0xff,0xff,0xff,
    0xff,0xff,0xff,0xff,0xff,0xff,0xff,0xff,0x9f,0x00,0x00,0x2d,0xff,0xff,0xff,0xff,
    0xff,0xff,0xff,0xff,0xff,0xff,0xff,0xff,0xff,0xff,0xff,0xff,0xff,0xff,0xff,0xff,
    0xff,0xff,0xff,0xff,0xff,0xff,0xff,0xff,0xff,0xff,0xff,0xff,0xff,0xff,0xff,0xff,
    0xff,0xff,0x2d,0x00,0x00,0x00,0xbf,0xff,0xff,0xff,0xff,0xff,0xff,0xff,0xff,0xff,
    0xff,0xff,0xff,0xff,0xff,0xff,0xff,0xff,0xff,0xff,0xff,0xff,0xff,0xff,0xff,0xff,
    0xff,0xff,0xff,0xff,0xff,0xff,0xff,0xff,0xff,0xff,0xff,0xbf,0x00,0x00,0x00,0x00,
    0x2d,0xff,0xff,0xff,0xff,0xff,0xff,0xff,0xff,0xff,0xff,0xff,0xff,0xff,0xff,0xff,
    0xff,0xff,0xff,0xff,0xff,0xff,0xff,0xff,0xff,0xff,0xff,0xff,0xff,0xff,0xff,0xff,
    0xff,0xff,0xff,0xff,0xff,0x2d,0x00,0x00,0x00,0x00,0x00,0x8f,0xff,0xff,0xff,0xff,
    0xff,0xff,0xff,0xff,0xff,0xff,0xff,0xff,0xff,0xff,0xff,0xff,0xff,0xff,0xff,0xff,
    0xff,0xff,0xff,0xff,0xff,0xff,0xff,0xff,0xff,0xff,0xff,0xff,0xff,0xff,0x8f,0x00,
    0x00,0x00,0x00,0x00,0x00,0x0f,0xcf,0xff,0xff,0xff,0xff,0xff,0xff,0xff,0xff,0xff,
    0xff,0xff,0xff,0xff,0xff,0xff,0xff,0xff,0xff,0xff,0xff,0xff,0xff,0xff,0xff,0xff,
    0xff,0xff,0xff,0xff,0xff,0xff,0xff,0xcf,0x0f,0x00,0x00,0x00,0x00,0x00,0x00,0x00,
    0x2d,0xef,0xff,0xff,0xff,0xff,0xff,0xff,0xff,0xff,0xff,0xff,0xff,0xff,0xff,0xff,
    0xff,0xff,0xff,0xff,0xff,0xff,0xff,0xff,0xff,0xff,0xff,0xff,0xff,0xff,0xff,0xff,
    0xef,0x2d,0x00,0x00,0x00,0x00,0x00,0x00,0x00,0x00,0x00,0x2d,0xef,0xff,0xff,0xff,
    0xff,0xff,0xff,0xff,0xff,0xff,0xff,0xff,0xff,0xff,0xff,0xff,0xff,0xff,0xff,0xff,
    0xff,0xff,0xff,0xff,0xff,0xff,0xff,0xff,0xff,0xef,0x2d,0x00,0x00,0x00,0x00,0x00,
    0x00,0x00,0x00,0x00,0x00,0x00,0x2d,0xef,0xff,0xff,0xff,0xff,0xff,0xff,0xff,0xff,
    0xff,0xff,0xff,0xff,0xff,0xff,0xff,0xff,0xff,0xff,0xff,0xff,0xff,0xff,0xff,0xff,
    0xff,0xff,0xef,0x2d,0x00,0x00,0x00,0x00,0x00,0x00,0x00,0x00,0x00,0x00,0x00,0x00,
    0x00,0x2d,0xcf,0xff,0xff,0xff,0xff,0xff,0xff,0xff,0xff,0xff,0xff,0xff,0xff,0xff,
    0xff,0xff,0xff,0xff,0xff,0xff,0xff,0xff,0xff,0xff,0xff,0xcf,0x2d,0x00,0x00,0x00,
    0x00,0x00,0x00,0x00,0x00,0x00,0x00,0x00,0x00,0x00,0x00,0x00,0x0f,0x8f,0xff,0xff,
    0xff,0xff,0xff,0xff,0xff,0xff,0xff,0xff,0xff,0xff,0xff,0xff,0xff,0xff,0xff,0xff,
    0xff,0xff,0xff,0xff,0x8f,0x0f,0x00,0x00,0x00,0x00,0x00,0x00,0x00,0x00,0x00,0x00,
    0x00,0x00,0x00,0x00,0x00,0x00,0x00,0x00,0x2d,0xbf,0xff,0xff,0xff,0xff,0xff,0xff,
    0xff,0xff,0xff,0xff,0xff,0xff,0xff,0xff,0xff,0xff,0xff,0xff,0xbf,0x2d,0x00,0x00,
    0x00,0x00,0x00,0x00,0x00,0x00,0x00,0x00,0x00,0x00,0x00,0x00,0x00,0x00,0x00,0x00,
    0x00,0x00,0x00,0x00,0x2d,0x9f,0xef,0xff,0xff,0xff,0xff,0xff,0xff,0xff,0xff,0xff,
    0xff,0xff,0xff,0xef,0x9f,0x2d,0x00,0x00,0x00,0x00,0x00,0x00,0x00,0x00,0x00,0x00,
    0x00,0x00,0x00,0x00,0x00,0x00,0x00,0x00,0x00,0x00,0x00,0x00,0x00,0x00,0x00,0x00,
    0x00,0x3c,0x80,0xbf,0xcf,0xff,0xff,0xff,0xff,0xcf,0xbf,0x80,0x3c,0x00,0x00,0x00,
    0x00,0x00,0x00,0x00,0x00,0x00,0x00,0x00,0x00,0x00,0x00,0x00,
};

const lv_image_dsc_t icon_ble = {
    .header = {
        .magic = LV_IMAGE_HEADER_MAGIC,
        .cf = LV_COLOR_FORMAT_RGB565A8,
        .flags = 0,
        .w = 42,
        .h = 42,
        .stride = 84,
        .reserved_2 = 0,
    },
    .data_size = sizeof(icon_ble_map),
    .data = icon_ble_map,
    .reserved = NULL,
    .reserved_2 = NULL,
};

// Converted from Button.png (42x42, RGB565A8: RGB565 plane + A8 alpha plane)
static const uint8_t icon_button_map[] = {
    0x00,0x00,0x00,0x00,0x00,0x00,0x00,0x00,0x00,0x00,0x00,0x00,0x00,0x00,0x00,0x00,
    0x00,0x00,0x00,0x00,0x00,0x00,0x00,0x00,0x00,0x00,0x00,0x00,0x00,0x00,0x0f,0x19,
    0x0f,0x19,0x0f,0x19,0x0f,0x19,0x0f,0x19,0x0f,0x19,0x0f,0x19,0x0f,0x19,0x0f,0x19,
    0x0f,0x19,0x0f,0x19,0x0f,0x19,0x00,0x00,0x00,0x00,0x00,0x00,0x00,0x00,0x00,0x00,
    0x00,0x00,0x00,0x00,0x00,0x00,0x00,0x00,0x00,0x00,0x00,0x00,0x00,0x00,0x00,0x00,
    0x00,0x00,0x00,0x00,0x00,0x00,0x00,0x00,0x00,0x00,0x00,0x00,0x00,0x00,0x00,0x00,
    0x00,0x00,0x00,0x00,0x00,0x00,0x00,0x00,0x00,0x00,0x00,0x00,0x0f,0x19,0x0f,0x19,
    0x0f,0x19,0x0f,0x19,0x0f,0x19,0x0f,0x19,0x0f,0x19,0x0f,0x19,0x0f,0x19,0x0f,0x19,
    0x0f,0x19,0x0f,0x19,0x0f,0x19,0x0f,0x19,0x0f,0x19,0x0f,0x19,0x0f,0x19,0x0f,0x19,
    0x00,0x00,0x00,0x00,0x00,0x00,0x00,0x00,0x00,0x00,0x00,0x00,0x00,0x00,0x00,0x00,
    0x00,0x00,0x00,0x00,0x00,0x00,0x00,0x00,0x00,0x00,0x00,0x00,0x00,0x00,0x00,0x00,
    0x00,0x00,0x00,0x00,0x00,0x00,0x00,0x00,0x00,0x00,0x00,0x00,0x0f,0x19,0x0f,0x19,
    0x0f,0x19,0x0f,0x19,0x0f,0x19,0x0f,0x19,0x0f,0x19,0x0f,0x19,0x0f,0x19,0x0f,0x19,
    0x0f,0x19,0x0f,0x19,0x0f,0x19,0x0f,0x19,0x0f,0x19,0x0f,0x19,0x0f,0x19,0x0f,0x19,
    0x0f,0x19,0x0f,0x19,0x0f,0x19,0x0f,0x19,0x00,0x00,0x00,0x00,0x00,0x00,0x00,0x00,
    0x00,0x00,0x00,0x00,0x00,0x00,0x00,0x00,0x00,0x00,0x00,0x00,0x00,0x00,0x00,0x00,
    0x00,0x00,0x00,0x00,0x00,0x00,0x00,0x00,0x00,0x00,0x00,0x00,0x0f,0x19,0x0f,0x19,
    0x0f,0x19,0x0f,0x19,0x0f,0x19,0x0f,0x19,0x0f,0x19,0x0f,0x19,0x0f,0x19,0x0f,0x19,
    0x0f,0x19,0x0f,0x19,0x0f,0x19,0x0f,0x19,0x0f,0x19,0x0f,0x19,0x0f,0x19,0x0f,0x19,
    0x0f,0x19,0x0f,0x19,0x0f,0x19,0x0f,0x19,0x0f,0x19,0x0f,0x19,0x0f,0x19,0x0f,0x19,
    0x00,0x00,0x00,0x00,0x00,0x00,0x00,0x00,0x00,0x00,0x00,0x00,0x00,0x00,0x00,0x00,
    0x00,0x00,0x00,0x00,0x00,0x00,0x00,0x00,0x00,0x00,0x00,0x00,0x00,0x00,0x0f,0x19,
    0x0f,0x19,0x0f,0x19,0x0f,0x19,0x0f,0x19,0x0f,0x19,0x0f,0x19,0x0f,0x19,0x0f,0x19,
    0x0f,0x19,0x0f,0x19,0x0f,0x19,0x0f,0x19,0x0f,0x19,0x0f,0x19,0x0f,0x19,0x0f,0x19,
    0x0f,0x19,0x0f,0x19,0x0f,0x19,0x0f,0x19,0x0f,0x19,0x0f,0x19,0x0f,0x19,0x0f,0x19,
    0x0f,0x19,0x0f,0x19,0x0f,0x19,0x00,0x00,0x00,0x00,0x00,0x00,0x00,0x00,0x00,0x00,
    0x00,0x00,0x00,0x00,0x00,0x00,0x00,0x00,0x00,0x00,0x00,0x00,0x00,0x00,0x00,0x00,
    0x0f,0x19,0x0f,0x19,0x0f,0x19,0x0f,0x19,0x0f,0x19,0x0f,0x19,0x0f,0x19,0x0f,0x19,
    0x0f,0x19,0x0f,0x19,0x0f,0x19,0x0f,0x19,0x0f,0x19,0x0f,0x19,0x0f,0x19,0x0f,0x19,
    0x0f,0x19,0x0f,0x19,0x0f,0x19,0x0f,0x19,0x0f,0x19,0x0f,0x19,0x0f,0x19,0x0f,0x19,
    0x0f,0x19,0x0f,0x19,0x0f,0x19,0x0f,0x19,0x0f,0x19,0x0f,0x19,0x00,0x00,0x00,0x00,
    0x00,0x00,0x00,0x00,0x00,0x00,0x00,0x00,0x00,0x00,0x00,0x00,0x00,0x00,0x00,0x00,
    0x00,0x00,0x0f,0x19,0x0f,0x19,0x0f,0x19,0x0f,0x19,0x0f,0x19,0x0f,0x19,0x0f,0x19,
    0x0f,0x19,0x0f,0x19,0x0f,0x19,0x0f,0x19,0x0f,0x19,0x0f,0x19,0x0f,0x19,0x0f,0x19,
    0x0f,0x19,0x0f,0x19,0x0f,0x19,0x0f,0x19,0x0f,0x19,0x0f,0x19,0x0f,0x19,0x0f,0x19,
    0x0f,0x19,0x0f,0x19,0x0f,0x19,0x0f,0x19,0x0f,0x19,0x0f,0x19,0x0f,0x19,0x0f,0x19,
    0x0f,0x19,0x00,0x00,0x00,0x00,0x00,0x00,0x00,0x00,0x00,0x00,0x00,0x00,0x00,0x00,
    0x00,0x00,0x00,0x00,0x0f,0x19,0x0f,0x19,0x0f,0x19,0x0f,0x19,0x0f,0x19,0x0f,0x19,
    0x0f,0x19,0x0f,0x19,0x0f,0x19,0x0f,0x19,0x0f,0x19,0x0f,0x19,0x0f,0x19,0x0f,0x19,
    0x0f,0x19,0x0f,0x19,0x0f,0x19,0x0f,0x19,0x0f,0x19,0x0f,0x19,0x0f,0x19,0x0f,0x19,
    0x0f,0x19,0x0f,0x19,0x0f,0x19,0x0f,0x19,0x0f,0x19,0x0f,0x19,0x0f,0x19,0x0f,0x19,
    0x0f,0x19,0x0f,0x19,0x0f,0x19,0x0f,0x19,0x00,0x00,0x00,0x00,0x00,0x00,0x00,0x00,
    0x00,0x00,0x00,0x00,0x00,0x00,0x0f,0x19,0x0f,0x19,0x0f,0x19,0x0f,0x19,0x0f,0x19,
    0x0f,0x19,0x0f,0x19,0x0f,0x19,0x0f,0x19,0x0f,0x19,0x0f,0x19,0x0f,0x19,0x0f,0x19,
    0x0f,0x19,0x0f,0x19,0x0f,0x19,0x0f,0x19,0x0f,0x19,0x0f,0x19,0x0f,0x19,0x0f,0x19,
    0x0f,0x19,0x0f,0x19,0x0f,0x19,0x0f,0x19,0x0f,0x19,0x0f,0x19,0x0f,0x19,0x0f,0x19,
    0x0f,0x19,0x0f,0x19,0x0f,0x19,0x0f,0x19,0x0f,0x19,0x0f,0x19,0x0f,0x19,0x00,0x00,
    0x00,0x00,0x00,0x00,0x00,0x00,0x00,0x00,0x00,0x00,0x0f,0x19,0x0f,0x19,0x0f,0x19,
    0x0f,0x19,0x0f,0x19,0x0f,0x19,0x0f,0x19,0x0f,0x19,0x0f,0x19,0x0f,0x19,0x0f,0x19,
    0x0f,0x19,0x0f,0x19,0x0f,0x19,0x0f,0x19,0x0f,0x19,0x0f,0x19,0x0f,0x19,0x0f,0x19,
    0x0f,0x19,0x0f,0x19,0x0f,0x19,0x0f,0x19,0x0f,0x19,0x0f,0x19,0x0f,0x19,0x0f,0x19,
    0x0f,0x19,0x0f,0x19,0x0f,0x19,0x0f,0x19,0x0f,0x19,0x0f,0x19,0x0f,0x19,0x0f,0x19,
    0x0f,0x19,0x00,0x00,0x00,0x00,0x00,0x00,0x00,0x00,0x00,0x00,0x0f,0x19,0x0f,0x19,
    0x0f,0x19,0x0f,0x19,0x0f,0x19,0x0f,0x19,0x0f,0x19,0x0f,0x19,0x0f,0x19,0x0f,0x19,
    0x0f,0x19,0x0f,0x19,0x0f,0x19,0x0f,0x19,0x0f,0x19,0x0f,0x19,0x0f,0x19,0x0f,0x19,
    0x0f,0x19,0x0f,0x19,0x0f,0x19,0x0f,0x19,0x0f,0x19,0x0f,0x19,0x0f,0x19,0x0f,0x19,
    0x0f,0x19,0x0f,0x19,0x0f,0x19,0x0f,0x19,0x0f,0x19,0x0f,0x19,0x0f,0x19,0x0f,0x19,
    0x0f,0x19,0x0f,0x19,0x0f,0x19,0x0f,0x19,0x00,0x00,0x00,0x00,0x00,0x00,0x00,0x00,
    0x0f,0x19,0x0f,0x19,0x0f,0x19,0x0f,0x19,0x0f,0x19,0x0f,0x19,0x0f,0x19,0x0f,0x19,
    0x0f,0x19,0x0f,0x19,0x0f,0x19,0x0f,0x19,0x0f,0x19,0x0f,0x19,0x0f,0x19,0x0f,0x19,
    0x0f,0x19,0x0f,0x19,0x0f,0x19,0x0f,0x19,0x0f,0x19,0x0f,0x19,0x0f,0x19,0x0f,0x19,
    0x0f,0x19,0x0f,0x19,0x0f,0x19,0x0f,0x19,0x0f,0x19,0x0f,0x19,0x0f,0x19,0x0f,0x19,
    0x0f,0x19,0x0f,0x19,0x0f,0x19,0x0f,0x19,0x0f,0x19,0x0f,0x19,0x00,0x00,0x00,0x00,
    0x00,0x00,0x0f,0x19,0x0f,0x19,0x0f,0x19,0x0f,0x19,0x0f,0x19,0x0f,0x19,0x0f,0x19,
    0x0f,0x19,0x0f,0x19,0x0f,0x19,0x0f,0x19,0x0f,0x19,0x0f,0x19,0x0f,0x19,0x0f,0x19,
    0x0f,0x19,0x0f,0x19,0x58,0xa5,0x1c,0xe7,0x1c,0xe7,0x1c,0xe7,0x1c,0xe7,0x58,0xa5,
    0x2f,0x19,0x0f,0x19,0x0f,0x19,0x0f,0x19,0x0f,0x19,0x0f,0x19,0x0f,0x19,0x0f,0x19,
    0x0f,0x19,0x0f,0x19,0x0f,0x19,0x0f,0x19,0x0f,0x19,0x0f,0x19,0x0f,0x19,0x0f,0x19,
    0x0f,0x19,0x00,0x00,0x00,0x00,0x0f,0x19,0x0f,0x19,0x0f,0x19,0x0f,0x19,0x0f,0x19,
    0x0f,0x19,0x0f,0x19,0x0f,0x19,0x0f,0x19,0x0f,0x19,0x0f,0x19,0x0f,0x19,0x0f,0x19,
    0x0f,0x19,0x0f,0x19,0x38,0xa5,0x1c,0xe7,0x1c,0xe7,0x1c,0xe7,0x1c,0xe7,0x1c,0xe7,
    0x1c,0xe7,0x1c,0xe7,0x1c,0xe7,0x58,0xad,0x0f,0x19,0x0f,0x19,0x0f,0x19,0x0f,0x19,
    0x0f,0x19,0x0f,0x19,0x0f,0x19,0x0f,0x19,0x0f,0x19,0x0f,0x19,0x0f,0x19,0x0f,0x19,
    0x0f,0x19,0x0f,0x19,0x0f,0x19,0x00,0x00,0x0f,0x19,0x0f,0x19,0x0f,0x19,0x0f,0x19,
    0x0f,0x19,0x0f,0x19,0x0f,0x19,0x0f,0x19,0x0f,0x19,0x0f,0x19,0x0f,0x19,0x0f,0x19,
    0x0f,0x19,0x0f,0x19,0x0f,0x19,0x9b,0xd6,0x1c,0xe7,0x1c,0xe7,0xfc,0xde,0x74,0x6b,
    0x70,0x21,0x50,0x21,0x54,0x63,0xfc,0xde,0x1c,0xe7,0x1c,0xe7,0xbb,0xd6,0x0f,0x19,
    0x0f,0x19,0x0f,0x19,0x0f,0x19,0x0f,0x19,0x0f,0x19,0x0f,0x19,0x0f,0x19,0x0f,0x19,
    0x0f,0x19,0x0f,0x19,0x0f,0x19,0x0f,0x19,0x0f,0x19,0x0f,0x19,0x0f,0x19,0x0f,0x19,
    0x0f,0x19,0x0f,0x19,0x0f,0x19,0x0f,0x19,0x0f,0x19,0x0f,0x19,0x0f,0x19,0x0f,0x19,
    0x0f,0x19,0x0f,0x19,0x0f,0x19,0x0f,0x19,0x58,0xa5,0x1c,0xe7,0x1c,0xe7,0x74,0x6b,
    0x0f,0x19,0x0f,0x19,0x0f,0x19,0x0f,0x19,0x0f,0x19,0x0f,0x19,0xf3,0x52,0x1c,0xe7,
    0x1c,0xe7,0x99,0xb5,0x0f,0x19,0x0f,0x19,0x0f,0x19,0x0f,0x19,0x0f,0x19,0x0f,0x19,
    0x0f,0x19,0x0f,0x19,0x0f,0x19,0x0f,0x19,0x0f,0x19,0x0f,0x19,0x0f,0x19,0x0f,0x19,
    0x0f,0x19,0x0f,0x19,0x0f,0x19,0x0f,0x19,0x0f,0x19,0x0f,0x19,0x0f,0x19,0x0f,0x19,
    0x0f,0x19,0x0f,0x19,0x0f,0x19,0x0f,0x19,0x0f,0x19,0x0f,0x19,0x1c,0xe7,0x1c,0xe7,
    0x54,0x63,0x0f,0x19,0x0f,0x19,0x0f,0x19,0x0f,0x19,0x0f,0x19,0x0f,0x19,0x0f,0x19,
    0x0f,0x19,0xf3,0x52,0x1c,0xe7,0x1c,0xe7,0x50,0x21,0x0f,0x19,0x0f,0x19,0x0f,0x19,
    0x0f,0x19,0x0f,0x19,0x0f,0x19,0x0f,0x19,0x0f,0x19,0x0f,0x19,0x0f,0x19,0x0f,0x19,
    0x0f,0x19,0x0f,0x19,0x0f,0x19,0x0f,0x19,0x0f,0x19,0x0f,0x19,0x0f,0x19,0x0f,0x19,
    0x0f,0x19,0x0f,0x19,0x0f,0x19,0x0f,0x19,0x0f,0x19,0x0f,0x19,0x0f,0x19,0x58,0xa5,
    0x1c,0xe7,0xbb,0xd6,0x0f,0x19,0x0f,0x19,0x0f,0x19,0x0f,0x19,0x0f,0x19,0x0f,0x19,
    0x0f,0x19,0x0f,0x19,0x0f,0x19,0x0f,0x19,0xdb,0xde,0x1c,0xe7,0x38,0xa5,0x0f,0x19,
    0x0f,0x19,0x0f,0x19,0x0f,0x19,0x0f,0x19,0x0f,0x19,0x0f,0x19,0x0f,0x19,0x0f,0x19,
    0x0f,0x19,0x0f,0x19,0x0f,0x19,0x0f,0x19,0x0f,0x19,0x0f,0x19,0x0f,0x19,0x0f,0x19,
    0x0f,0x19,0x0f,0x19,0x0f,0x19,0x0f,0x19,0x0f,0x19,0x0f,0x19,0x0f,0x19,0x0f,0x19,
    0x0f,0x19,0x1c,0xe7,0x1c,0xe7,0x54,0x63,0x0f,0x19,0x0f,0x19,0x0f,0x19,0x0f,0x19,
    0x0f,0x19,0x0f,0x19,0x0f,0x19,0x0f,0x19,0x0f,0x19,0x0f,0x19,0x34,0x63,0x1c,0xe7,
    0x1c,0xe7,0x0f,0x19,0x0f,0x19,0x0f,0x19,0x0f,0x19,0x0f,0x19,0x0f,0x19,0x0f,0x19,
    0x0f,0x19,0x0f,0x19,0x0f,0x19,0x0f,0x19,0x0f,0x19,0x0f,0x19,0x0f,0x19,0x0f,0x19,
    0x0f,0x19,0x0f,0x19,0x0f,0x19,0x0f,0x19,0x0f,0x19,0x0f,0x19,0x0f,0x19,0x0f,0x19,
    0x0f,0x19,0x0f,0x19,0x0f,0x19,0x1c,0xe7,0x1c,0xe7,0x70,0x21,0x0f,0x19,0x0f,0x19,
    0x0f,0x19,0x0f,0x19,0x0f,0x19,0x0f,0x19,0x0f,0x19,0x0f,0x19,0x0f,0x19,0x0f,0x19,
    0x0f,0x19,0x0f,0x19,0xd5,0x73,0x0f,0x19,0x0f,0x19,0x0f,0x19,0x0f,0x19,0x0f,0x19,
    0x0f,0x19,0x0f,0x19,0x0f,0x19,0x0f,0x19,0x0f,0x19,0x0f,0x19,0x0f,0x19,0x0f,0x19,
    0x0f,0x19,0x0f,0x19,0x0f,0x19,0x0f,0x19,0x0f,0x19,0x0f,0x19,0x0f,0x19,0x0f,0x19,
    0x0f,0x19,0x0f,0x19,0x0f,0x19,0x0f,0x19,0x0f,0x19,0x1c,0xe7,0x1c,0xe7,0x50,0x19,
    0x0f,0x19,0x0f,0x19,0x0f,0x19,0x0f,0x19,0x0f,0x19,0x1c,0xe7,0xd7,0x94,0x70,0x21,
    0x0f,0x19,0x0f,0x19,0x0f,0x19,0x0f,0x19,0x0f,0x19,0x0f,0x19,0x0f,0x19,0x0f,0x19,
    0x0f,0x19,0x0f,0x19,0x0f,0x19,0x0f,0x19,0x0f,0x19,0x0f,0x19,0x0f,0x19,0x0f,0x19,
    0x0f,0x19,0x0f,0x19,0x0f,0x19,0x0f,0x19,0x0f,0x19,0x0f,0x19,0x0f,0x19,0x0f,0x19,
    0x0f,0x19,0x0f,0x19,0x0f,0x19,0x0f,0x19,0x0f,0x19,0x0f,0x19,0x0f,0x19,0x1c,0xe7,
    0x1c,0xe7,0x54,0x63,0x0f,0x19,0x0f,0x19,0x0f,0x19,0x0f,0x19,0x0f,0x19,0xb7,0x94,
    0x1c,0xe7,0x1c,0xe7,0x1c,0xe7,0xd9,0xb5,0x11,0x3a,0x0f,0x19,0x0f,0x19,0x0f,0x19,
    0x0f,0x19,0x0f,0x19,0x0f,0x19,0x0f,0x19,0x0f,0x19,0x0f,0x19,0x0f,0x19,0x0f,0x19,
    0x0f,0x19,0x0f,0x19,0x0f,0x19,0x0f,0x19,0x0f,0x19,0x0f,0x19,0x0f,0x19,0x0f,0x19,
    0x0f,0x19,0x0f,0x19,0x0f,0x19,0x0f,0x19,0x0f,0x19,0x0f,0x19,0x0f,0x19,0x0f,0x19,
    0x0f,0x19,0x58,0xa5,0x1c,0xe7,0xdb,0xde,0x0f,0x19,0x0f,0x19,0x0f,0x19,0x0f,0x19,
    0x0f,0x19,0x70,0x21,0x1c,0xe7,0x1c,0xe7,0x1c,0xe7,0x1c,0xe7,0x1c,0xe7,0x1c,0xe7,
    0xbb,0xd6,0x54,0x63,0x0f,0x19,0x0f,0x19,0x0f,0x19,0x0f,0x19,0x0f,0x19,0x0f,0x19,
    0x0f,0x19,0x0f,0x19,0x0f,0x19,0x0f,0x19,0x0f,0x19,0x0f,0x19,0x0f,0x19,0x0f,0x19,
    0x0f,0x19,0x0f,0x19,0x0f,0x19,0x0f,0x19,0x0f,0x19,0x0f,0x19,0x0f,0x19,0x0f,0x19,
    0x0f,0x19,0x0f,0x19,0x0f,0x19,0x70,0x21,0x1c,0xe7,0x1c,0xe7,0x13,0x5b,0x0f,0x19,
    0x0f,0x19,0x0f,0x19,0x0f,0x19,0x0f,0x19,0x1c,0xe7,0x1c,0xe7,0x1c,0xe7,0x1c,0xe7,
    0x1c,0xe7,0x1c,0xe7,0x1c,0xe7,0x1c,0xe7,0x1c,0xe7,0x1c,0xe7,0xd7,0x94,0x50,0x19,
    0x0f,0x19,0x0f,0x19,0x0f,0x19,0x0f,0x19,0x0f,0x19,0x0f,0x19,0x0f,0x19,0x0f,0x19,
    0x0f,0x19,0x0f,0x19,0x0f,0x19,0x0f,0x19,0x0f,0x19,0x0f,0x19,0x0f,0x19,0x0f,0x19,
    0x0f,0x19,0x0f,0x19,0x0f,0x19,0x0f,0x19,0x0f,0x19,0x0f,0x19,0x99,0xad,0x1c,0xe7,
    0x1c,0xe7,0xd3,0x52,0x0f,0x19,0x0f,0x19,0x0f,0x19,0x0f,0x19,0xd9,0xbd,0x1c,0xe7,
    0x1c,0xe7,0x1c,0xe7,0x1c,0xe7,0x1c,0xe7,0x1c,0xe7,0x1c,0xe7,0x1c,0xe7,0x1c,0xe7,
    0x78,0xad,0xb1,0x29,0x0f,0x19,0x0f,0x19,0x0f,0x19,0x0f,0x19,0x0f,0x19,0x0f,0x19,
    0x0f,0x19,0x0f,0x19,0x0f,0x19,0x0f,0x19,0x0f,0x19,0x0f,0x19,0x0f,0x19,0x0f,0x19,
    0x0f,0x19,0x0f,0x19,0x0f,0x19,0x0f,0x19,0x0f,0x19,0x0f,0x19,0x0f,0x19,0x0f,0x19,
    0x0f,0x19,0xbb,0xd6,0x1c,0xe7,0x1c,0xe7,0xfb,0xde,0x34,0x63,0x0f,0x19,0x0f,0x19,
    0x11,0x3a,0x1c,0xe7,0x1c,0xe7,0x1c,0xe7,0x1c,0xe7,0x1c,0xe7,0x1c,0xe7,0xd9,0xb5,
    0xb1,0x29,0x0f,0x19,0x0f,0x19,0x0f,0x19,0x0f,0x19,0x0f,0x19,0x0f,0x19,0x0f,0x19,
    0x0f,0x19,0x0f,0x19,0x0f,0x19,0x0f,0x19,0x0f,0x19,0x0f,0x19,0x0f,0x19,0x0f,0x19,
    0x0f,0x19,0x0f,0x19,0x0f,0x19,0x0f,0x19,0x0f,0x19,0x0f,0x19,0x0f,0x19,0x0f,0x19,
    0x0f,0x19,0x0f,0x19,0x0f,0x19,0x0f,0x19,0x78,0xad,0x1c,0xe7,0x1c,0xe7,0x1c,0xe7,
    0x0f,0x19,0x0f,0x19,0x0f,0x19,0x1c,0xe7,0x1c,0xe7,0x1c,0xe7,0x1c,0xe7,0x1c,0xe7,
    0x1c,0xe7,0x1c,0xe7,0x50,0x21,0x0f,0x19,0x0f,0x19,0x0f,0x19,0x0f,0x19,0x0f,0x19,
    0x0f,0x19,0x0f,0x19,0x0f,0x19,0x0f,0x19,0x0f,0x19,0x0f,0x19,0x00,0x00,0x0f,0x19,
    0x0f,0x19,0x0f,0x19,0x0f,0x19,0x0f,0x19,0x0f,0x19,0x0f,0x19,0x0f,0x19,0x0f,0x19,
    0x0f,0x19,0x0f,0x19,0x0f,0x19,0x0f,0x19,0x0f,0x19,0x0f,0x19,0x0f,0x19,0x50,0x21,
    0x38,0xa5,0x1c,0xe7,0x74,0x6b,0x0f,0x19,0x0f,0x19,0xbb,0xd6,0x1c,0xe7,0x1c,0xe7,
    0x1c,0xe7,0x1c,0xe7,0x1c,0xe7,0x1c,0xe7,0x1c,0xe7,0x70,0x21,0x0f,0x19,0x0f,0x19,
    0x0f,0x19,0x0f,0x19,0x0f,0x19,0x0f,0x19,0x0f,0x19,0x0f,0x19,0x0f,0x19,0x00,0x00,
    0x00,0x00,0x0f,0x19,0x0f,0x19,0x0f,0x19,0x0f,0x19,0x0f,0x19,0x0f,0x19,0x0f,0x19,
    0x0f,0x19,0x0f,0x19,0x0f,0x19,0x0f,0x19,0x0f,0x19,0x0f,0x19,0x0f,0x19,0x0f,0x19,
    0x0f,0x19,0x0f,0x19,0x0f,0x19,0x0f,0x19,0x0f,0x19,0x0f,0x19,0x0f,0x19,0x54,0x63,
    0x1c,0xe7,0x1c,0xe7,0xd9,0xb5,0x1c,0xe7,0x1c,0xe7,0x1c,0xe7,0x1c,0xe7,0x1c,0xe7,
    0x50,0x21,0x0f,0x19,0x0f,0x19,0x0f,0x19,0x0f,0x19,0x0f,0x19,0x0f,0x19,0x0f,0x19,
    0x0f,0x19,0x00,0x00,0x00,0x00,0x00,0x00,0x0f,0x19,0x0f,0x19,0x0f,0x19,0x0f,0x19,
    0x0f,0x19,0x0f,0x19,0x0f,0x19,0x0f,0x19,0x0f,0x19,0x0f,0x19,0x0f,0x19,0x0f,0x19,
    0x0f,0x19,0x0f,0x19,0x0f,0x19,0x0f,0x19,0x0f,0x19,0x0f,0x19,0x0f,0x19,0x0f,0x19,
    0x0f,0x19,0x0f,0x19,0x1c,0xe7,0x1c,0xe7,0xb0,0x29,0x70,0x21,0x1c,0xe7,0x1c,0xe7,
    0x1c,0xe7,0x1c,0xe7,0x1c,0xe7,0x70,0x21,0x0f,0x19,0x0f,0x19,0x0f,0x19,0x0f,0x19,
    0x0f,0x19,0x0f,0x19,0x00,0x00,0x00,0x00,0x00,0x00,0x00,0x00,0x0f,0x19,0x0f,0x19,
    0x0f,0x19,0x0f,0x19,0x0f,0x19,0x0f,0x19,0x0f,0x19,0x0f,0x19,0x0f,0x19,0x0f,0x19,
    0x0f,0x19,0x0f,0x19,0x0f,0x19,0x0f,0x19,0x0f,0x19,0x0f,0x19,0x0f,0x19,0x0f,0x19,
    0x0f,0x19,0x0f,0x19,0x0f,0x19,0x0f,0x19,0x1c,0xe7,0x1c,0xe7,0x0f,0x19,0x0f,0x19,
    0x70,0x21,0x1c,0xe7,0x1c,0xe7,0x1c,0xe7,0x1c,0xe7,0x1c,0xe7,0x70,0x21,0x0f,0x19,
    0x0f,0x19,0x0f,0x19,0x0f,0x19,0x0f,0x19,0x00,0x00,0x00,0x00,0x00,0x00,0x00,0x00,
    0x00,0x00,0x0f,0x19,0x0f,0x19,0x0f,0x19,0x0f,0x19,0x0f,0x19,0x0f,0x19,0x0f,0x19,
    0x0f,0x19,0x0f,0x19,0x0f,0x19,0x0f,0x19,0x0f,0x19,0x0f,0x19,0x0f,0x19,0x0f,0x19,
    0x0f,0x19,0x0f,0x19,0x0f,0x19,0x0f,0x19,0x0f,0x19,0x0f,0x19,0xb7,0x94,0x99,0xb5,
    0x0f,0x19,0x0f,0x19,0x0f,0x19,0x50,0x21,0x1c,0xe7,0x1c,0xe7,0x1c,0xe7,0x1c,0xe7,
    0xbb,0xd6,0x0f,0x19,0x0f,0x19,0x0f,0x19,0x0f,0x19,0x00,0x00,0x00,0x00,0x00,0x00,
    0x00,0x00,0x00,0x00,0x00,0x00,0x0f,0x19,0x0f,0x19,0x0f,0x19,0x0f,0x19,0x0f,0x19,
    0x0f,0x19,0x0f,0x19,0x0f,0x19,0x0f,0x19,0x0f,0x19,0x0f,0x19,0x0f,0x19,0x0f,0x19,
    0x0f,0x19,0x0f,0x19,0x0f,0x19,0x0f,0x19,0x0f,0x19,0x0f,0x19,0x0f,0x19,0x0f,0x19,
    0x70,0x21,0xb0,0x29,0x0f,0x19,0x0f,0x19,0x0f,0x19,0x0f,0x19,0x70,0x21,0x1c,0xe7,
    0x1c,0xe7,0xfb,0xde,0x0f,0x19,0x0f,0x19,0x0f,0x19,0x0f,0x19,0x0f,0x19,0x00,0x00,
    0x00,0x00,0x00,0x00,0x00,0x00,0x00,0x00,0x00,0x00,0x00,0x00,0x0f,0x19,0x0f,0x19,
    0x0f,0x19,0x0f,0x19,0x0f,0x19,0x0f,0x19,0x0f,0x19,0x0f,0x19,0x0f,0x19,0x0f,0x19,
    0x0f,0x19,0x0f,0x19,0x0f,0x19,0x0f,0x19,0x0f,0x19,0x0f,0x19,0x0f,0x19,0x0f,0x19,
    0x0f,0x19,0x0f,0x19,0x0f,0x19,0x0f,0x19,0x0f,0x19,0x0f,0x19,0x0f,0x19,0x0f,0x19,
    0x0f,0x19,0x50,0x21,0xfb,0xde,0x0f,0x19,0x0f,0x19,0x0f,0x19,0x0f,0x19,0x0f,0x19,
    0x00,0x00,0x00,0x00,0x00,0x00,0x00,0x00,0x00,0x00,0x00,0x00,0x00,0x00,0x00,0x00,
    0x00,0x00,0x0f,0x19,0x0f,0x19,0x0f,0x19,0x0f,0x19,0x0f,0x19,0x0f,0x19,0x0f,0x19,
    0x0f,0x19,0x0f,0x19,0x0f,0x19,0x0f,0x19,0x0f,0x19,0x0f,0x19,0x0f,0x19,0x0f,0x19,
    0x0f,0x19,0x0f,0x19,0x0f,0x19,0x0f,0x19,0x0f,0x19,0x0f,0x19,0x0f,0x19,0x0f,0x19,
    0x0f,0x19,0x0f,0x19,0x0f,0x19,0x0f,0x19,0x0f,0x19,0x0f,0x19,0x0f,0x19,0x0f,0x19,
    0x0f,0x19,0x00,0x00,0x00,0x00,0x00,0x00,0x00,0x00,0x00,0x00,0x00,0x00,0x00,0x00,
    0x00,0x00,0x00,0x00,0x00,0x00,0x00,0x00,0x0f,0x19,0x0f,0x19,0x0f,0x19,0x0f,0x19,
    0x0f,0x19,0x0f,0x19,0x0f,0x19,0x0f,0x19,0x0f,0x19,0x0f,0x19,0x0f,0x19,0x0f,0x19,
    0x0f,0x19,0x0f,0x19,0x0f,0x19,0x0f,0x19,0x0f,0x19,0x0f,0x19,0x0f,0x19,0x0f,0x19,
    0x0f,0x19,0x0f,0x19,0x0f,0x19,0x0f,0x19,0x0f,0x19,0x0f,0x19,0x0f,0x19,0x0f,0x19,
    0x0f,0x19,0x0f,0x19,0x00,0x00,0x00,0x00,0x00,0x00,0x00,0x00,0x00,0x00,0x00,0x00,
    0x00,0x00,0x00,0x00,0x00,0x00,0x00,0x00,0x00,0x00,0x00,0x00,0x00,0x00,0x0f,0x19,
    0x0f,0x19,0x0f,0x19,0x0f,0x19,0x0f,0x19,0x0f,0x19,0x0f,0x19,0x0f,0x19,0x0f,0x19,
    0x0f,0x19,0x0f,0x19,0x0f,0x19,0x0f,0x19,0x0f,0x19,0x0f,0x19,0x0f,0x19,0x0f,0x19,
    0x0f,0x19,0x0f,0x19,0x0f,0x19,0x0f,0x19,0x0f,0x19,0x0f,0x19,0x0f,0x19,0x0f,0x19,
    0x0f,0x19,0x0f,0x19,0x0f,0x19,0x00,0x00,0x00,0x00,0x00,0x00,0x00,0x00,0x00,0x00,
    0x00,0x00,0x00,0x00,0x00,0x00,0x00,0x00,0x00,0x00,0x00,0x00,0x00,0x00,0x00,0x00,
    0x00,0x00,0x00,0x00,0x0f,0x19,0x0f,0x19,0x0f,0x19,0x0f,0x19,0x0f,0x19,0x0f,0x19,
    0x0f,0x19,0x0f,0x19,0x0f,0x19,0x0f,0x19,0x0f,0x19,0x0f,0x19,0x0f,0x19,0x0f,0x19,
    0x0f,0x19,0x0f,0x19,0x0f,0x19,0x0f,0x19,0x0f,0x19,0x0f,0x19,0x0f,0x19,0x0f,0x19,
    0x0f,0x19,0x0f,0x19,0x0f,0x19,0x0f,0x19,0x00,0x00,0x00,0x00,0x00,0x00,0x00,0x00,
    0x00,0x00,0x00,0x00,0x00,0x00,0x00,0x00,0x00,0x00,0x00,0x00,0x00,0x00,0x00,0x00,
    0x00,0x00,0x00,0x00,0x00,0x00,0x00,0x00,0x00,0x00,0x00,0x00,0x0f,0x19,0x0f,0x19,
    0x0f,0x19,0x0f,0x19,0x0f,0x19,0x0f,0x19,0x0f,0x19,0x0f,0x19,0x0f,0x19,0x0f,0x19,
    0x0f,0x19,0x0f,0x19,0x0f,0x19,0x0f,0x19,0x0f,0x19,0x0f,0x19,0x0f,0x19,0x0f,0x19,
    0x0f,0x19,0x0f,0x19,0x0f,0x19,0x0f,0x19,0x00,0x00,0x00,0x00,0x00,0x00,0x00,0x00,
    0x00,0x00,0x00,0x00,0x00,0x00,0x00,0x00,0x00,0x00,0x00,0x00,0x00,0x00,0x00,0x00,
    0x00,0x00,0x00,0x00,0x00,0x00,0x00,0x00,0x00,0x00,0x00,0x00,0x00,0x00,0x00,0x00,
    0x00,0x00,0x00,0x00,0x0f,0x19,0x0f,0x19,0x0f,0x19,0x0f,0x19,0x0f,0x19,0x0f,0x19,
    0x0f,0x19,0x0f,0x19,0x0f,0x19,0x0f,0x19,0x0f,0x19,0x0f,0x19,0x0f,0x19,0x0f,0x19,
    0x0f,0x19,0x0f,0x19,0x0f,0x19,0x0f,0x19,0x00,0x00,0x00,0x00,0x00,0x00,0x00,0x00,
    0x00,0x00,0x00,0x00,0x00,0x00,0x00,0x00,0x00,0x00,0x00,0x00,0x00,0x00,0x00,0x00,
    0x00,0x00,0x00,0x00,0x00,0x00,0x00,0x00,0x00,0x00,0x00,0x00,0x00,0x00,0x00,0x00,
    0x00,0x00,0x00,0x00,0x00,0x00,0x00,0x00,0x00,0x00,0x00,0x00,0x00,0x00,0x0f,0x19,
    0x0f,0x19,0x0f,0x19,0x0f,0x19,0x0f,0x19,0x0f,0x19,0x0f,0x19,0x0f,0x19,0x0f,0x19,
    0x0f,0x19,0x0f,0x19,0x0f,0x19,0x00,0x00,0x00,0x00,0x00,0x00,0x00,0x00,0x00,0x00,
    0x00,0x00,0x00,0x00,0x00,0x00,0x00,0x00,0x00,0x00,0x00,0x00,0x00,0x00,0x00,0x00,
    0x00,0x00,0x00,0x00,0x00,0x00,0x00,0x00,0x00,0x00,0x00,0x00,0x00,0x00,0x00,0x00,
    0x00,0x00,0x00,0x00,0x00,0x00,0x00,0x00,0x00,0x00,0x00,0x00,0x00,0x00,0x00,0x00,
    0x00,0x00,0x00,0x00,0x00,0x00,0x00,0x00,0x00,0x00,0x00,0x00,0x00,0x00,0x00,0x00,
    0x00,0x00,0x00,0x00,0x00,0x00,0x00,0x00,0x00,0x00,0x00,0x00,0x00,0x00,0x00,0x00,
    0x00,0x00,0x00,0x00,0x00,0x00,0x00,0x00,0x00,0x00,0x00,0x00,0x00,0x00,0x00,0x00,
    0x00,0x00,0x00,0x00,0x00,0x00,0x00,0x00,0x00,0x00,0x00,0x00,0x00,0x00,0x00,0x00,
    0x00,0x00,0x00,0x00,0x00,0x00,0x00,0x4b,0x80,0xbf,0xcf,0xff,0xff,0xff,0xff,0xcf,
    0xbf,0x80,0x4b,0x00,0x00,0x00,0x00,0x00,0x00,0x00,0x00,0x00,0x00,0x00,0x00,0x00,
    0x00,0x00,0x00,0x00,0x00,0x00,0x00,0x00,0x00,0x00,0x00,0x00,0x00,0x00,0x3c,0x9f,
    0xef,0xff,0xff,0xff,0xff,0xff,0xff,0xff,0xff,0xff,0xff,0xff,0xff,0xef,0x9f,0x3c,
    0x00,0x00,0x00,0x00,0x00,0x00,0x00,0x00,0x00,0x00,0x00,0x00,0x00,0x00,0x00,0x00,
    0x00,0x00,0x00,0x00,0x00,0x00,0x3c,0xbf,0xff,0xff,0xff,0xff,0xff,0xff,0xff,0xff,
    0xff,0xff,0xff,0xff,0xff,0xff,0xff,0xff,0xff,0xff,0xbf,0x3c,0x00,0x00,0x00,0x00,
    0x00,0x00,0x00,0x00,0x00,0x00,0x00,0x00,0x00,0x00,0x00,0x00,0x00,0x00,0x0f,0xaf,
    0xff,0xff,0xff,0xff,0xff,0xff,0xff,0xff,0xff,0xff,0xff,0xff,0xff,0xff,0xff,0xff,
    0xff,0xff,0xff,0xff,0xff,0xff,0xaf,0x0f,0x00,0x00,0x00,0x00,0x00,0x00,0x00,0x00,
    0x00,0x00,0x00,0x00,0x00,0x00,0x00,0x2d,0xef,0xff,0xff,0xff,0xff,0xff,0xff,0xff,
    0xff,0xff,0xff,0xff,0xff,0xff,0xff,0xff,0xff,0xff,0xff,0xff,0xff,0xff,0xff,0xff,
    0xff,0xef,0x2d,0x00,0x00,0x00,0x00,0x00,0x00,0x00,0x00,0x00,0x00,0x00,0x00,0x00,
    0x5a,0xff,0xff,0xff,0xff,0xff,0xff,0xff,0xff,0xff,0xff,0xff,0xff,0xff,0xff,0xff,
    0xff,0xff,0xff,0xff,0xff,0xff,0xff,0xff,0xff,0xff,0xff,0xff,0xff,0x5a,0x00,0x00,
    0x00,0x00,0x00,0x00,0x00,0x00,0x00,0x00,0x00,0x5a,0xff,0xff,0xff,0xff,0xff,0xff,
    0xff,0xff,0xff,0xff,0xff,0xff,0xff,0xff,0xff,0xff,0xff,0xff,0xff,0xff,0xff,0xff,
    0xff,0xff,0xff,0xff,0xff,0xff,0xff,0xff,0x5a,0x00,0x00,0x00,0x00,0x00,0x00,0x00,
    0x00,0x00,0x3c,0xff,0xff,0xff,0xff,0xff,0xff,0xff,0xff,0xff,0xff,0xff,0xff,0xff,
    0xff,0xff,0xff,0xff,0xff,0xff,0xff,0xff,0xff,0xff,0xff,0xff,0xff,0xff,0xff,0xff,
    0xff,0xff,0xff,0x3c,0x00,0x00,0x00,0x00,0x00,0x00,0x00,0x0f,0xef,0xff,0xff,0xff,
    0xff,0xff,0xff,0xff,0xff,0xff,0xff,0xff,0xff,0xff,0xff,0xff,0xff,0xff,0xff,0xff,
    0xff,0xff,0xff,0xff,0xff,0xff,0xff,0xff,0xff,0xff,0xff,0xff,0xff,0xef,0x0f,0x00,
    0x00,0x00,0x00,0x00,0x00,0xbf,0xff,0xff,0xff,0xff,0xff,0xff,0xff,0xff,0xff,0xff,
    0xff,0xff,0xff,0xff,0xff,0xff,0xff,0xff,0xff,0xff,0xff,0xff,0xff,0xff,0xff,0xff,
    0xff,0xff,0xff,0xff,0xff,0xff,0xff,0xff,0xbf,0x00,0x00,0x00,0x00,0x00,0x4b,0xff,
    0xff,0xff,0xff,0xff,0xff,0xff,0xff,0xff,0xff,0xff,0xff,0xff,0xff,0xff,0xff,0xff,
    0xff,0xff,0xff,0xff,0xff,0xff,0xff,0xff,0xff,0xff,0xff,0xff,0xff,0xff,0xff,0xff,
    0xff,0xff,0xff,0x4b,0x00,0x00,0x00,0x00,0xdf,0xff,0xff,0xff,0xff,0xff,0xff,0xff,
    0xff,0xff,0xff,0xff,0xff,0xff,0xff,0xff,0xff,0xff,0xff,0xff,0xff,0xff,0xff,0xff,
    0xff,0xff,0xff,0xff,0xff,0xff,0xff,0xff,0xff,0xff,0xff,0xff,0xff,0xdf,0x00,0x00,
    0x00,0x5a,0xff,0xff,0xff,0xff,0xff,0xff,0xff,0xff,0xff,0xff,0xff,0xff,0xff,0xff,
    0xff,0xff,0xff,0xff,0xff,0xff,0xff,0xff,0xff,0xff,0xff,0xff,0xff,0xff,0xff,0xff,
    0xff,0xff,0xff,0xff,0xff,0xff,0xff,0xff,0x5a,0x00,0x00,0xaf,0xff,0xff,0xff,0xff,
    0xff,0xff,0xff,0xff,0xff,0xff,0xff,0xff,0xff,0xff,0xff,0xff,0xff,0xff,0xff,0xff,
    0xff,0xff,0xff,0xff,0xff,0xff,0xff,0xff,0xff,0xff,0xff,0xff,0xff,0xff,0xff,0xff,
    0xff,0xff,0xaf,0x00,0x0c,0xff,0xff,0xff,0xff,0xff,0xff,0xff,0xff,0xff,0xff,0xff,
    0xff,0xff,0xff,0xff,0xff,0xff,0xff,0xff,0xff,0xff,0xff,0xff,0xff,0xff,0xff,0xff,
    0xff,0xff,0xff,0xff,0xff,0xff,0xff,0xff,0xff,0xff,0xff,0xff,0xff,0x0c,0x5a,0xff,
    0xff,0xff,0xff,0xff,0xff,0xff,0xff,0xff,0xff,0xff,0xff,0xff,0xff,0xff,0xff,0xff,
    0xff,0xff,0xff,0xff,0xff,0xff,0xff,0xff,0xff,0xff,0xff,0xff,0xff,0xff,0xff,0xff,
    0xff,0xff,0xff,0xff,0xff,0xff,0xff,0x5a,0x8f,0xff,0xff,0xff,0xff,0xff,0xff,0xff,
    0xff,0xff,0xff,0xff,0xff,0xff,0xff,0xff,0xff,0xff,0xff,0xff,0xff,0xff,0xff,0xff,
    0xff,0xff,0xff,0xff,0xff,0xff,0xff,0xff,0xff,0xff,0xff,0xff,0xff,0xff,0xff,0xff,
    0xff,0x8f,0xbf,0xff,0xff,0xff,0xff,0xff,0xff,0xff,0xff,0xff,0xff,0xff,0xff,0xff,
    0xff,0xff,0xff,0xff,0xff,0xff,0xff,0xff,0xff,0xff,0xff,0xff,0xff,0xff,0xff,0xff,
    0xff,0xff,0xff,0xff,0xff,0xff,0xff,0xff,0xff,0xff,0xff,0xbf,0xef,0xff,0xff,0xff,
    0xff,0xff,0xff,0xff,0xff,0xff,0xff,0xff,0xff,0xff,0xff,0xff,0xff,0xff,0xff,0xff,
    0xff,0xff,0xff,0xff,0xff,0xff,0xff,0xff,0xff,0xff,0xff,0xff,0xff,0xff,0xff,0xff,
    0xff,0xff,0xff,0xff,0xff,0xef,0xff,0xff,0xff,0xff,0xff,0xff,0xff,0xff,0xff,0xff,
    0xff,0xff,0xff,0xff,0xff,0xff,0xff,0xff,0xff,0xff,0xff,0xff,0xff,0xff,0xff,0xff,
    0xff,0xff,0xff,0xff,0xff,0xff,0xff,0xff,0xff,0xff,0xff,0xff,0xff,0xff,0xff,0xff,
    0xff,0xff,0xff,0xff,0xff,0xff,0xff,0xff,0xff,0xff,0xff,0xff,0xff,0xff,0xff,0xff,
    0xff,0xff,0xff,0xff,0xff,0xff,0xff,0xff,0xff,0xff,0xff,0xff,0xff,0xff,0xff,0xff,
    0xff,0xff,0xff,0xff,0xff,0xff,0xff,0xff,0xff,0xff,0xff,0xff,0xff,0xff,0xff,0xff,
    0xff,0xff,0xff,0xff,0xff,0xff,0xff,0xff,0xff,0xff,0xff,0xff,0xff,0xff,0xff,0xff,
    0xff,0xff,0xff,0xff,0xff,0xff,0xff,0xff,0xff,0xff,0xff,0xff,0xff,0xff,0xff,0xff,
    0xff,0xff,0xff,0xff,0xef,0xff,0xff,0xff,0xff,0xff,0xff,0xff,0xff,0xff,0xff,0xff,
    0xff,0xff,0xff,0xff,0xff,0xff,0xff,0xff,0xff,0xff,0xff,0xff,0xff,0xff,0xff,0xff,
    0xff,0xff,0xff,0xff,0xff,0xff,0xff,0xff,0xff,0xff,0xff,0xff,0xff,0xef,0xbf,0xff,
    0xff,0xff,0xff,0xff,0xff,0xff,0xff,0xff,0xff,0xff,0xff,0xff,0xff,0xff,0xff,0xff,
    0xff,0xff,0xff,0xff,0xff,0xff,0xff,0xff,0xff,0xff,0xff,0xff,0xff,0xff,0xff,0xff,
    0xff,0xff,0xff,0xff,0xff,0xff,0xff,0xbf,0x8f,0xff,0xff,0xff,0xff,0xff,0xff,0xff,
    0xff,0xff,0xff,0xff,0xff,0xff,0xff,0xff,0xff,0xff,0xff,0xff,0xff,0xff,0xff,0xff,
    0xff,0xff,0xff,0xff,0xff,0xff,0xff,0xff,0xff,0xff,0xff,0xff,0xff,0xff,0xff,0xff,
    0xff,0x8f,0x5a,0xff,0xff,0xff,0xff,0xff,0xff,0xff,0xff,0xff,0xff,0xff,0xff,0xff,
    0xff,0xff,0xff,0xff,0xff,0xff,0xff,0xff,0xff,0xff,0xff,0xff,0xff,0xff,0xff,0xff,
    0xff,0xff,0xff,0xff,0xff,0xff,0xff,0xff,0xff,0xff,0xff,0x5a,0x0c,0xff,0xff,0xff,
    0xff,0xff,0xff,0xff,0xff,0xff,0xff,0xff,0xff,0xff,0xff,0xff,0xff,0xff,0xff,0xff,
    0xff,0xff,0xff,0xff,0xff,0xff,0xff,0xff,0xff,0xff,0xff,0xff,0xff,0xff,0xff,0xff,
    0xff,0xff,0xff,0xff,0xff,0x0c,0x00,0xaf,0xff,0xff,0xff,0xff,0xff,0xff,0xff,0xff,
    0xff,0xff,0xff,0xff,0xff,0xff,0xff,0xff,0xff,0xff,0xff,0xff,0xff,0xff,0xff,0xff,
    0xff,0xff,0xff,0xff,0xff,0xff,0xff,0xff,0xff,0xff,0xff,0xff,0xff,0xff,0xaf,0x00,
    0x00,0x5a,0xff,0xff,0xff,0xff,0xff,0xff,0xff,0xff,0xff,0xff,0xff,0xff,0xff,0xff,
    0xff,0xff,0xff,0xff,0xff,0xff,0xff,0xff,0xff,0xff,0xff,0xff,0xff,0xff,0xff,0xff,
    0xff,0xff,0xff,0xff,0xff,0xff,0xff,0xff,0x5a,0x00,0x00,0x00,0xdf,0xff,0xff,0xff,
    0xff,0xff,0xff,0xff,0xff,0xff,0xff,0xff,0xff,0xff,0xff,0xff,0xff,0xff,0xff,0xff,
    0xff,0xff,0xff,0xff,0xff,0xff,0xff,0xff,0xff,0xff,0xff,0xff,0xff,0xff,0xff,0xff,
    0xff,0xdf,0x00,0x00,0x00,0x00,0x4b,0xff,0xff,0xff,0xff,0xff,0xff,0xff,0xff,0xff,
    0xff,0xff,0xff,0xff,0xff,0xff,0xff,0xff,0xff,0xff,0xff,0xff,0xff,0xff,0xff,0xff,
    0xff,0xff,0xff,0xff,0xff,0xff,0xff,0xff,0xff,0xff,0xff,0x4b,0x00,0x00,0x00,0x00,
    0x00,0xbf,0xff,0xff,0xff,0xff,0xff,0xff,0xff,0xff,0xff,0xff,0xff,0xff,0xff,0xff,
    0xff,0xff,0xff,0xff,0xff,0xff,0xff,0xff,0xff,0xff,0xff,0xff,0xff,0xff,0xff,0xff,
    0xff,0xff,0xff,0xff,0xbf,0x00,0x00,0x00,0x00,0x00,0x00,0x0f,0xef,0xff,0xff,0xff,
    0xff,0xff,0xff,0xff,0xff,0xff,0xff,0xff,0xff,0xff,0xff,0xff,0xff,0xff,0xff,0xff,
    0xff,0xff,0xff,0xff,0xff,0xff,0xff,0xff,0xff,0xff,0xff,0xff,0xff,0xef,0x0f,0x00,
    0x00,0x00,0x00,0x00,0x00,0x00,0x3c,0xff,0xff,0xff,0xff,0xff,0xff,0xff,0xff,0xff,
    0xff,0xff,0xff,0xff,0xff,0xff,0xff,0xff,0xff,0xff,0xff,0xff,0xff,0xff,0xff,0xff,
    0xff,0xff,0xff,0xff,0xff,0xff,0xff,0x3c,0x00,0x00,0x00,0x00,0x00,0x00,0x00,0x00,
    0x00,0x5a,0xff,0xff,0xff,0xff,0xff,0xff,0xff,0xff,0xff,0xff,0xff,0xff,0xff,0xff,
    0xff,0xff,0xff,0xff,0xff,0xff,0xff,0xff,0xff,0xff,0xff,0xff,0xff,0xff,0xff,0xff,
    0x5a,0x00,0x00,0x00,0x00,0x00,0x00,0x00,0x00,0x00,0x00,0x00,0x5a,0xff,0xff,0xff,
    0xff,0xff,0xff,0xff,0xff,0xff,0xff,0xff,0xff,0xff,0xff,0xff,0xff,0xff,0xff,0xff,
    0xff,0xff,0xff,0xff,0xff,0xff,0xff,0xff,0xff,0x5a,0x00,0x00,0x00,0x00,0x00,0x00,
    0x00,0x00,0x00,0x00,0x00,0x00,0x00,0x2d,0xef,0xff,0xff,0xff,0xff,0xff,0xff,0xff,
    0xff,0xff,0xff,0xff,0xff,0xff,0xff,0xff,0xff,0xff,0xff,0xff,0xff,0xff,0xff,0xff,
    0xff,0xef,0x2d,0x00,0x00,0x00,0x00,0x00,0x00,0x00,0x00,0x00,0x00,0x00,0x00,0x00,
    0x00,0x00,0x0f,0xaf,0xff,0xff,0xff,0xff,0xff,0xff,0xff,0xff,0xff,0xff,0xff,0xff,
    0xff,0xff,0xff,0xff,0xff,0xff,0xff,0xff,0xff,0xff,0xaf,0x0f,0x00,0x00,0x00,0x00,
    0x00,0x00,0x00,0x00,0x00,0x00,0x00,0x00,0x00,0x00,0x00,0x00,0x00,0x00,0x3c,0xbf,
    0xff,0xff,0xff,0xff,0xff,0xff,0xff,0xff,0xff,0xff,0xff,0xff,0xff,0xff,0xff,0xff,
    0xff,0xff,0xbf,0x3c,0x00,0x00,0x00,0x00,0x00,0x00,0x00,0x00,0x00,0x00,0x00,0x00,
    0x00,0x00,0x00,0x00,0x00,0x00,0x00,0x00,0x00,0x00,0x3c,0x9f,0xef,0xff,0xff,0xff,
    0xff,0xff,0xff,0xff,0xff,0xff,0xff,0xff,0xff,0xef,0x9f,0x3c,0x00,0x00,0x00,0x00,
    0x00,0x00,0x00,0x00,0x00,0x00,0x00,0x00,0x00,0x00,0x00,0x00,0x00,0x00,0x00,0x00,
    0x00,0x00,0x00,0x00,0x00,0x00,0x00,0x4b,0x80,0xbf,0xcf,0xff,0xff,0xff,0xff,0xcf,
    0xbf,0x80,0x4b,0x00,0x00,0x00,0x00,0x00,0x00,0x00,0x00,0x00,0x00,0x00,0x00,0x00,
    0x00,0x00,0x00,0x00,0x00,0x00,0x00,0x00,0x00,0x00,0x00,0x00,0x00,0x00,0x00,0x00,
    0x00,0x00,0x00,0x00,0x00,0x00,0x00,0x00,0x00,0x00,0x00,0x00,0x00,0x00,0x00,0x00,
    0x00,0x00,0x00,0x00,0x00,0x00,0x00,0x00,0x00,0x00,0x00,0x00,
};

const lv_image_dsc_t icon_button = {
    .header = {
        .magic = LV_IMAGE_HEADER_MAGIC,
        .cf = LV_COLOR_FORMAT_RGB565A8,
        .flags = 0,
        .w = 42,
        .h = 42,
        .stride = 84,
        .reserved_2 = 0,
    },
    .data_size = sizeof(icon_button_map),
    .data = icon_button_map,
    .reserved = NULL,
    .reserved_2 = NULL,
};

// Converted from Clock.png (42x42, RGB565A8: RGB565 plane + A8 alpha plane)
static const uint8_t icon_clock_map[] = {
    0x00,0x00,0x00,0x00,0x00,0x00,0x00,0x00,0x00,0x00,0x00,0x00,0x00,0x00,0x00,0x00,
    0x00,0x00,0x00,0x00,0x00,0x00,0x00,0x00,0x00,0x00,0x00,0x00,0x00,0x00,0xd2,0x30,
    0xd2,0x30,0xd2,0x30,0xd2,0x30,0xd2,0x30,0xd2,0x30,0xd2,0x30,0xd2,0x30,0xd2,0x30,
    0xd2,0x30,0xd2,0x30,0xd2,0x30,0x00,0x00,0x00,0x00,0x00,0x00,0x00,0x00,0x00,0x00,
    0x00,0x00,0x00,0x00,0x00,0x00,0x00,0x00,0x00,0x00,0x00,0x00,0x00,0x00,0x00,0x00,
    0x00,0x00,0x00,0x00,0x00,0x00,0x00,0x00,0x00,0x00,0x00,0x00,0x00,0x00,0x00,0x00,
    0x00,0x00,0x00,0x00,0x00,0x00,0x00,0x00,0x00,0x00,0x00,0x00,0xd2,0x30,0xd2,0x30,
    0xd2,0x30,0xd2,0x30,0xd2,0x30,0xd2,0x30,0xd2,0x30,0xd2,0x30,0xd2,0x30,0xd2,0x30,
    0xd2,0x30,0xd2,0x30,0xd2,0x30,0xd2,0x30,0xd2,0x30,0xd2,0x30,0xd2,0x30,0xd2,0x30,
    0x00,0x00,0x00,0x00,0x00,0x00,0x00,0x00,0x00,0x00,0x00,0x00,0x00,0x00,0x00,0x00,
    0x00,0x00,0x00,0x00,0x00,0x00,0x00,0x00,0x00,0x00,0x00,0x00,0x00,0x00,0x00,0x00,
    0x00,0x00,0x00,0x00,0x00,0x00,0x00,0x00,0x00,0x00,0x00,0x00,0xd2,0x30,0xd2,0x30,
    0xd2,0x30,0xd2,0x30,0xd2,0x30,0xd2,0x30,0xd2,0x30,0xd2,0x30,0xd2,0x30,0xd2,0x30,
    0xd2,0x30,0xd2,0x30,0xd2,0x30,0xd2,0x30,0xd2,0x30,0xd2,0x30,0xd2,0x30,0xd2,0x30,
    0xd2,0x30,0xd2,0x30,0xd2,0x30,0xd2,0x30,0x00,0x00,0x00,0x00,0x00,0x00,0x00,0x00,
    0x00,0x00,0x00,0x00,0x00,0x00,0x00,0x00,0x00,0x00,0x00,0x00,0x00,0x00,0x00,0x00,
    0x00,0x00,0x00,0x00,0x00,0x00,0x00,0x00,0x00,0x00,0x00,0x00,0xd2,0x30,0xd2,0x30,
    0xd2,0x30,0xd2,0x30,0xd2,0x30,0xd2,0x30,0xd2,0x30,0xd2,0x30,0xd2,0x30,0xd2,0x30,
    0xd2,0x30,0xd2,0x30,0xd2,0x30,0xd2,0x30,0xd2,0x30,0xd2,0x30,0xd2,0x30,0xd2,0x30,
    0xd2,0x30,0xd2,0x30,0xd2,0x30,0xd2,0x30,0xd2,0x30,0xd2,0x30,0xd2,0x30,0xd2,0x30,
    0x00,0x00,0x00,0x00,0x00,0x00,0x00,0x00,0x00,0x00,0x00,0x00,0x00,0x00,0x00,0x00,
    0x00,0x00,0x00,0x00,0x00,0x00,0x00,0x00,0x00,0x00,0x00,0x00,0x00,0x00,0xd2,0x30,
    0xd2,0x30,0xd2,0x30,0xd2,0x30,0xd2,0x30,0xd2,0x30,0xd2,0x30,0xd2,0x30,0xd2,0x30,
    0xd2,0x30,0xd2,0x30,0xd2,0x30,0xd2,0x30,0xd2,0x30,0xd2,0x30,0xd2,0x30,0xd2,0x30,
    0xd2,0x30,0xd2,0x30,0xd2,0x30,0xd2,0x30,0xd2,0x30,0xd2,0x30,0xd2,0x30,0xd2,0x30,
    0xd2,0x30,0xd2,0x30,0xd2,0x30,0x00,0x00,0x00,0x00,0x00,0x00,0x00,0x00,0x00,0x00,
    0x00,0x00,0x00,0x00,0x00,0x00,0x00,0x00,0x00,0x00,0x00,0x00,0x00,0x00,0x00,0x00,
    0xd2,0x30,0xd2,0x30,0xd2,0x30,0xd2,0x30,0xd2,0x30,0xd2,0x30,0xd2,0x30,0xd2,0x30,
    0xd2,0x30,0xd2,0x30,0xd2,0x30,0xd2,0x30,0xd2,0x30,0xd2,0x30,0xd2,0x30,0xd2,0x30,
    0xd2,0x30,0xd2,0x30,0xd2,0x30,0xd2,0x30,0xd2,0x30,0xd2,0x30,0xd2,0x30,0xd2,0x30,
    0xd2,0x30,0xd2,0x30,0xd2,0x30,0xd2,0x30,0xd2,0x30,0xd2,0x30,0x00,0x00,0x00,0x00,
    0x00,0x00,0x00,0x00,0x00,0x00,0x00,0x00,0x00,0x00,0x00,0x00,0x00,0x00,0x00,0x00,
    0x00,0x00,0xd2,0x30,0xd2,0x30,0xd2,0x30,0xd2,0x30,0xd2,0x30,0xd2,0x30,0xd2,0x30,
    0xd2,0x30,0xd2,0x30,0xd2,0x30,0xd2,0x30,0xd2,0x30,0xd2,0x30,0xd2,0x30,0xd2,0x30,
    0xd2,0x30,0xd2,0x30,0xd2,0x30,0xd2,0x30,0xd2,0x30,0xd2,0x30,0xd2,0x30,0xd2,0x30,
    0xd2,0x30,0xd2,0x30,0xd2,0x30,0xd2,0x30,0xd2,0x30,0xd2,0x30,0xd2,0x30,0xd2,0x30,
    0xd2,0x30,0x00,0x00,0x00,0x00,0x00,0x00,0x00,0x00,0x00,0x00,0x00,0x00,0x00,0x00,
    0x00,0x00,0x00,0x00,0xd2,0x30,0xd2,0x30,0xd2,0x30,0xd2,0x30,0xd2,0x30,0xd2,0x30,
    0xd2,0x30,0xd2,0x30,0xd2,0x30,0xd2,0x30,0xd2,0x30,0xd2,0x30,0xd2,0x30,0xd2,0x30,
    0xd2,0x30,0xd2,0x30,0xd2,0x30,0x12,0x39,0x32,0x39,0xd2,0x30,0xd2,0x30,0xd2,0x30,
    0xd2,0x30,0xd2,0x30,0xd2,0x30,0xd2,0x30,0xd2,0x30,0xd2,0x30,0xd2,0x30,0xd2,0x30,
    0xd2,0x30,0xd2,0x30,0xd2,0x30,0xd2,0x30,0x00,0x00,0x00,0x00,0x00,0x00,0x00,0x00,
    0x00,0x00,0x00,0x00,0x00,0x00,0xd2,0x30,0xd2,0x30,0xd2,0x30,0xd2,0x30,0xd2,0x30,
    0xd2,0x30,0xd2,0x30,0xd2,0x30,0xd2,0x30,0xd2,0x30,0xd2,0x30,0xd2,0x30,0xd2,0x30,
    0xd2,0x30,0xd6,0x83,0x1c,0xe7,0x1c,0xe7,0x1c,0xe7,0x1c,0xe7,0x1c,0xe7,0x1c,0xe7,
    0x1c,0xe7,0x1c,0xe7,0x17,0x8c,0xd2,0x30,0xd2,0x30,0xd2,0x30,0xd2,0x30,0xd2,0x30,
    0xd2,0x30,0xd2,0x30,0xd2,0x30,0xd2,0x30,0xd2,0x30,0xd2,0x30,0xd2,0x30,0x00,0x00,
    0x00,0x00,0x00,0x00,0x00,0x00,0x00,0x00,0x00,0x00,0xd2,0x30,0xd2,0x30,0xd2,0x30,
    0xd2,0x30,0xd2,0x30,0xd2,0x30,0xd2,0x30,0xd2,0x30,0xd2,0x30,0xd2,0x30,0xd2,0x30,
    0xd2,0x30,0x57,0x94,0x1c,0xe7,0x1c,0xe7,0x1c,0xe7,0x1c,0xe7,0x1c,0xe7,0x1c,0xe7,
    0x1c,0xe7,0x1c,0xe7,0x1c,0xe7,0x1c,0xe7,0x1c,0xe7,0x1c,0xe7,0xb8,0x9c,0xd2,0x30,
    0xd2,0x30,0xd2,0x30,0xd2,0x30,0xd2,0x30,0xd2,0x30,0xd2,0x30,0xd2,0x30,0xd2,0x30,
    0xd2,0x30,0x00,0x00,0x00,0x00,0x00,0x00,0x00,0x00,0x00,0x00,0xd2,0x30,0xd2,0x30,
    0xd2,0x30,0xd2,0x30,0xd2,0x30,0xd2,0x30,0xd2,0x30,0xd2,0x30,0xd2,0x30,0xd2,0x30,
    0xd2,0x30,0xf2,0x30,0x1c,0xe7,0x1c,0xe7,0x1c,0xe7,0x1c,0xe7,0x96,0x7b,0xd2,0x30,
    0xd2,0x30,0x1c,0xe7,0x1c,0xe7,0xd2,0x30,0xd2,0x30,0x36,0x73,0x1c,0xe7,0x1c,0xe7,
    0x1c,0xe7,0x1c,0xe7,0x32,0x39,0xd2,0x30,0xd2,0x30,0xd2,0x30,0xd2,0x30,0xd2,0x30,
    0xd2,0x30,0xd2,0x30,0xd2,0x30,0xd2,0x30,0x00,0x00,0x00,0x00,0x00,0x00,0x00,0x00,
    0xd2,0x30,0xd2,0x30,0xd2,0x30,0xd2,0x30,0xd2,0x30,0xd2,0x30,0xd2,0x30,0xd2,0x30,
    0xd2,0x30,0xd2,0x30,0xd3,0x49,0x1c,0xe7,0x1c,0xe7,0x1c,0xe7,0x14,0x52,0xd2,0x30,
    0xd2,0x30,0xd2,0x30,0xd2,0x30,0x1c,0xe7,0x1c,0xe7,0xd2,0x30,0xd2,0x30,0xd2,0x30,
    0xd2,0x30,0xd3,0x49,0x1c,0xe7,0x1c,0xe7,0x1c,0xe7,0x94,0x62,0xd2,0x30,0xd2,0x30,
    0xd2,0x30,0xd2,0x30,0xd2,0x30,0xd2,0x30,0xd2,0x30,0xd2,0x30,0x00,0x00,0x00,0x00,
    0x00,0x00,0xd2,0x30,0xd2,0x30,0xd2,0x30,0xd2,0x30,0xd2,0x30,0xd2,0x30,0xd2,0x30,
    0xd2,0x30,0xd2,0x30,0xd2,0x30,0xf2,0x30,0x1c,0xe7,0x1c,0xe7,0xdb,0xde,0xd2,0x30,
    0xd2,0x30,0xd2,0x30,0xd2,0x30,0xd2,0x30,0xd2,0x30,0x1c,0xe7,0x1c,0xe7,0xd2,0x30,
    0xd2,0x30,0xd2,0x30,0xd2,0x30,0xd2,0x30,0xd2,0x30,0x7b,0xd6,0x1c,0xe7,0x1c,0xe7,
    0xb3,0x49,0xd2,0x30,0xd2,0x30,0xd2,0x30,0xd2,0x30,0xd2,0x30,0xd2,0x30,0xd2,0x30,
    0xd2,0x30,0x00,0x00,0x00,0x00,0xd2,0x30,0xd2,0x30,0xd2,0x30,0xd2,0x30,0xd2,0x30,
    0xd2,0x30,0xd2,0x30,0xd2,0x30,0xd2,0x30,0xd2,0x30,0x1c,0xe7,0x1c,0xe7,0xdb,0xde,
    0xd2,0x30,0xd2,0x30,0xd2,0x30,0xd2,0x30,0xd2,0x30,0xd2,0x30,0xd2,0x30,0xd2,0x30,
    0xd2,0x30,0xd2,0x30,0xd2,0x30,0xd2,0x30,0xd2,0x30,0xd2,0x30,0xd2,0x30,0xd2,0x30,
    0x7b,0xd6,0x1c,0xe7,0x1c,0xe7,0xd2,0x30,0xd2,0x30,0xd2,0x30,0xd2,0x30,0xd2,0x30,
    0xd2,0x30,0xd2,0x30,0xd2,0x30,0x00,0x00,0x00,0x00,0xd2,0x30,0xd2,0x30,0xd2,0x30,
    0xd2,0x30,0xd2,0x30,0xd2,0x30,0xd2,0x30,0xd2,0x30,0xd2,0x30,0x57,0x94,0x1c,0xe7,
    0x1c,0xe7,0xd2,0x30,0xd2,0x30,0xd2,0x30,0xd2,0x30,0xd2,0x30,0xd2,0x30,0xd2,0x30,
    0xd2,0x30,0xd2,0x30,0xd2,0x30,0xd2,0x30,0xd2,0x30,0xd2,0x30,0xd2,0x30,0xd2,0x30,
    0xd2,0x30,0xd2,0x30,0xd2,0x30,0x1c,0xe7,0x1c,0xe7,0xfa,0xc5,0xd2,0x30,0xd2,0x30,
    0xd2,0x30,0xd2,0x30,0xd2,0x30,0xd2,0x30,0xd2,0x30,0x00,0x00,0xd2,0x30,0xd2,0x30,
    0xd2,0x30,0xd2,0x30,0xd2,0x30,0xd2,0x30,0xd2,0x30,0xd2,0x30,0xd2,0x30,0xd2,0x30,
    0x1c,0xe7,0x1c,0xe7,0x14,0x52,0xd2,0x30,0xd2,0x30,0xd2,0x30,0xd2,0x30,0xd2,0x30,
    0xd2,0x30,0xd2,0x30,0xd2,0x30,0x93,0x41,0x93,0x41,0xd2,0x30,0xd2,0x30,0xd2,0x30,
    0xd2,0x30,0xd2,0x30,0xd2,0x30,0xd2,0x30,0xd2,0x30,0x93,0x41,0x1c,0xe7,0x1c,0xe7,
    0xd2,0x30,0xd2,0x30,0xd2,0x30,0xd2,0x30,0xd2,0x30,0xd2,0x30,0xd2,0x30,0xd2,0x30,
    0xd2,0x30,0xd2,0x30,0xd2,0x30,0xd2,0x30,0xd2,0x30,0xd2,0x30,0xd2,0x30,0xd2,0x30,
    0xd2,0x30,0x37,0x94,0x1c,0xe7,0xfc,0xde,0xd2,0x30,0xd2,0x30,0xd2,0x30,0xd2,0x30,
    0xd2,0x30,0xd2,0x30,0xd2,0x30,0xd2,0x30,0xd2,0x30,0x1c,0xe7,0x1c,0xe7,0xd2,0x30,
    0xd2,0x30,0xd2,0x30,0xd2,0x30,0xd2,0x30,0xd2,0x30,0xd2,0x30,0xd2,0x30,0xd2,0x30,
    0xbb,0xd6,0x1c,0xe7,0xb8,0x9c,0xd2,0x30,0xd2,0x30,0xd2,0x30,0xd2,0x30,0xd2,0x30,
    0xd2,0x30,0xd2,0x30,0xd2,0x30,0xd2,0x30,0xd2,0x30,0xd2,0x30,0xd2,0x30,0xd2,0x30,
    0xd2,0x30,0xd2,0x30,0xd2,0x30,0x1c,0xe7,0x1c,0xe7,0x36,0x73,0xd2,0x30,0xd2,0x30,
    0xd2,0x30,0xd2,0x30,0xd2,0x30,0xd2,0x30,0xd2,0x30,0xd2,0x30,0xd2,0x30,0x1c,0xe7,
    0x1c,0xe7,0xd2,0x30,0xd2,0x30,0xd2,0x30,0xd2,0x30,0xd2,0x30,0xd2,0x30,0xd2,0x30,
    0xd2,0x30,0xd2,0x30,0xb5,0x62,0x1c,0xe7,0x1c,0xe7,0xd2,0x30,0xd2,0x30,0xd2,0x30,
    0xd2,0x30,0xd2,0x30,0xd2,0x30,0xd2,0x30,0xd2,0x30,0xd2,0x30,0xd2,0x30,0xd2,0x30,
    0xd2,0x30,0xd2,0x30,0xd2,0x30,0xd2,0x30,0xd2,0x30,0x1c,0xe7,0x1c,0xe7,0xd2,0x30,
    0xd2,0x30,0xd2,0x30,0xd2,0x30,0xd2,0x30,0xd2,0x30,0xd2,0x30,0xd2,0x30,0xd2,0x30,
    0xd2,0x30,0x1c,0xe7,0x1c,0xe7,0xd2,0x30,0xd2,0x30,0xd2,0x30,0xd2,0x30,0xd2,0x30,
    0xd2,0x30,0xd2,0x30,0xd2,0x30,0xd2,0x30,0xd2,0x30,0x1c,0xe7,0x1c,0xe7,0xd2,0x30,
    0xd2,0x30,0xd2,0x30,0xd2,0x30,0xd2,0x30,0xd2,0x30,0xd2,0x30,0xd2,0x30,0xd2,0x30,
    0xd2,0x30,0xd2,0x30,0xd2,0x30,0xd2,0x30,0xd2,0x30,0xd2,0x30,0xd2,0x30,0x1c,0xe7,
    0x1c,0xe7,0xd2,0x30,0xd2,0x30,0xd2,0x30,0xd2,0x30,0xd2,0x30,0xd2,0x30,0xd2,0x30,
    0xd2,0x30,0xd2,0x30,0xd2,0x30,0x1c,0xe7,0x1c,0xe7,0xd2,0x30,0xd2,0x30,0xd2,0x30,
    0xd2,0x30,0xd2,0x30,0xd2,0x30,0xd2,0x30,0xd2,0x30,0xd2,0x30,0xd2,0x30,0x1c,0xe7,
    0x1c,0xe7,0x53,0x39,0xd2,0x30,0xd2,0x30,0xd2,0x30,0xd2,0x30,0xd2,0x30,0xd2,0x30,
    0xd2,0x30,0xd2,0x30,0xd2,0x30,0xd2,0x30,0xd2,0x30,0xd2,0x30,0xd2,0x30,0xd2,0x30,
    0x32,0x39,0x1c,0xe7,0x1c,0xe7,0x1c,0xe7,0x1c,0xe7,0x1c,0xe7,0xd2,0x30,0xd2,0x30,
    0xd2,0x30,0xd2,0x30,0xd2,0x30,0xd2,0x30,0xd2,0x30,0x1c,0xe7,0x1c,0xe7,0xd2,0x30,
    0xd2,0x30,0xd2,0x30,0xd2,0x30,0xd2,0x30,0xd2,0x30,0xd2,0x30,0x1c,0xe7,0x1c,0xe7,
    0x1c,0xe7,0x1c,0xe7,0x1c,0xe7,0x14,0x52,0xd2,0x30,0xd2,0x30,0xd2,0x30,0xd2,0x30,
    0xd2,0x30,0xd2,0x30,0xd2,0x30,0xd2,0x30,0xd2,0x30,0xd2,0x30,0xd2,0x30,0xd2,0x30,
    0xd2,0x30,0xd2,0x30,0x32,0x39,0x1c,0xe7,0x1c,0xe7,0x1c,0xe7,0x1c,0xe7,0x1c,0xe7,
    0xd2,0x30,0xd2,0x30,0xd2,0x30,0xd2,0x30,0xd2,0x30,0xd2,0x30,0xd2,0x30,0x1c,0xe7,
    0x1c,0xe7,0xf4,0x51,0xd2,0x30,0xd2,0x30,0xd2,0x30,0xd2,0x30,0xd2,0x30,0xd2,0x30,
    0x1c,0xe7,0x1c,0xe7,0x1c,0xe7,0x1c,0xe7,0x1c,0xe7,0x14,0x52,0xd2,0x30,0xd2,0x30,
    0xd2,0x30,0xd2,0x30,0xd2,0x30,0xd2,0x30,0xd2,0x30,0xd2,0x30,0xd2,0x30,0xd2,0x30,
    0xd2,0x30,0xd2,0x30,0xd2,0x30,0xd2,0x30,0xd2,0x30,0x1c,0xe7,0x1c,0xe7,0xd2,0x30,
    0xd2,0x30,0xd2,0x30,0xd2,0x30,0xd2,0x30,0xd2,0x30,0xd2,0x30,0xd2,0x30,0xd2,0x30,
    0xd2,0x30,0xbb,0xd6,0x1c,0xe7,0x1c,0xe7,0xd3,0x49,0xd2,0x30,0xd2,0x30,0xd2,0x30,
    0xd2,0x30,0xd2,0x30,0xd2,0x30,0xd2,0x30,0xd2,0x30,0x1c,0xe7,0x1c,0xe7,0x53,0x39,
    0xd2,0x30,0xd2,0x30,0xd2,0x30,0xd2,0x30,0xd2,0x30,0xd2,0x30,0xd2,0x30,0xd2,0x30,
    0xd2,0x30,0xd2,0x30,0xd2,0x30,0xd2,0x30,0xd2,0x30,0xd2,0x30,0xd2,0x30,0x1c,0xe7,
    0x1c,0xe7,0xd2,0x30,0xd2,0x30,0xd2,0x30,0xd2,0x30,0xd2,0x30,0xd2,0x30,0xd2,0x30,
    0xd2,0x30,0xd2,0x30,0xd2,0x30,0xd2,0x30,0xdb,0xde,0x1c,0xe7,0x1c,0xe7,0x14,0x52,
    0xd2,0x30,0xd2,0x30,0xd2,0x30,0xd2,0x30,0xd2,0x30,0xd2,0x30,0xd2,0x30,0x1c,0xe7,
    0x1c,0xe7,0xd2,0x30,0xd2,0x30,0xd2,0x30,0xd2,0x30,0xd2,0x30,0xd2,0x30,0xd2,0x30,
    0xd2,0x30,0xd2,0x30,0xd2,0x30,0xd2,0x30,0xd2,0x30,0xd2,0x30,0xd2,0x30,0xd2,0x30,
    0xd2,0x30,0x1c,0xe7,0x1c,0xe7,0x15,0x73,0xd2,0x30,0xd2,0x30,0xd2,0x30,0xd2,0x30,
    0xd2,0x30,0xd2,0x30,0xd2,0x30,0xd2,0x30,0xd2,0x30,0xd2,0x30,0xd2,0x30,0xbb,0xd6,
    0x1c,0xe7,0x1c,0xe7,0xf3,0x49,0xd2,0x30,0xd2,0x30,0xd2,0x30,0xd2,0x30,0xd2,0x30,
    0x94,0x62,0x1c,0xe7,0x1c,0xe7,0xd2,0x30,0xd2,0x30,0xd2,0x30,0xd2,0x30,0xd2,0x30,
    0xd2,0x30,0xd2,0x30,0xd2,0x30,0xd2,0x30,0xd2,0x30,0xd2,0x30,0xd2,0x30,0xd2,0x30,
    0xd2,0x30,0xd2,0x30,0xd2,0x30,0x17,0x8c,0x1c,0xe7,0x1c,0xe7,0xd2,0x30,0xd2,0x30,
    0xd2,0x30,0xd2,0x30,0xd2,0x30,0xd2,0x30,0xd2,0x30,0xd2,0x30,0xd2,0x30,0xd2,0x30,
    0xd2,0x30,0xd2,0x30,0xbb,0xd6,0x1c,0xe7,0x1c,0xe7,0xd2,0x30,0xd2,0x30,0xd2,0x30,
    0xd2,0x30,0xd2,0x30,0xdb,0xde,0x1c,0xe7,0xf8,0xa4,0xd2,0x30,0xd2,0x30,0xd2,0x30,
    0xd2,0x30,0xd2,0x30,0xd2,0x30,0xd2,0x30,0xd2,0x30,0xd2,0x30,0xd2,0x30,0xd2,0x30,
    0xd2,0x30,0xd2,0x30,0xd2,0x30,0xd2,0x30,0xd2,0x30,0xd2,0x30,0x1c,0xe7,0x1c,0xe7,
    0xf4,0x49,0xd2,0x30,0xd2,0x30,0xd2,0x30,0xd2,0x30,0xd2,0x30,0xd2,0x30,0xd2,0x30,
    0xd2,0x30,0xd2,0x30,0xd2,0x30,0xd2,0x30,0xd2,0x30,0xdb,0xde,0x32,0x39,0xd2,0x30,
    0xd2,0x30,0xd2,0x30,0xd2,0x30,0x73,0x41,0x1c,0xe7,0x1c,0xe7,0xd2,0x30,0xd2,0x30,
    0xd2,0x30,0xd2,0x30,0xd2,0x30,0xd2,0x30,0xd2,0x30,0xd2,0x30,0x00,0x00,0xd2,0x30,
    0xd2,0x30,0xd2,0x30,0xd2,0x30,0xd2,0x30,0xd2,0x30,0xd2,0x30,0xd2,0x30,0xd2,0x30,
    0x98,0x9c,0x1c,0xe7,0x1c,0xe7,0xd2,0x30,0xd2,0x30,0xd2,0x30,0xd2,0x30,0xd2,0x30,
    0xd2,0x30,0xd2,0x30,0xd2,0x30,0xd2,0x30,0xd2,0x30,0xd2,0x30,0xd2,0x30,0xd2,0x30,
    0xd2,0x30,0xd2,0x30,0xd2,0x30,0xd2,0x30,0xd2,0x30,0x1c,0xe7,0x1c,0xe7,0x1a,0xc6,
    0xd2,0x30,0xd2,0x30,0xd2,0x30,0xd2,0x30,0xd2,0x30,0xd2,0x30,0xd2,0x30,0x00,0x00,
    0x00,0x00,0xd2,0x30,0xd2,0x30,0xd2,0x30,0xd2,0x30,0xd2,0x30,0xd2,0x30,0xd2,0x30,
    0xd2,0x30,0xd2,0x30,0xd2,0x30,0x1c,0xe7,0x1c,0xe7,0x7b,0xd6,0xd2,0x30,0xd2,0x30,
    0xd2,0x30,0xd2,0x30,0xd2,0x30,0xd2,0x30,0xd2,0x30,0xd2,0x30,0xd2,0x30,0xd2,0x30,
    0xd2,0x30,0xd2,0x30,0xd2,0x30,0xd2,0x30,0xd2,0x30,0xd2,0x30,0x5a,0xce,0x1c,0xe7,
    0x1c,0xe7,0xd2,0x30,0xd2,0x30,0xd2,0x30,0xd2,0x30,0xd2,0x30,0xd2,0x30,0xd2,0x30,
    0xd2,0x30,0x00,0x00,0x00,0x00,0xd2,0x30,0xd2,0x30,0xd2,0x30,0xd2,0x30,0xd2,0x30,
    0xd2,0x30,0xd2,0x30,0xd2,0x30,0xd2,0x30,0xd2,0x30,0x52,0x39,0x1c,0xe7,0x1c,0xe7,
    0x7b,0xd6,0xd2,0x30,0xd2,0x30,0xd2,0x30,0xd2,0x30,0xd2,0x30,0xd2,0x30,0x1c,0xe7,
    0x1c,0xe7,0xd2,0x30,0xd2,0x30,0xd2,0x30,0xd2,0x30,0xd2,0x30,0xd2,0x30,0x3a,0xce,
    0x1c,0xe7,0x1c,0xe7,0xd3,0x49,0xd2,0x30,0xd2,0x30,0xd2,0x30,0xd2,0x30,0xd2,0x30,
    0xd2,0x30,0xd2,0x30,0xd2,0x30,0x00,0x00,0x00,0x00,0x00,0x00,0xd2,0x30,0xd2,0x30,
    0xd2,0x30,0xd2,0x30,0xd2,0x30,0xd2,0x30,0xd2,0x30,0xd2,0x30,0xd2,0x30,0xd2,0x30,
    0x54,0x5a,0x1c,0xe7,0x1c,0xe7,0x1c,0xe7,0xd3,0x49,0xd2,0x30,0xd2,0x30,0xd2,0x30,
    0xd2,0x30,0x1c,0xe7,0x1c,0xe7,0xd2,0x30,0xd2,0x30,0xd2,0x30,0xd2,0x30,0x93,0x41,
    0x1c,0xe7,0x1c,0xe7,0x1c,0xe7,0x15,0x6b,0xd2,0x30,0xd2,0x30,0xd2,0x30,0xd2,0x30,
    0xd2,0x30,0xd2,0x30,0xd2,0x30,0xd2,0x30,0x00,0x00,0x00,0x00,0x00,0x00,0x00,0x00,
    0xd2,0x30,0xd2,0x30,0xd2,0x30,0xd2,0x30,0xd2,0x30,0xd2,0x30,0xd2,0x30,0xd2,0x30,
    0xd2,0x30,0xd2,0x30,0xd2,0x30,0x93,0x41,0x1c,0xe7,0x1c,0xe7,0x1c,0xe7,0xfc,0xde,
    0xd5,0x6a,0xd2,0x30,0xd2,0x30,0x1c,0xe7,0x1c,0xe7,0xd2,0x30,0xd2,0x30,0x74,0x5a,
    0xbb,0xd6,0x1c,0xe7,0x1c,0xe7,0x1c,0xe7,0x93,0x41,0xd2,0x30,0xd2,0x30,0xd2,0x30,
    0xd2,0x30,0xd2,0x30,0xd2,0x30,0xd2,0x30,0xd2,0x30,0xd2,0x30,0x00,0x00,0x00,0x00,
    0x00,0x00,0x00,0x00,0x00,0x00,0xd2,0x30,0xd2,0x30,0xd2,0x30,0xd2,0x30,0xd2,0x30,
    0xd2,0x30,0xd2,0x30,0xd2,0x30,0xd2,0x30,0xd2,0x30,0xd2,0x30,0xd2,0x30,0x79,0xb5,
    0x1c,0xe7,0x1c,0xe7,0x1c,0xe7,0x1c,0xe7,0x1c,0xe7,0x1c,0xe7,0x1c,0xe7,0x1c,0xe7,
    0x1c,0xe7,0x1c,0xe7,0x1c,0xe7,0x1c,0xe7,0x39,0xad,0xd2,0x30,0xd2,0x30,0xd2,0x30,
    0xd2,0x30,0xd2,0x30,0xd2,0x30,0xd2,0x30,0xd2,0x30,0xd2,0x30,0xd2,0x30,0x00,0x00,
    0x00,0x00,0x00,0x00,0x00,0x00,0x00,0x00,0x00,0x00,0xd2,0x30,0xd2,0x30,0xd2,0x30,
    0xd2,0x30,0xd2,0x30,0xd2,0x30,0xd2,0x30,0xd2,0x30,0xd2,0x30,0xd2,0x30,0xd2,0x30,
    0xd2,0x30,0xd2,0x30,0xd2,0x30,0xb8,0xa4,0x1c,0xe7,0x1c,0xe7,0x1c,0xe7,0x1c,0xe7,
    0x1c,0xe7,0x1c,0xe7,0x1c,0xe7,0x1c,0xe7,0x19,0xad,0xd2,0x30,0xd2,0x30,0xd2,0x30,
    0xd2,0x30,0xd2,0x30,0xd2,0x30,0xd2,0x30,0xd2,0x30,0xd2,0x30,0xd2,0x30,0xd2,0x30,
    0xd2,0x30,0x00,0x00,0x00,0x00,0x00,0x00,0x00,0x00,0x00,0x00,0x00,0x00,0x00,0x00,
    0xd2,0x30,0xd2,0x30,0xd2,0x30,0xd2,0x30,0xd2,0x30,0xd2,0x30,0xd2,0x30,0xd2,0x30,
    0xd2,0x30,0xd2,0x30,0xd2,0x30,0xd2,0x30,0xd2,0x30,0xd2,0x30,0xd2,0x30,0xd2,0x30,
    0x52,0x39,0x14,0x52,0x14,0x52,0x73,0x41,0xd2,0x30,0xd2,0x30,0xd2,0x30,0xd2,0x30,
    0xd2,0x30,0xd2,0x30,0xd2,0x30,0xd2,0x30,0xd2,0x30,0xd2,0x30,0xd2,0x30,0xd2,0x30,
    0xd2,0x30,0xd2,0x30,0x00,0x00,0x00,0x00,0x00,0x00,0x00,0x00,0x00,0x00,0x00,0x00,
    0x00,0x00,0x00,0x00,0x00,0x00,0xd2,0x30,0xd2,0x30,0xd2,0x30,0xd2,0x30,0xd2,0x30,
    0xd2,0x30,0xd2,0x30,0xd2,0x30,0xd2,0x30,0xd2,0x30,0xd2,0x30,0xd2,0x30,0xd2,0x30,
    0xd2,0x30,0xd2,0x30,0xd2,0x30,0xd2,0x30,0xd2,0x30,0xd2,0x30,0xd2,0x30,0xd2,0x30,
    0xd2,0x30,0xd2,0x30,0xd2,0x30,0xd2,0x30,0xd2,0x30,0xd2,0x30,0xd2,0x30,0xd2,0x30,
    0xd2,0x30,0xd2,0x30,0xd2,0x30,0x00,0x00,0x00,0x00,0x00,0x00,0x00,0x00,0x00,0x00,
    0x00,0x00,0x00,0x00,0x00,0x00,0x00,0x00,0x00,0x00,0x00,0x00,0xd2,0x30,0xd2,0x30,
    0xd2,0x30,0xd2,0x30,0xd2,0x30,0xd2,0x30,0xd2,0x30,0xd2,0x30,0xd2,0x30,0xd2,0x30,
    0xd2,0x30,0xd2,0x30,0xd2,0x30,0xd2,0x30,0xd2,0x30,0xd2,0x30,0xd2,0x30,0xd2,0x30,
    0xd2,0x30,0xd2,0x30,0xd2,0x30,0xd2,0x30,0xd2,0x30,0xd2,0x30,0xd2,0x30,0xd2,0x30,
    0xd2,0x30,0xd2,0x30,0xd2,0x30,0xd2,0x30,0x00,0x00,0x00,0x00,0x00,0x00,0x00,0x00,
    0x00,0x00,0x00,0x00,0x00,0x00,0x00,0x00,0x00,0x00,0x00,0x00,0x00,0x00,0x00,0x00,
    0x00,0x00,0xd2,0x30,0xd2,0x30,0xd2,0x30,0xd2,0x30,0xd2,0x30,0xd2,0x30,0xd2,0x30,
    0xd2,0x30,0xd2,0x30,0xd2,0x30,0xd2,0x30,0xd2,0x30,0xd2,0x30,0xd2,0x30,0xd2,0x30,
    0xd2,0x30,0xd2,0x30,0xd2,0x30,0xd2,0x30,0xd2,0x30,0xd2,0x30,0xd2,0x30,0xd2,0x30,
    0xd2,0x30,0xd2,0x30,0xd2,0x30,0xd2,0x30,0xd2,0x30,0x00,0x00,0x00,0x00,0x00,0x00,
    0x00,0x00,0x00,0x00,0x00,0x00,0x00,0x00,0x00,0x00,0x00,0x00,0x00,0x00,0x00,0x00,
    0x00,0x00,0x00,0x00,0x00,0x00,0x00,0x00,0xd2,0x30,0xd2,0x30,0xd2,0x30,0xd2,0x30,
    0xd2,0x30,0xd2,0x30,0xd2,0x30,0xd2,0x30,0xd2,0x30,0xd2,0x30,0xd2,0x30,0xd2,0x30,
    0xd2,0x30,0xd2,0x30,0xd2,0x30,0xd2,0x30,0xd2,0x30,0xd2,0x30,0xd2,0x30,0xd2,0x30,
    0xd2,0x30,0xd2,0x30,0xd2,0x30,0xd2,0x30,0xd2,0x30,0xd2,0x30,0x00,0x00,0x00,0x00,
    0x00,0x00,0x00,0x00,0x00,0x00,0x00,0x00,0x00,0x00,0x00,0x00,0x00,0x00,0x00,0x00,
    0x00,0x00,0x00,0x00,0x00,0x00,0x00,0x00,0x00,0x00,0x00,0x00,0x00,0x00,0x00,0x00,
    0xd2,0x30,0xd2,0x30,0xd2,0x30,0xd2,0x30,0xd2,0x30,0xd2,0x30,0xd2,0x30,0xd2,0x30,
    0xd2,0x30,0xd2,0x30,0xd2,0x30,0xd2,0x30,0xd2,0x30,0xd2,0x30,0xd2,0x30,0xd2,0x30,
    0xd2,0x30,0xd2,0x30,0xd2,0x30,0xd2,0x30,0xd2,0x30,0xd2,0x30,0x00,0x00,0x00,0x00,
    0x00,0x00,0x00,0x00,0x00,0x00,0x00,0x00,0x00,0x00,0x00,0x00,0x00,0x00,0x00,0x00,
    0x00,0x00,0x00,0x00,0x00,0x00,0x00,0x00,0x00,0x00,0x00,0x00,0x00,0x00,0x00,0x00,
    0x00,0x00,0x00,0x00,0x00,0x00,0x00,0x00,0xd2,0x30,0xd2,0x30,0xd2,0x30,0xd2,0x30,
    0xd2,0x30,0xd2,0x30,0xd2,0x30,0xd2,0x30,0xd2,0x30,0xd2,0x30,0xd2,0x30,0xd2,0x30,
    0xd2,0x30,0xd2,0x30,0xd2,0x30,0xd2,0x30,0xd2,0x30,0xd2,0x30,0x00,0x00,0x00,0x00,
    0x00,0x00,0x00,0x00,0x00,0x00,0x00,0x00,0x00,0x00,0x00,0x00,0x00,0x00,0x00,0x00,
    0x00,0x00,0x00,0x00,0x00,0x00,0x00,0x00,0x00,0x00,0x00,0x00,0x00,0x00,0x00,0x00,
    0x00,0x00,0x00,0x00,0x00,0x00,0x00,0x00,0x00,0x00,0x00,0x00,0x00,0x00,0x00,0x00,
    0x00,0x00,0xd2,0x30,0xd2,0x30,0xd2,0x30,0xd2,0x30,0xd2,0x30,0xd2,0x30,0xd2,0x30,
    0xd2,0x30,0xd2,0x30,0xd2,0x30,0xd2,0x30,0xd2,0x30,0x00,0x00,0x00,0x00,0x00,0x00,
    0x00,0x00,0x00,0x00,0x00,0x00,0x00,0x00,0x00,0x00,0x00,0x00,0x00,0x00,0x00,0x00,
    0x00,0x00,0x00,0x00,0x00,0x00,0x00,0x00,0x00,0x00,0x00,0x00,0x00,0x00,0x00,0x00,
    0x00,0x00,0x00,0x00,0x00,0x00,0x00,0x3c,0x80,0xbf,0xcf,0xff,0xff,0xff,0xff,0xcf,
    0xbf,0x80,0x3c,0x00,0x00,0x00,0x00,0x00,0x00,0x00,0x00,0x00,0x00,0x00,0x00,0x00,
    0x00,0x00,0x00,0x00,0x00,0x00,0x00,0x00,0x00,0x00,0x00,0x00,0x00,0x00,0x2d,0x9f,
    0xef,0xff,0xff,0xff,0xff,0xff,0xff,0xff,0xff,0xff,0xff,0xff,0xff,0xef,0x9f,0x2d,
    0x00,0x00,0x00,0x00,0x00,0x00,0x00,0x00,0x00,0x00,0x00,0x00,0x00,0x00,0x00,0x00,
    0x00,0x00,0x00,0x00,0x00,0x00,0x2d,0xbf,0xff,0xff,0xff,0xff,0xff,0xff,0xff,0xff,
    0xff,0xff,0xff,0xff,0xff,0xff,0xff,0xff,0xff,0xff,0xbf,0x2d,0x00,0x00,0x00,0x00,
    0x00,0x00,0x00,0x00,0x00,0x00,0x00,0x00,0x00,0x00,0x00,0x00,0x00,0x00,0x0f,0x8f,
    0xff,0xff,0xff,0xff,0xff,0xff,0xff,0xff,0xff,0xff,0xff,0xff,0xff,0xff,0xff,0xff,
    0xff,0xff,0xff,0xff,0xff,0xff,0x8f,0x0f,0x00,0x00,0x00,0x00,0x00,0x00,0x00,0x00,
    0x00,0x00,0x00,0x00,0x00,0x00,0x00,0x2d,0xcf,0xff,0xff,0xff,0xff,0xff,0xff,0xff,
    0xff,0xff,0xff,0xff,0xff,0xff,0xff,0xff,0xff,0xff,0xff,0xff,0xff,0xff,0xff,0xff,
    0xff,0xcf,0x2d,0x00,0x00,0x00,0x00,0x00,0x00,0x00,0x00,0x00,0x00,0x00,0x00,0x00,
    0x2d,0xef,0xff,0xff,0xff,0xff,0xff,0xff,0xff,0xff,0xff,0xff,0xff,0xff,0xff,0xff,
    0xff,0xff,0xff,0xff,0xff,0xff,0xff,0xff,0xff,0xff,0xff,0xff,0xef,0x2d,0x00,0x00,
    0x00,0x00,0x00,0x00,0x00,0x00,0x00,0x00,0x00,0x2d,0xef,0xff,0xff,0xff,0xff,0xff,
    0xff,0xff,0xff,0xff,0xff,0xff,0xff,0xff,0xff,0xff,0xff,0xff,0xff,0xff,0xff,0xff,
    0xff,0xff,0xff,0xff,0xff,0xff,0xff,0xef,0x2d,0x00,0x00,0x00,0x00,0x00,0x00,0x00,
    0x00,0x00,0x2d,0xef,0xff,0xff,0xff,0xff,0xff,0xff,0xff,0xff,0xff,0xff,0xff,0xff,
    0xff,0xff,0xff,0xff,0xff,0xff,0xff,0xff,0xff,0xff,0xff,0xff,0xff,0xff,0xff,0xff,
    0xff,0xff,0xef,0x2d,0x00,0x00,0x00,0x00,0x00,0x00,0x00,0x0f,0xcf,0xff,0xff,0xff,
    0xff,0xff,0xff,0xff,0xff,0xff,0xff,0xff,0xff,0xff,0xff,0xff,0xff,0xff,0xff,0xff,
    0xff,0xff,0xff,0xff,0xff,0xff,0xff,0xff,0xff,0xff,0xff,0xff,0xff,0xcf,0x0f,0x00,
    0x00,0x00,0x00,0x00,0x00,0x8f,0xff,0xff,0xff,0xff,0xff,0xff,0xff,0xff,0xff,0xff,
    0xff,0xff,0xff,0xff,0xff,0xff,0xff,0xff,0xff,0xff,0xff,0xff,0xff,0xff,0xff,0xff,
    0xff,0xff,0xff,0xff,0xff,0xff,0xff,0xff,0x8f,0x00,0x00,0x00,0x00,0x00,0x2d,0xff,
    0xff,0xff,0xff,0xff,0xff,0xff,0xff,0xff,0xff,0xff,0xff,0xff,0xff,0xff,0xff,0xff,
    0xff,0xff,0xff,0xff,0xff,0xff,0xff,0xff,0xff,0xff,0xff,0xff,0xff,0xff,0xff,0xff,
    0xff,0xff,0xff,0x2d,0x00,0x00,0x00,0x00,0xbf,0xff,0xff,0xff,0xff,0xff,0xff,0xff,
    0xff,0xff,0xff,0xff,0xff,0xff,0xff,0xff,0xff,0xff,0xff,0xff,0xff,0xff,0xff,0xff,
    0xff,0xff,0xff,0xff,0xff,0xff,0xff,0xff,0xff,0xff,0xff,0xff,0xff,0xbf,0x00,0x00,
    0x00,0x2d,0xff,0xff,0xff,0xff,0xff,0xff,0xff,0xff,0xff,0xff,0xff,0xff,0xff,0xff,
    0xff,0xff,0xff,0xff,0xff,0xff,0xff,0xff,0xff,0xff,0xff,0xff,0xff,0xff,0xff,0xff,
    0xff,0xff,0xff,0xff,0xff,0xff,0xff,0xff,0x2d,0x00,0x00,0x9f,0xff,0xff,0xff,0xff,
    0xff,0xff,0xff,0xff,0xff,0xff,0xff,0xff,0xff,0xff,0xff,0xff,0xff,0xff,0xff,0xff,
    0xff,0xff,0xff,0xff,0xff,0xff,0xff,0xff,0xff,0xff,0xff,0xff,0xff,0xff,0xff,0xff,
    0xff,0xff,0x9f,0x00,0x00,0xef,0xff,0xff,0xff,0xff,0xff,0xff,0xff,0xff,0xff,0xff,
    0xff,0xff,0xff,0xff,0xff,0xff,0xff,0xff,0xff,0xff,0xff,0xff,0xff,0xff,0xff,0xff,
    0xff,0xff,0xff,0xff,0xff,0xff,0xff,0xff,0xff,0xff,0xff,0xff,0xef,0x00,0x3c,0xff,
    0xff,0xff,0xff,0xff,0xff,0xff,0xff,0xff,0xff,0xff,0xff,0xff,0xff,0xff,0xff,0xff,
    0xff,0xff,0xff,0xff,0xff,0xff,0xff,0xff,0xff,0xff,0xff,0xff,0xff,0xff,0xff,0xff,
    0xff,0xff,0xff,0xff,0xff,0xff,0xff,0x3c,0x80,0xff,0xff,0xff,0xff,0xff,0xff,0xff,
    0xff,0xff,0xff,0xff,0xff,0xff,0xff,0xff,0xff,0xff,0xff,0xff,0xff,0xff,0xff,0xff,
    0xff,0xff,0xff,0xff,0xff,0xff,0xff,0xff,0xff,0xff,0xff,0xff,0xff,0xff,0xff,0xff,
    0xff,0x80,0xbf,0xff,0xff,0xff,0xff,0xff,0xff,0xff,0xff,0xff,0xff,0xff,0xff,0xff,
    0xff,0xff,0xff,0xff,0xff,0xff,0xff,0xff,0xff,0xff,0xff,0xff,0xff,0xff,0xff,0xff,
    0xff,0xff,0xff,0xff,0xff,0xff,0xff,0xff,0xff,0xff,0xff,0xbf,0xcf,0xff,0xff,0xff,
    0xff,0xff,0xff,0xff,0xff,0xff,0xff,0xff,0xff,0xff,0xff,0xff,0xff,0xff,0xff,0xff,
    0xff,0xff,0xff,0xff,0xff,0xff,0xff,0xff,0xff,0xff,0xff,0xff,0xff,0xff,0xff,0xff,
    0xff,0xff,0xff,0xff,0xff,0xcf,0xff,0xff,0xff,0xff,0xff,0xff,0xff,0xff,0xff,0xff,
    0xff,0xff,0xff,0xff,0xff,0xff,0xff,0xff,0xff,0xff,0xff,0xff,0xff,0xff,0xff,0xff,
    0xff,0xff,0xff,0xff,0xff,0xff,0xff,0xff,0xff,0xff,0xff,0xff,0xff,0xff,0xff,0xff,
    0xff,0xff,0xff,0xff,0xff,0xff,0xff,0xff,0xff,0xff,0xff,0xff,0xff,0xff,0xff,0xff,
    0xff,0xff,0xff,0xff,0xff,0xff,0xff,0xff,0xff,0xff,0xff,0xff,0xff,0xff,0xff,0xff,
    0xff,0xff,0xff,0xff,0xff,0xff,0xff,0xff,0xff,0xff,0xff,0xff,0xff,0xff,0xff,0xff,
    0xff,0xff,0xff,0xff,0xff,0xff,0xff,0xff,0xff,0xff,0xff,0xff,0xff,0xff,0xff,0xff,
    0xff,0xff,0xff,0xff,0xff,0xff,0xff,0xff,0xff,0xff,0xff,0xff,0xff,0xff,0xff,0xff,
    0xff,0xff,0xff,0xff,0xff,0xff,0xff,0xff,0xff,0xff,0xff,0xff,0xff,0xff,0xff,0xff,
    0xff,0xff,0xff,0xff,0xff,0xff,0xff,0xff,0xff,0xff,0xff,0xff,0xff,0xff,0xff,0xff,
    0xff,0xff,0xff,0xff,0xff,0xff,0xff,0xff,0xff,0xff,0xff,0xff,0xff,0xff,0xcf,0xff,
    0xff,0xff,0xff,0xff,0xff,0xff,0xff,0xff,0xff,0xff,0xff,0xff,0xff,0xff,0xff,0xff,
    0xff,0xff,0xff,0xff,0xff,0xff,0xff,0xff,0xff,0xff,0xff,0xff,0xff,0xff,0xff,0xff,
    0xff,0xff,0xff,0xff,0xff,0xff,0xff,0xcf,0xbf,0xff,0xff,0xff,0xff,0xff,0xff,0xff,
    0xff,0xff,0xff,0xff,0xff,0xff,0xff,0xff,0xff,0xff,0xff,0xff,0xff,0xff,0xff,0xff,
    0xff,0xff,0xff,0xff,0xff,0xff,0xff,0xff,0xff,0xff,0xff,0xff,0xff,0xff,0xff,0xff,
    0xff,0xbf,0x80,0xff,0xff,0xff,0xff,0xff,0xff,0xff,0xff,0xff,0xff,0xff,0xff,0xff,
    0xff,0xff,0xff,0xff,0xff,0xff,0xff,0xff,0xff,0xff,0xff,0xff,0xff,0xff,0xff,0xff,
    0xff,0xff,0xff,0xff,0xff,0xff,0xff,0xff,0xff,0xff,0xff,0x80,0x3c,0xff,0xff,0xff,
    0xff,0xff,0xff,0xff,0xff,0xff,0xff,0xff,0xff,0xff,0xff,0xff,0xff,0xff,0xff,0xff,
    0xff,0xff,0xff,0xff,0xff,0xff,0xff,0xff,0xff,0xff,0xff,0xff,0xff,0xff,0xff,0xff,
    0xff,0xff,0xff,0xff,0xff,0x3c,0x00,0xef,0xff,0xff,0xff,0xff,0xff,0xff,0xff,0xff,
    0xff,0xff,0xff,0xff,0xff,0xff,0xff,0xff,0xff,0xff,0xff,0xff,0xff,0xff,0xff,0xff,
    0xff,0xff,0xff,0xff,0xff,0xff,0xff,0xff,0xff,0xff,0xff,0xff,0xff,0xff,0xef,0x00,
    0x00,0x9f,0xff,0xff,0xff,0xff,0xff,0xff,0xff,0xff,0xff,0xff,0xff,0xff,0xff,0xff,
    0xff,0xff,0xff,0xff,0xff,0xff,0xff,0xff,0xff,0xff,0xff,0xff,0xff,0xff,0xff,0xff,
    0xff,0xff,0xff,0xff,0xff,0xff,0xff,0xff,0x9f,0x00,0x00,0x2d,0xff,0xff,0xff,0xff,
    0xff,0xff,0xff,0xff,0xff,0xff,0xff,0xff,0xff,0xff,0xff,0xff,0xff,0xff,0xff,0xff,
    0xff,0xff,0xff,0xff,0xff,0xff,0xff,0xff,0xff,0xff,0xff,0xff,0xff,0xff,0xff,0xff,
    0xff,0xff,0x2d,0x00,0x00,0x00,0xbf,0xff,0xff,0xff,0xff,0xff,0xff,0xff,0xff,0xff,
    0xff,0xff,0xff,0xff,0xff,0xff,0xff,0xff,0xff,0xff,0xff,0xff,0xff,0xff,0xff,0xff,
    0xff,0xff,0xff,0xff,0xff,0xff,0xff,0xff,0xff,0xff,0xff,0xbf,0x00,0x00,0x00,0x00,
    0x2d,0xff,0xff,0xff,0xff,0xff,0xff,0xff,0xff,0xff,0xff,0xff,0xff,0xff,0xff,0xff,
    0xff,0xff,0xff,0xff,0xff,0xff,0xff,0xff,0xff,0xff,0xff,0xff,0xff,0xff,0xff,0xff,
    0xff,0xff,0xff,0xff,0xff,0x2d,0x00,0x00,0x00,0x00,0x00,0x8f,0xff,0xff,0xff,0xff,
    0xff,0xff,0xff,0xff,0xff,0xff,0xff,0xff,0xff,0xff,0xff,0xff,0xff,0xff,0xff,0xff,
    0xff,0xff,0xff,0xff,0xff,0xff,0xff,0xff,0xff,0xff,0xff,0xff,0xff,0xff,0x8f,0x00,
    0x00,0x00,0x00,0x00,0x00,0x0f,0xcf,0xff,0xff,0xff,0xff,0xff,0xff,0xff,0xff,0xff,
    0xff,0xff,0xff,0xff,0xff,0xff,0xff,0xff,0xff,0xff,0xff,0xff,0xff,0xff,0xff,0xff,
    0xff,0xff,0xff,0xff,0xff,0xff,0xff,0xcf,0x0f,0x00,0x00,0x00,0x00,0x00,0x00,0x00,
    0x2d,0xef,0xff,0xff,0xff,0xff,0xff,0xff,0xff,0xff,0xff,0xff,0xff,0xff,0xff,0xff,
    0xff,0xff,0xff,0xff,0xff,0xff,0xff,0xff,0xff,0xff,0xff,0xff,0xff,0xff,0xff,0xff,
    0xef,0x2d,0x00,0x00,0x00,0x00,0x00,0x00,0x00,0x00,0x00,0x2d,0xef,0xff,0xff,0xff,
    0xff,0xff,0xff,0xff,0xff,0xff,0xff,0xff,0xff,0xff,0xff,0xff,0xff,0xff,0xff,0xff,
    0xff,0xff,0xff,0xff,0xff,0xff,0xff,0xff,0xff,0xef,0x2d,0x00,0x00,0x00,0x00,0x00,
    0x00,0x00,0x00,0x00,0x00,0x00,0x2d,0xef,0xff,0xff,0xff,0xff,0xff,0xff,0xff,0xff,
    0xff,0xff,0xff,0xff,0xff,0xff,0xff,0xff,0xff,0xff,0xff,0xff,0xff,0xff,0xff,0xff,
    0xff,0xff,0xef,0x2d,0x00,0x00,0x00,0x00,0x00,0x00,0x00,0x00,0x00,0x00,0x00,0x00,
    0x00,0x2d,0xcf,0xff,0xff,0xff,0xff,0xff,0xff,0xff,0xff,0xff,0xff,0xff,0xff,0xff,
    0xff,0xff,0xff,0xff,0xff,0xff,0xff,0xff,0xff,0xff,0xff,0xcf,0x2d,0x00,0x00,0x00,
    0x00,0x00,0x00,0x00,0x00,0x00,0x00,0x00,0x00,0x00,0x00,0x00,0x0f,0x8f,0xff,0xff,
    0xff,0xff,0xff,0xff,0xff,0xff,0xff,0xff,0xff,0xff,0xff,0xff,0xff,0xff,0xff,0xff,
    0xff,0xff,0xff,0xff,0x8f,0x0f,0x00,0x00,0x00,0x00,0x00,0x00,0x00,0x00,0x00,0x00,
    0x00,0x00,0x00,0x00,0x00,0x00,0x00,0x00,0x2d,0xbf,0xff,0xff,0xff,0xff,0xff,0xff,
    0xff,0xff,0xff,0xff,0xff,0xff,0xff,0xff,0xff,0xff,0xff,0xff,0xbf,0x2d,0x00,0x00,
    0x00,0x00,0x00,0x00,0x00,0x00,0x00,0x00,0x00,0x00,0x00,0x00,0x00,0x00,0x00,0x00,
    0x00,0x00,0x00,0x00,0x2d,0x9f,0xef,0xff,0xff,0xff,0xff,0xff,0xff,0xff,0xff,0xff,
    0xff,0xff,0xff,0xef,0x9f,0x2d,0x00,0x00,0x00,0x00,0x00,0x00,0x00,0x00,0x00,0x00,
    0x00,0x00,0x00,0x00,0x00,0x00,0x00,0x00,0x00,0x00,0x00,0x00,0x00,0x00,0x00,0x00,
    0x00,0x3c,0x80,0xbf,0xcf,0xff,0xff,0xff,0xff,0xcf,0xbf,0x80,0x3c,0x00,0x00,0x00,
    0x00,0x00,0x00,0x00,0x00,0x00,0x00,0x00,0x00,0x00,0x00,0x00,
};

const lv_image_dsc_t icon_clock = {
    .header = {
        .magic = LV_IMAGE_HEADER_MAGIC,
        .cf = LV_COLOR_FORMAT_RGB565A8,
        .flags = 0,
        .w = 42,
        .h = 42,
        .stride = 84,
        .reserved_2 = 0,
    },
    .data_size = sizeof(icon_clock_map),
    .data = icon_clock_map,
    .reserved = NULL,
    .reserved_2 = NULL,
};

// Converted from ColorScheme.png (42x42, RGB565A8: RGB565 plane + A8 alpha plane)
static const uint8_t icon_colorscheme_map[] = {
    0x00,0x00,0x00,0x00,0x00,0x00,0x00,0x00,0x00,0x00,0x00,0x00,0x00,0x00,0x00,0x00,
    0x00,0x00,0x00,0x00,0x00,0x00,0x00,0x00,0x00,0x00,0x00,0x00,0x00,0x00,0xb1,0x48,
    0xb1,0x48,0xb1,0x48,0xb1,0x48,0xb1,0x48,0xb1,0x48,0xb1,0x48,0xb1,0x48,0xb1,0x48,
    0xb1,0x48,0xb1,0x48,0xb1,0x48,0x00,0x00,0x00,0x00,0x00,0x00,0x00,0x00,0x00,0x00,
    0x00,0x00,0x00,0x00,0x00,0x00,0x00,0x00,0x00,0x00,0x00,0x00,0x00,0x00,0x00,0x00,
    0x00,0x00,0x00,0x00,0x00,0x00,0x00,0x00,0x00,0x00,0x00,0x00,0x00,0x00,0x00,0x00,
    0x00,0x00,0x00,0x00,0x00,0x00,0x00,0x00,0x00,0x00,0x00,0x00,0xb1,0x48,0xb1,0x48,
    0xb1,0x48,0xb1,0x48,0xb1,0x48,0xb1,0x48,0xb1,0x48,0xb1,0x48,0xb1,0x48,0xb1,0x48,
    0xb1,0x48,0xb1,0x48,0xb1,0x48,0xb1,0x48,0xb1,0x48,0xb1,0x48,0xb1,0x48,0xb1,0x48,
    0x00,0x00,0x00,0x00,0x00,0x00,0x00,0x00,0x00,0x00,0x00,0x00,0x00,0x00,0x00,0x00,
    0x00,0x00,0x00,0x00,0x00,0x00,0x00,0x00,0x00,0x00,0x00,0x00,0x00,0x00,0x00,0x00,
    0x00,0x00,0x00,0x00,0x00,0x00,0x00,0x00,0x00,0x00,0x00,0x00,0xb1,0x48,0xb1,0x48,
    0xb1,0x48,0xb1,0x48,0xb1,0x48,0xb1,0x48,0xb1,0x48,0xb1,0x48,0xb1,0x48,0xb1,0x48,
    0xb1,0x48,0xb1,0x48,0xb1,0x48,0xb1,0x48,0xb1,0x48,0xb1,0x48,0xb1,0x48,0xb1,0x48,
    0xb1,0x48,0xb1,0x48,0xb1,0x48,0xb1,0x48,0x00,0x00,0x00,0x00,0x00,0x00,0x00,0x00,
    0x00,0x00,0x00,0x00,0x00,0x00,0x00,0x00,0x00,0x00,0x00,0x00,0x00,0x00,0x00,0x00,
    0x00,0x00,0x00,0x00,0x00,0x00,0x00,0x00,0x00,0x00,0x00,0x00,0xb1,0x48,0xb1,0x48,
    0xb1,0x48,0xb1,0x48,0xb1,0x48,0xb1,0x48,0xb1,0x48,0xb1,0x48,0xb1,0x48,0xb1,0x48,
    0xb1,0x48,0xb1,0x48,0xb1,0x48,0xb1,0x48,0xb1,0x48,0xb1,0x48,0xb1,0x48,0xb1,0x48,
    0xb1,0x48,0xb1,0x48,0xb1,0x48,0xb1,0x48,0xb1,0x48,0xb1,0x48,0xb1,0x48,0xb1,0x48,
    0x00,0x00,0x00,0x00,0x00,0x00,0x00,0x00,0x00,0x00,0x00,0x00,0x00,0x00,0x00,0x00,
    0x00,0x00,0x00,0x00,0x00,0x00,0x00,0x00,0x00,0x00,0x00,0x00,0x00,0x00,0xb1,0x48,
    0xb1,0x48,0xb1,0x48,0xb1,0x48,0xb1,0x48,0xb1,0x48,0xb1,0x48,0xb1,0x48,0xb1,0x48,
    0xb1,0x48,0xb1,0x48,0xb1,0x48,0xb1,0x48,0xb1,0x48,0xb1,0x48,0xb1,0x48,0xb1,0x48,
    0xb1,0x48,0xb1,0x48,0xb1,0x48,0xb1,0x48,0xb1,0x48,0xb1,0x48,0xb1,0x48,0xb1,0x48,
    0xb1,0x48,0xb1,0x48,0xb1,0x48,0x00,0x00,0x00,0x00,0x00,0x00,0x00,0x00,0x00,0x00,
    0x00,0x00,0x00,0x00,0x00,0x00,0x00,0x00,0x00,0x00,0x00,0x00,0x00,0x00,0x00,0x00,
    0xb1,0x48,0xb1,0x48,0xb1,0x48,0xb1,0x48,0xb1,0x48,0xb1,0x48,0xb1,0x48,0xb1,0x48,
    0xb1,0x48,0xb1,0x48,0xb1,0x48,0xb1,0x48,0xb1,0x48,0xb1,0x48,0xb1,0x48,0xb1,0x48,
    0xb1,0x48,0xb1,0x48,0xb1,0x48,0xb1,0x48,0xb1,0x48,0xb1,0x48,0xb1,0x48,0xb1,0x48,
    0xb1,0x48,0xb1,0x48,0xb1,0x48,0xb1,0x48,0xb1,0x48,0xb1,0x48,0x00,0x00,0x00,0x00,
    0x00,0x00,0x00,0x00,0x00,0x00,0x00,0x00,0x00,0x00,0x00,0x00,0x00,0x00,0x00,0x00,
    0x00,0x00,0xb1,0x48,0xb1,0x48,0xb1,0x48,0xb1,0x48,0xb1,0x48,0xb1,0x48,0xb1,0x48,
    0xb1,0x48,0xb1,0x48,0xb1,0x48,0xb1,0x48,0xb1,0x48,0xb1,0x48,0xb1,0x48,0xb1,0x48,
    0xb1,0x48,0xb1,0x48,0xb1,0x48,0xb1,0x48,0xb1,0x48,0xb1,0x48,0xb1,0x48,0xb1,0x48,
    0xb1,0x48,0xb1,0x48,0xb1,0x48,0xb1,0x48,0xb1,0x48,0xb1,0x48,0xb1,0x48,0xb1,0x48,
    0xb1,0x48,0x00,0x00,0x00,0x00,0x00,0x00,0x00,0x00,0x00,0x00,0x00,0x00,0x00,0x00,
    0x00,0x00,0x00,0x00,0xb1,0x48,0xb1,0x48,0xb1,0x48,0xb1,0x48,0xb1,0x48,0xb1,0x48,
    0xb1,0x48,0xb1,0x48,0xb1,0x48,0xb1,0x48,0xb1,0x48,0x55,0x8b,0x1c,0xe7,0x32,0x51,
    0xb1,0x48,0xb1,0x48,0xb1,0x48,0xb1,0x48,0xb1,0x48,0xb1,0x48,0xb1,0x48,0xb1,0x48,
    0xb1,0x48,0xb1,0x48,0xb1,0x48,0xb1,0x48,0xb1,0x48,0xb1,0x48,0xb1,0x48,0xb1,0x48,
    0xb1,0x48,0xb1,0x48,0xb1,0x48,0xb1,0x48,0x00,0x00,0x00,0x00,0x00,0x00,0x00,0x00,
    0x00,0x00,0x00,0x00,0x00,0x00,0xb1,0x48,0xb1,0x48,0xb1,0x48,0xb1,0x48,0xb1,0x48,
    0xb1,0x48,0xb1,0x48,0xb1,0x48,0xb1,0x48,0xb1,0x48,0xb1,0x48,0xb1,0x48,0x1c,0xe7,
    0x1c,0xe7,0x1c,0xe7,0x32,0x51,0xb1,0x48,0xb1,0x48,0xb1,0x48,0xb1,0x48,0xb1,0x48,
    0xb1,0x48,0xb1,0x48,0xb1,0x48,0xb1,0x48,0xb1,0x48,0xb1,0x48,0xb1,0x48,0xb1,0x48,
    0xb1,0x48,0xb1,0x48,0xb1,0x48,0xb1,0x48,0xb1,0x48,0xb1,0x48,0xb1,0x48,0x00,0x00,
    0x00,0x00,0x00,0x00,0x00,0x00,0x00,0x00,0x00,0x00,0xb1,0x48,0xb1,0x48,0xb1,0x48,
    0xb1,0x48,0xb1,0x48,0xb1,0x48,0xb1,0x48,0xb1,0x48,0xb1,0x48,0xb1,0x48,0xb1,0x48,
    0xb1,0x48,0x12,0x51,0x1c,0xe7,0x1c,0xe7,0x1c,0xe7,0x32,0x51,0xb1,0x48,0xb1,0x48,
    0xb1,0x48,0xb1,0x48,0xb1,0x48,0xb1,0x48,0xb1,0x48,0xb1,0x48,0xb1,0x48,0xb1,0x48,
    0xb1,0x48,0xb1,0x48,0xb1,0x48,0xb1,0x48,0xb1,0x48,0xb1,0x48,0xb1,0x48,0xb1,0x48,
    0xb1,0x48,0x00,0x00,0x00,0x00,0x00,0x00,0x00,0x00,0x00,0x00,0xb1,0x48,0xb1,0x48,
    0xb1,0x48,0xb1,0x48,0xb1,0x48,0xb1,0x48,0xb1,0x48,0xb1,0x48,0xb1,0x48,0xb1,0x48,
    0xb1,0x48,0xb1,0x48,0xb1,0x48,0xb1,0x48,0x12,0x51,0x1c,0xe7,0x1c,0xe7,0x1c,0xe7,
    0x32,0x51,0xb1,0x48,0xb1,0x48,0xb1,0x48,0xb1,0x48,0xb1,0x48,0xb1,0x48,0xb1,0x48,
    0xb1,0x48,0xb1,0x48,0xb1,0x48,0xb1,0x48,0xb1,0x48,0xb1,0x48,0xb1,0x48,0xb1,0x48,
    0xb1,0x48,0xb1,0x48,0xb1,0x48,0xb1,0x48,0x00,0x00,0x00,0x00,0x00,0x00,0x00,0x00,
    0xb1,0x48,0xb1,0x48,0xb1,0x48,0xb1,0x48,0xb1,0x48,0xb1,0x48,0xb1,0x48,0xb1,0x48,
    0xb1,0x48,0xb1,0x48,0xb1,0x48,0xb1,0x48,0xb1,0x48,0xb1,0x48,0xb1,0x48,0x12,0x51,
    0x1c,0xe7,0x1c,0xe7,0x1c,0xe7,0x32,0x51,0xb1,0x48,0xb1,0x48,0xb1,0x48,0xb1,0x48,
    0xb1,0x48,0xb1,0x48,0xb1,0x48,0xb1,0x48,0xb1,0x48,0xb1,0x48,0xb1,0x48,0xb1,0x48,
    0xb1,0x48,0xb1,0x48,0xb1,0x48,0xb1,0x48,0xb1,0x48,0xb1,0x48,0x00,0x00,0x00,0x00,
    0x00,0x00,0xb1,0x48,0xb1,0x48,0xb1,0x48,0xb1,0x48,0xb1,0x48,0xb1,0x48,0xb1,0x48,
    0xb1,0x48,0xb1,0x48,0xb1,0x48,0xb1,0x48,0xb1,0x48,0xb1,0x48,0xb1,0x48,0xb1,0x48,
    0xb1,0x48,0xb1,0x48,0x1c,0xe7,0x1c,0xe7,0x1c,0xe7,0x1c,0xe7,0x32,0x51,0xb1,0x48,
    0xb1,0x48,0xb1,0x48,0xb1,0x48,0xb1,0x48,0xb1,0x48,0xb1,0x48,0xb1,0x48,0xb1,0x48,
    0xb1,0x48,0xb1,0x48,0xb1,0x48,0xb1,0x48,0xb1,0x48,0xb1,0x48,0xb1,0x48,0xb1,0x48,
    0xb1,0x48,0x00,0x00,0x00,0x00,0xb1,0x48,0xb1,0x48,0xb1,0x48,0xb1,0x48,0xb1,0x48,
    0xb1,0x48,0xb1,0x48,0xb1,0x48,0xb1,0x48,0xb1,0x48,0xb1,0x48,0xb1,0x48,0xb1,0x48,
    0xb1,0x48,0xb1,0x48,0xb1,0x48,0x1c,0xe7,0x1c,0xe7,0x1c,0xe7,0x1c,0xe7,0x1c,0xe7,
    0x1c,0xe7,0x32,0x51,0xb1,0x48,0xb1,0x48,0xb1,0x48,0xb1,0x48,0xb1,0x48,0xb1,0x48,
    0xb1,0x48,0xb1,0x48,0xb1,0x48,0xb1,0x48,0xb1,0x48,0xb1,0x48,0xb1,0x48,0xb1,0x48,
    0xb1,0x48,0xb1,0x48,0xb1,0x48,0x00,0x00,0xb1,0x48,0xb1,0x48,0xb1,0x48,0xb1,0x48,
    0xb1,0x48,0xb1,0x48,0xb1,0x48,0xb1,0x48,0xb1,0x48,0xb1,0x48,0xb1,0x48,0xb1,0x48,
    0xb1,0x48,0xb1,0x48,0xb1,0x48,0xb1,0x48,0x1c,0xe7,0x1c,0xe7,0x1c,0xe7,0x13,0x6a,
    0x12,0x51,0x1c,0xe7,0x1c,0xe7,0x1c,0xe7,0x32,0x51,0xb1,0x48,0xb1,0x48,0xb1,0x48,
    0xb1,0x48,0xb1,0x48,0xb1,0x48,0xb1,0x48,0xb1,0x48,0xb1,0x48,0xb1,0x48,0xb1,0x48,
    0xb1,0x48,0xb1,0x48,0xb1,0x48,0xb1,0x48,0xb1,0x48,0xb1,0x48,0xb1,0x48,0xb1,0x48,
    0xb1,0x48,0xb1,0x48,0xb1,0x48,0xb1,0x48,0xb1,0x48,0xb1,0x48,0xb1,0x48,0xb1,0x48,
    0xb1,0x48,0xb1,0x48,0xb1,0x48,0xb1,0x48,0x91,0x48,0x1c,0xe7,0x1c,0xe7,0x1c,0xe7,
    0x13,0x6a,0xb1,0x48,0xb1,0x48,0x12,0x51,0x1c,0xe7,0x1c,0xe7,0x1c,0xe7,0x32,0x51,
    0xb1,0x48,0xb1,0x48,0xb1,0x48,0xb1,0x48,0xb1,0x48,0xb1,0x48,0xb1,0x48,0xb1,0x48,
    0xb1,0x48,0xb1,0x48,0xb1,0x48,0xb1,0x48,0xb1,0x48,0xb1,0x48,0xb1,0x48,0xb1,0x48,
    0xb1,0x48,0xb1,0x48,0xb1,0x48,0xb1,0x48,0xb1,0x48,0xb1,0x48,0xb1,0x48,0xb1,0x48,
    0xb1,0x48,0xb1,0x48,0xb1,0x48,0xb1,0x48,0xb1,0x48,0xb1,0x48,0x1c,0xe7,0x1c,0xe7,
    0x1c,0xe7,0x13,0x6a,0xb1,0x48,0xb1,0x48,0xb1,0x48,0xb1,0x48,0x12,0x51,0x1c,0xe7,
    0x1c,0xe7,0x1c,0xe7,0x32,0x51,0xb1,0x48,0xb1,0x48,0xb1,0x48,0xb1,0x48,0xb1,0x48,
    0xb1,0x48,0xb1,0x48,0xb1,0x48,0xb1,0x48,0xb1,0x48,0xb1,0x48,0xb1,0x48,0xb1,0x48,
    0xb1,0x48,0xb1,0x48,0xb1,0x48,0xb1,0x48,0xb1,0x48,0xb1,0x48,0xb1,0x48,0xb1,0x48,
    0xb1,0x48,0xb1,0x48,0xb1,0x48,0xb1,0x48,0xb1,0x48,0xb1,0x48,0xb1,0x48,0x1c,0xe7,
    0x1c,0xe7,0x1c,0xe7,0x13,0x6a,0xb1,0x48,0xb1,0x48,0xb1,0x48,0xb1,0x48,0xb1,0x48,
    0xb1,0x48,0x12,0x51,0x1c,0xe7,0x1c,0xe7,0x1c,0xe7,0x32,0x51,0xb1,0x48,0xb1,0x48,
    0xb1,0x48,0xb1,0x48,0xb1,0x48,0xb1,0x48,0xb1,0x48,0xb1,0x48,0xb1,0x48,0xb1,0x48,
    0xb1,0x48,0xb1,0x48,0xb1,0x48,0xb1,0x48,0xb1,0x48,0xb1,0x48,0xb1,0x48,0xb1,0x48,
    0xb1,0x48,0xb1,0x48,0xb1,0x48,0xb1,0x48,0xb1,0x48,0xb1,0x48,0xb1,0x48,0xb1,0x48,
    0x1c,0xe7,0x1c,0xe7,0x1c,0xe7,0x13,0x6a,0xb1,0x48,0xb1,0x48,0xb1,0x48,0xb1,0x48,
    0xb1,0x48,0xb1,0x48,0xb1,0x48,0xb1,0x48,0x12,0x51,0x1c,0xe7,0x1c,0xe7,0x1c,0xe7,
    0x32,0x51,0xb1,0x48,0xb1,0x48,0xb1,0x48,0xb1,0x48,0xb1,0x48,0xb1,0x48,0xb1,0x48,
    0xb1,0x48,0xb1,0x48,0xb1,0x48,0xb1,0x48,0xb1,0x48,0xb1,0x48,0xb1,0x48,0xb1,0x48,
    0xb1,0x48,0xb1,0x48,0xb1,0x48,0xb1,0x48,0xb1,0x48,0xb1,0x48,0xb1,0x48,0xb1,0x48,
    0xb1,0x48,0x1c,0xe7,0x1c,0xe7,0x1c,0xe7,0x13,0x6a,0xb1,0x48,0xb1,0x48,0xb1,0x48,
    0xb1,0x48,0xb1,0x48,0xb1,0x48,0xb1,0x48,0xb1,0x48,0xb1,0x48,0xb1,0x48,0x12,0x51,
    0x1c,0xe7,0x1c,0xe7,0x1c,0xe7,0x12,0x51,0xb1,0x48,0xb1,0x48,0xb1,0x48,0xb1,0x48,
    0xb1,0x48,0xb1,0x48,0xb1,0x48,0xb1,0x48,0xb1,0x48,0xb1,0x48,0xb1,0x48,0xb1,0x48,
    0xb1,0x48,0xb1,0x48,0xb1,0x48,0xb1,0x48,0xb1,0x48,0xb1,0x48,0xb1,0x48,0xb1,0x48,
    0xb1,0x48,0xb1,0x48,0x1c,0xe7,0x1c,0xe7,0x1c,0xe7,0x13,0x6a,0xb1,0x48,0xb1,0x48,
    0xb1,0x48,0xb1,0x48,0xb1,0x48,0xb1,0x48,0xb1,0x48,0xb1,0x48,0xb1,0x48,0xb1,0x48,
    0xb1,0x48,0xb1,0x48,0x12,0x51,0x1c,0xe7,0x1c,0xe7,0x1c,0xe7,0xb1,0x48,0xb1,0x48,
    0xb1,0x48,0xb1,0x48,0xb1,0x48,0xb1,0x48,0xb1,0x48,0xb1,0x48,0xb1,0x48,0xb1,0x48,
    0xb1,0x48,0xb1,0x48,0xb1,0x48,0xb1,0x48,0xb1,0x48,0xb1,0x48,0xb1,0x48,0xb1,0x48,
    0xb1,0x48,0xb1,0x48,0xb1,0x48,0xf2,0x50,0x1c,0xe7,0x1c,0xe7,0xb4,0x7a,0x72,0x59,
    0x72,0x59,0x72,0x59,0x72,0x59,0x72,0x59,0x72,0x59,0x72,0x59,0x72,0x59,0x72,0x59,
    0x72,0x59,0x72,0x59,0x72,0x59,0x72,0x59,0x72,0x59,0xf3,0x69,0x1c,0xe7,0x1c,0xe7,
    0xb4,0x7a,0xb1,0x48,0xb1,0x48,0xb1,0x48,0xb1,0x48,0xb1,0x48,0xb1,0x48,0xb1,0x48,
    0xb1,0x48,0xb1,0x48,0xb1,0x48,0xb1,0x48,0xb1,0x48,0xb1,0x48,0xb1,0x48,0xb1,0x48,
    0xb1,0x48,0xb1,0x48,0xb1,0x48,0xb1,0x48,0xb1,0x48,0xb1,0x48,0x1c,0xe7,0x1c,0xe7,
    0x1c,0xe7,0x1c,0xe7,0x1c,0xe7,0x1c,0xe7,0x1c,0xe7,0x1c,0xe7,0x1c,0xe7,0x1c,0xe7,
    0x1c,0xe7,0x1c,0xe7,0x1c,0xe7,0x1c,0xe7,0x1c,0xe7,0x1c,0xe7,0x1c,0xe7,0x1c,0xe7,
    0x1c,0xe7,0x1c,0xe7,0xf2,0x50,0xb1,0x48,0xb1,0x48,0xb1,0x48,0xb1,0x48,0xb1,0x48,
    0xb1,0x48,0xb1,0x48,0xb1,0x48,0xb1,0x48,0xb1,0x48,0xb1,0x48,0xb1,0x48,0xb1,0x48,
    0xb1,0x48,0xb1,0x48,0xb1,0x48,0xb1,0x48,0xb1,0x48,0xb1,0x48,0xb1,0x48,0xb1,0x48,
    0xf3,0x61,0x1c,0xe7,0x1c,0xe7,0x1c,0xe7,0x1c,0xe7,0x1c,0xe7,0x1c,0xe7,0x1c,0xe7,
    0x1c,0xe7,0x1c,0xe7,0x1c,0xe7,0x1c,0xe7,0x1c,0xe7,0x1c,0xe7,0x1c,0xe7,0x1c,0xe7,
    0x1c,0xe7,0x1c,0xe7,0x1c,0xe7,0x55,0x8b,0xb1,0x48,0xb1,0x48,0xb1,0x48,0xb1,0x48,
    0xb1,0x48,0xb1,0x48,0xb1,0x48,0xb1,0x48,0xb1,0x48,0xb1,0x48,0xb1,0x48,0xb1,0x48,
    0xb1,0x48,0xb1,0x48,0xb1,0x48,0xb1,0x48,0xb1,0x48,0xb1,0x48,0xb1,0x48,0xb1,0x48,
    0xb1,0x48,0xb1,0x48,0xb1,0x48,0xd3,0x61,0x1c,0xe7,0x1c,0xe7,0x1c,0xe7,0x1c,0xe7,
    0x1c,0xe7,0x1c,0xe7,0x1c,0xe7,0x1c,0xe7,0x1c,0xe7,0x1c,0xe7,0x1c,0xe7,0x1c,0xe7,
    0x1c,0xe7,0x1c,0xe7,0x1c,0xe7,0x1c,0xe7,0x55,0x83,0xb1,0x48,0xb1,0x48,0xb1,0x48,
    0xb1,0x48,0x77,0xa4,0xb1,0x48,0xb1,0x48,0xb1,0x48,0xb1,0x48,0xb1,0x48,0xb1,0x48,
    0xb1,0x48,0xb1,0x48,0xb1,0x48,0xb1,0x48,0xb1,0x48,0xb1,0x48,0xb1,0x48,0xb1,0x48,
    0xb1,0x48,0xb1,0x48,0xb1,0x48,0xb1,0x48,0xb1,0x48,0xb1,0x48,0xf3,0x69,0x1c,0xe7,
    0x1c,0xe7,0x1c,0xe7,0x1c,0xe7,0x1c,0xe7,0x1c,0xe7,0x1c,0xe7,0x1c,0xe7,0x1c,0xe7,
    0x1c,0xe7,0x1c,0xe7,0x1c,0xe7,0x1c,0xe7,0x1c,0xe7,0x55,0x8b,0xb1,0x48,0xb1,0x48,
    0xb1,0x48,0xb1,0x48,0x74,0x72,0x1c,0xe7,0xb8,0xac,0xb1,0x48,0xb1,0x48,0xb1,0x48,
    0xb1,0x48,0xb1,0x48,0xb1,0x48,0xb1,0x48,0xb1,0x48,0xb1,0x48,0xb1,0x48,0xb1,0x48,
    0xb1,0x48,0xb1,0x48,0xb1,0x48,0xb1,0x48,0xb1,0x48,0xb1,0x48,0xb1,0x48,0xb1,0x48,
    0xb1,0x48,0xf3,0x69,0x1c,0xe7,0x1c,0xe7,0x1c,0xe7,0x1c,0xe7,0x1c,0xe7,0x1c,0xe7,
    0x1c,0xe7,0x1c,0xe7,0x1c,0xe7,0x1c,0xe7,0x1c,0xe7,0x1c,0xe7,0x55,0x8b,0xb1,0x48,
    0xb1,0x48,0xb1,0x48,0xb1,0x48,0xb1,0x48,0x1c,0xe7,0x1c,0xe7,0x1c,0xe7,0xb3,0x61,
    0xb1,0x48,0xb1,0x48,0xb1,0x48,0xb1,0x48,0xb1,0x48,0xb1,0x48,0x00,0x00,0xb1,0x48,
    0xb1,0x48,0xb1,0x48,0xb1,0x48,0xb1,0x48,0xb1,0x48,0xb1,0x48,0xb1,0x48,0xb1,0x48,
    0xb1,0x48,0xb1,0x48,0xb1,0x48,0xb1,0x48,0xd3,0x61,0x1c,0xe7,0x1c,0xe7,0x1c,0xe7,
    0x1c,0xe7,0x1c,0xe7,0x1c,0xe7,0x1c,0xe7,0x1c,0xe7,0x1c,0xe7,0x1c,0xe7,0x35,0x83,
    0xb1,0x48,0xb1,0x48,0xb1,0x48,0xb1,0x48,0xb1,0x48,0x3a,0xce,0x1c,0xe7,0x1c,0xe7,
    0x1c,0xe7,0x1c,0xe7,0xb1,0x48,0xb1,0x48,0xb1,0x48,0xb1,0x48,0xb1,0x48,0x00,0x00,
    0x00,0x00,0xb1,0x48,0xb1,0x48,0xb1,0x48,0xb1,0x48,0xb1,0x48,0xb1,0x48,0xb1,0x48,
    0xb1,0x48,0xb1,0x48,0xb1,0x48,0xb1,0x48,0xb1,0x48,0xb1,0x48,0xb1,0x48,0xf3,0x69,
    0x1c,0xe7,0x1c,0xe7,0x1c,0xe7,0x1c,0xe7,0x1c,0xe7,0x1c,0xe7,0x1c,0xe7,0x1c,0xe7,
    0x56,0x8b,0xb1,0x48,0xb1,0x48,0xb1,0x48,0xb1,0x48,0xb1,0x48,0xb1,0x48,0x1c,0xe7,
    0x1c,0xe7,0x1c,0xe7,0x1c,0xe7,0x1c,0xe7,0x12,0x51,0xb1,0x48,0xb1,0x48,0xb1,0x48,
    0xb1,0x48,0x00,0x00,0x00,0x00,0x00,0x00,0xb1,0x48,0xb1,0x48,0xb1,0x48,0xb1,0x48,
    0xb1,0x48,0xb1,0x48,0xb1,0x48,0xb1,0x48,0xb1,0x48,0xb1,0x48,0xb1,0x48,0xb1,0x48,
    0xb1,0x48,0xb1,0x48,0xf3,0x69,0x1c,0xe7,0x1c,0xe7,0x1c,0xe7,0x1c,0xe7,0x1c,0xe7,
    0x1c,0xe7,0x56,0x8b,0xb1,0x48,0xb1,0x48,0xb1,0x48,0xb1,0x48,0xb1,0x48,0xb1,0x48,
    0xb1,0x48,0x1c,0xe7,0x1c,0xe7,0x1c,0xe7,0x1c,0xe7,0x1c,0xe7,0xf3,0x69,0xb1,0x48,
    0xb1,0x48,0xb1,0x48,0x00,0x00,0x00,0x00,0x00,0x00,0x00,0x00,0xb1,0x48,0xb1,0x48,
    0xb1,0x48,0xb1,0x48,0xb1,0x48,0xb1,0x48,0xb1,0x48,0xb1,0x48,0xb1,0x48,0xb1,0x48,
    0xb1,0x48,0xb1,0x48,0xb1,0x48,0xb1,0x48,0xb1,0x48,0xf3,0x69,0x1c,0xe7,0x1c,0xe7,
    0x1c,0xe7,0x1c,0xe7,0x56,0x8b,0xb1,0x48,0xb1,0x48,0xb1,0x48,0xb1,0x48,0xb1,0x48,
    0xb1,0x48,0xb1,0x48,0xb1,0x48,0xfc,0xde,0x1c,0xe7,0x1c,0xe7,0x1c,0xe7,0x1c,0xe7,
    0xb1,0x48,0xb1,0x48,0xb1,0x48,0xb1,0x48,0x00,0x00,0x00,0x00,0x00,0x00,0x00,0x00,
    0x00,0x00,0xb1,0x48,0xb1,0x48,0xb1,0x48,0xb1,0x48,0xb1,0x48,0xb1,0x48,0xb1,0x48,
    0xb1,0x48,0xb1,0x48,0xb1,0x48,0xb1,0x48,0xb1,0x48,0xb1,0x48,0xb1,0x48,0xb1,0x48,
    0xb3,0x61,0x1c,0xe7,0x1c,0xe7,0xf5,0x82,0xb1,0x48,0xb1,0x48,0xb1,0x48,0xb1,0x48,
    0xb1,0x48,0xb1,0x48,0xb1,0x48,0xb1,0x48,0xb1,0x48,0xb1,0x48,0xfb,0xde,0x1c,0xe7,
    0x1c,0xe7,0x72,0x59,0xb1,0x48,0xb1,0x48,0xb1,0x48,0x00,0x00,0x00,0x00,0x00,0x00,
    0x00,0x00,0x00,0x00,0x00,0x00,0xb1,0x48,0xb1,0x48,0xb1,0x48,0xb1,0x48,0xb1,0x48,
    0xb1,0x48,0xb1,0x48,0xb1,0x48,0xb1,0x48,0xb1,0x48,0xb1,0x48,0xb1,0x48,0xb1,0x48,
    0xb1,0x48,0xb1,0x48,0xb1,0x48,0xb1,0x48,0xb1,0x48,0xb1,0x48,0xb1,0x48,0xb1,0x48,
    0xb1,0x48,0xb1,0x48,0xb1,0x48,0xb1,0x48,0xb1,0x48,0xb1,0x48,0xb1,0x48,0xb1,0x48,
    0xb1,0x48,0xb1,0x48,0xb1,0x48,0xb1,0x48,0xb1,0x48,0xb1,0x48,0xb1,0x48,0x00,0x00,
    0x00,0x00,0x00,0x00,0x00,0x00,0x00,0x00,0x00,0x00,0x00,0x00,0xb1,0x48,0xb1,0x48,
    0xb1,0x48,0xb1,0x48,0xb1,0x48,0xb1,0x48,0xb1,0x48,0xb1,0x48,0xb1,0x48,0xb1,0x48,
    0xb1,0x48,0xb1,0x48,0xb1,0x48,0xb1,0x48,0xb1,0x48,0xb1,0x48,0xb1,0x48,0xb1,0x48,
    0xb1,0x48,0xb1,0x48,0xb1,0x48,0xb1,0x48,0xb1,0x48,0xb1,0x48,0xb1,0x48,0xb1,0x48,
    0xb1,0x48,0xb1,0x48,0xb1,0x48,0xb1,0x48,0xb1,0x48,0xb1,0x48,0xb1,0x48,0xb1,0x48,
    0x00,0x00,0x00,0x00,0x00,0x00,0x00,0x00,0x00,0x00,0x00,0x00,0x00,0x00,0x00,0x00,
    0x00,0x00,0xb1,0x48,0xb1,0x48,0xb1,0x48,0xb1,0x48,0xb1,0x48,0xb1,0x48,0xb1,0x48,
    0xb1,0x48,0xb1,0x48,0xb1,0x48,0xb1,0x48,0xb1,0x48,0xb1,0x48,0xb1,0x48,0xb1,0x48,
    0xb1,0x48,0xb1,0x48,0xb1,0x48,0xb1,0x48,0xb1,0x48,0xb1,0x48,0xb1,0x48,0xb1,0x48,
    0xb1,0x48,0xb1,0x48,0xb1,0x48,0xb1,0x48,0xb1,0x48,0xb1,0x48,0xb1,0x48,0xb1,0x48,
    0xb1,0x48,0x00,0x00,0x00,0x00,0x00,0x00,0x00,0x00,0x00,0x00,0x00,0x00,0x00,0x00,
    0x00,0x00,0x00,0x00,0x00,0x00,0x00,0x00,0xb1,0x48,0xb1,0x48,0xb1,0x48,0xb1,0x48,
    0xb1,0x48,0xb1,0x48,0xb1,0x48,0xb1,0x48,0xb1,0x48,0xb1,0x48,0xb1,0x48,0xb1,0x48,
    0xb1,0x48,0xb1,0x48,0xb1,0x48,0xb1,0x48,0xb1,0x48,0xb1,0x48,0xb1,0x48,0xb1,0x48,
    0xb1,0x48,0xb1,0x48,0xb1,0x48,0xb1,0x48,0xb1,0x48,0xb1,0x48,0xb1,0x48,0xb1,0x48,
    0xb1,0x48,0xb1,0x48,0x00,0x00,0x00,0x00,0x00,0x00,0x00,0x00,0x00,0x00,0x00,0x00,
    0x00,0x00,0x00,0x00,0x00,0x00,0x00,0x00,0x00,0x00,0x00,0x00,0x00,0x00,0xb1,0x48,
    0xb1,0x48,0xb1,0x48,0xb1,0x48,0xb1,0x48,0xb1,0x48,0xb1,0x48,0xb1,0x48,0xb1,0x48,
    0xb1,0x48,0xb1,0x48,0xb1,0x48,0xb1,0x48,0xb1,0x48,0xb1,0x48,0xb1,0x48,0xb1,0x48,
    0xb1,0x48,0xb1,0x48,0xb1,0x48,0xb1,0x48,0xb1,0x48,0xb1,0x48,0xb1,0x48,0xb1,0x48,
    0xb1,0x48,0xb1,0x48,0xb1,0x48,0x00,0x00,0x00,0x00,0x00,0x00,0x00,0x00,0x00,0x00,
    0x00,0x00,0x00,0x00,0x00,0x00,0x00,0x00,0x00,0x00,0x00,0x00,0x00,0x00,0x00,0x00,
    0x00,0x00,0x00,0x00,0xb1,0x48,0xb1,0x48,0xb1,0x48,0xb1,0x48,0xb1,0x48,0xb1,0x48,
    0xb1,0x48,0xb1,0x48,0xb1,0x48,0xb1,0x48,0xb1,0x48,0xb1,0x48,0xb1,0x48,0xb1,0x48,
    0xb1,0x48,0xb1,0x48,0xb1,0x48,0xb1,0x48,0xb1,0x48,0xb1,0x48,0xb1,0x48,0xb1,0x48,
    0xb1,0x48,0xb1,0x48,0xb1,0x48,0xb1,0x48,0x00,0x00,0x00,0x00,0x00,0x00,0x00,0x00,
    0x00,0x00,0x00,0x00,0x00,0x00,0x00,0x00,0x00,0x00,0x00,0x00,0x00,0x00,0x00,0x00,
    0x00,0x00,0x00,0x00,0x00,0x00,0x00,0x00,0x00,0x00,0x00,0x00,0xb1,0x48,0xb1,0x48,
    0xb1,0x48,0xb1,0x48,0xb1,0x48,0xb1,0x48,0xb1,0x48,0xb1,0x48,0xb1,0x48,0xb1,0x48,
    0xb1,0x48,0xb1,0x48,0xb1,0x48,0xb1,0x48,0xb1,0x48,0xb1,0x48,0xb1,0x48,0xb1,0x48,
    0xb1,0x48,0xb1,0x48,0xb1,0x48,0xb1,0x48,0x00,0x00,0x00,0x00,0x00,0x00,0x00,0x00,
    0x00,0x00,0x00,0x00,0x00,0x00,0x00,0x00,0x00,0x00,0x00,0x00,0x00,0x00,0x00,0x00,
    0x00,0x00,0x00,0x00,0x00,0x00,0x00,0x00,0x00,0x00,0x00,0x00,0x00,0x00,0x00,0x00,
    0x00,0x00,0x00,0x00,0xb1,0x48,0xb1,0x48,0xb1,0x48,0xb1,0x48,0xb1,0x48,0xb1,0x48,
    0xb1,0x48,0xb1,0x48,0xb1,0x48,0xb1,0x48,0xb1,0x48,0xb1,0x48,0xb1,0x48,0xb1,0x48,
    0xb1,0x48,0xb1,0x48,0xb1,0x48,0xb1,0x48,0x00,0x00,0x00,0x00,0x00,0x00,0x00,0x00,
    0x00,0x00,0x00,0x00,0x00,0x00,0x00,0x00,0x00,0x00,0x00,0x00,0x00,0x00,0x00,0x00,
    0x00,0x00,0x00,0x00,0x00,0x00,0x00,0x00,0x00,0x00,0x00,0x00,0x00,0x00,0x00,0x00,
    0x00,0x00,0x00,0x00,0x00,0x00,0x00,0x00,0x00,0x00,0x00,0x00,0x00,0x00,0xb1,0x48,
    0xb1,0x48,0xb1,0x48,0xb1,0x48,0xb1,0x48,0xb1,0x48,0xb1,0x48,0xb1,0x48,0xb1,0x48,
    0xb1,0x48,0xb1,0x48,0xb1,0x48,0x00,0x00,0x00,0x00,0x00,0x00,0x00,0x00,0x00,0x00,
    0x00,0x00,0x00,0x00,0x00,0x00,0x00,0x00,0x00,0x00,0x00,0x00,0x00,0x00,0x00,0x00,
    0x00,0x00,0x00,0x00,0x00,0x00,0x00,0x00,0x00,0x00,0x00,0x00,0x00,0x00,0x00,0x00,
    0x00,0x00,0x00,0x00,0x00,0x00,0x00,0x00,0x00,0x00,0x00,0x00,0x00,0x00,0x00,0x00,
    0x00,0x00,0x00,0x00,0x00,0x00,0x00,0x00,0x00,0x00,0x00,0x00,0x00,0x00,0x00,0x00,
    0x00,0x00,0x00,0x00,0x00,0x00,0x00,0x00,0x00,0x00,0x00,0x00,0x00,0x00,0x00,0x00,
    0x00,0x00,0x00,0x00,0x00,0x00,0x00,0x00,0x00,0x00,0x00,0x00,0x00,0x00,0x00,0x00,
    0x00,0x00,0x00,0x00,0x00,0x00,0x00,0x00,0x00,0x00,0x00,0x00,0x00,0x00,0x00,0x00,
    0x00,0x00,0x00,0x00,0x00,0x00,0x00,0x4b,0x80,0xbf,0xcf,0xff,0xff,0xff,0xff,0xcf,
    0xbf,0x80,0x4b,0x00,0x00,0x00,0x00,0x00,0x00,0x00,0x00,0x00,0x00,0x00,0x00,0x00,
    0x00,0x00,0x00,0x00,0x00,0x00,0x00,0x00,0x00,0x00,0x00,0x00,0x00,0x00,0x3c,0x9f,
    0xef,0xff,0xff,0xff,0xff,0xff,0xff,0xff,0xff,0xff,0xff,0xff,0xff,0xef,0x9f,0x3c,
    0x00,0x00,0x00,0x00,0x00,0x00,0x00,0x00,0x00,0x00,0x00,0x00,0x00,0x00,0x00,0x00,
    0x00,0x00,0x00,0x00,0x00,0x00,0x3c,0xbf,0xff,0xff,0xff,0xff,0xff,0xff,0xff,0xff,
    0xff,0xff,0xff,0xff,0xff,0xff,0xff,0xff,0xff,0xff,0xbf,0x3c,0x00,0x00,0x00,0x00,
    0x00,0x00,0x00,0x00,0x00,0x00,0x00,0x00,0x00,0x00,0x00,0x00,0x00,0x00,0x0f,0xaf,
    0xff,0xff,0xff,0xff,0xff,0xff,0xff,0xff,0xff,0xff,0xff,0xff,0xff,0xff,0xff,0xff,
    0xff,0xff,0xff,0xff,0xff,0xff,0xaf,0x0f,0x00,0x00,0x00,0x00,0x00,0x00,0x00,0x00,
    0x00,0x00,0x00,0x00,0x00,0x00,0x00,0x2d,0xef,0xff,0xff,0xff,0xff,0xff,0xff,0xff,
    0xff,0xff,0xff,0xff,0xff,0xff,0xff,0xff,0xff,0xff,0xff,0xff,0xff,0xff,0xff,0xff,
    0xff,0xef,0x2d,0x00,0x00,0x00,0x00,0x00,0x00,0x00,0x00,0x00,0x00,0x00,0x00,0x00,
    0x5a,0xff,0xff,0xff,0xff,0xff,0xff,0xff,0xff,0xff,0xff,0xff,0xff,0xff,0xff,0xff,
    0xff,0xff,0xff,0xff,0xff,0xff,0xff,0xff,0xff,0xff,0xff,0xff,0xff,0x5a,0x00,0x00,
    0x00,0x00,0x00,0x00,0x00,0x00,0x00,0x00,0x00,0x5a,0xff,0xff,0xff,0xff,0xff,0xff,
    0xff,0xff,0xff,0xff,0xff,0xff,0xff,0xff,0xff,0xff,0xff,0xff,0xff,0xff,0xff,0xff,
    0xff,0xff,0xff,0xff,0xff,0xff,0xff,0xff,0x5a,0x00,0x00,0x00,0x00,0x00,0x00,0x00,
    0x00,0x00,0x3c,0xff,0xff,0xff,0xff,0xff,0xff,0xff,0xff,0xff,0xff,0xff,0xff,0xff,
    0xff,0xff,0xff,0xff,0xff,0xff,0xff,0xff,0xff,0xff,0xff,0xff,0xff,0xff,0xff,0xff,
    0xff,0xff,0xff,0x3c,0x00,0x00,0x00,0x00,0x00,0x00,0x00,0x0f,0xef,0xff,0xff,0xff,
    0xff,0xff,0xff,0xff,0xff,0xff,0xff,0xff,0xff,0xff,0xff,0xff,0xff,0xff,0xff,0xff,
    0xff,0xff,0xff,0xff,0xff,0xff,0xff,0xff,0xff,0xff,0xff,0xff,0xff,0xef,0x0f,0x00,
    0x00,0x00,0x00,0x00,0x00,0xbf,0xff,0xff,0xff,0xff,0xff,0xff,0xff,0xff,0xff,0xff,
    0xff,0xff,0xff,0xff,0xff,0xff,0xff,0xff,0xff,0xff,0xff,0xff,0xff,0xff,0xff,0xff,
    0xff,0xff,0xff,0xff,0xff,0xff,0xff,0xff,0xbf,0x00,0x00,0x00,0x00,0x00,0x4b,0xff,
    0xff,0xff,0xff,0xff,0xff,0xff,0xff,0xff,0xff,0xff,0xff,0xff,0xff,0xff,0xff,0xff,
    0xff,0xff,0xff,0xff,0xff,0xff,0xff,0xff,0xff,0xff,0xff,0xff,0xff,0xff,0xff,0xff,
    0xff,0xff,0xff,0x4b,0x00,0x00,0x00,0x00,0xdf,0xff,0xff,0xff,0xff,0xff,0xff,0xff,
    0xff,0xff,0xff,0xff,0xff,0xff,0xff,0xff,0xff,0xff,0xff,0xff,0xff,0xff,0xff,0xff,
    0xff,0xff,0xff,0xff,0xff,0xff,0xff,0xff,0xff,0xff,0xff,0xff,0xff,0xdf,0x00,0x00,
    0x00,0x5a,0xff,0xff,0xff,0xff,0xff,0xff,0xff,0xff,0xff,0xff,0xff,0xff,0xff,0xff,
    0xff,0xff,0xff,0xff,0xff,0xff,0xff,0xff,0xff,0xff,0xff,0xff,0xff,0xff,0xff,0xff,
    0xff,0xff,0xff,0xff,0xff,0xff,0xff,0xff,0x5a,0x00,0x00,0xaf,0xff,0xff,0xff,0xff,
    0xff,0xff,0xff,0xff,0xff,0xff,0xff,0xff,0xff,0xff,0xff,0xff,0xff,0xff,0xff,0xff,
    0xff,0xff,0xff,0xff,0xff,0xff,0xff,0xff,0xff,0xff,0xff,0xff,0xff,0xff,0xff,0xff,
    0xff,0xff,0xaf,0x00,0x0c,0xff,0xff,0xff,0xff,0xff,0xff,0xff,0xff,0xff,0xff,0xff,
    0xff,0xff,0xff,0xff,0xff,0xff,0xff,0xff,0xff,0xff,0xff,0xff,0xff,0xff,0xff,0xff,
    0xff,0xff,0xff,0xff,0xff,0xff,0xff,0xff,0xff,0xff,0xff,0xff,0xff,0x0c,0x5a,0xff,
    0xff,0xff,0xff,0xff,0xff,0xff,0xff,0xff,0xff,0xff,0xff,0xff,0xff,0xff,0xff,0xff,
    0xff,0xff,0xff,0xff,0xff,0xff,0xff,0xff,0xff,0xff,0xff,0xff,0xff,0xff,0xff,0xff,
    0xff,0xff,0xff,0xff,0xff,0xff,0xff,0x5a,0x8f,0xff,0xff,0xff,0xff,0xff,0xff,0xff,
    0xff,0xff,0xff,0xff,0xff,0xff,0xff,0xff,0xff,0xff,0xff,0xff,0xff,0xff,0xff,0xff,
    0xff,0xff,0xff,0xff,0xff,0xff,0xff,0xff,0xff,0xff,0xff,0xff,0xff,0xff,0xff,0xff,
    0xff,0x8f,0xbf,0xff,0xff,0xff,0xff,0xff,0xff,0xff,0xff,0xff,0xff,0xff,0xff,0xff,
    0xff,0xff,0xff,0xff,0xff,0xff,0xff,0xff,0xff,0xff,0xff,0xff,0xff,0xff,0xff,0xff,
    0xff,0xff,0xff,0xff,0xff,0xff,0xff,0xff,0xff,0xff,0xff,0xbf,0xef,0xff,0xff,0xff,
    0xff,0xff,0xff,0xff,0xff,0xff,0xff,0xff,0xff,0xff,0xff,0xff,0xff,0xff,0xff,0xff,
    0xff,0xff,0xff,0xff,0xff,0xff,0xff,0xff,0xff,0xff,0xff,0xff,0xff,0xff,0xff,0xff,
    0xff,0xff,0xff,0xff,0xff,0xef,0xff,0xff,0xff,0xff,0xff,0xff,0xff,0xff,0xff,0xff,
    0xff,0xff,0xff,0xff,0xff,0xff,0xff,0xff,0xff,0xff,0xff,0xff,0xff,0xff,0xff,0xff,
    0xff,0xff,0xff,0xff,0xff,0xff,0xff,0xff,0xff,0xff,0xff,0xff,0xff,0xff,0xff,0xff,
    0xff,0xff,0xff,0xff,0xff,0xff,0xff,0xff,0xff,0xff,0xff,0xff,0xff,0xff,0xff,0xff,
    0xff,0xff,0xff,0xff,0xff,0xff,0xff,0xff,0xff,0xff,0xff,0xff,0xff,0xff,0xff,0xff,
    0xff,0xff,0xff,0xff,0xff,0xff,0xff,0xff,0xff,0xff,0xff,0xff,0xff,0xff,0xff,0xff,
    0xff,0xff,0xff,0xff,0xff,0xff,0xff,0xff,0xff,0xff,0xff,0xff,0xff,0xff,0xff,0xff,
    0xff,0xff,0xff,0xff,0xff,0xff,0xff,0xff,0xff,0xff,0xff,0xff,0xff,0xff,0xff,0xff,
    0xff,0xff,0xff,0xff,0xef,0xff,0xff,0xff,0xff,0xff,0xff,0xff,0xff,0xff,0xff,0xff,
    0xff,0xff,0xff,0xff,0xff,0xff,0xff,0xff,0xff,0xff,0xff,0xff,0xff,0xff,0xff,0xff,
    0xff,0xff,0xff,0xff,0xff,0xff,0xff,0xff,0xff,0xff,0xff,0xff,0xff,0xef,0xbf,0xff,
    0xff,0xff,0xff,0xff,0xff,0xff,0xff,0xff,0xff,0xff,0xff,0xff,0xff,0xff,0xff,0xff,
    0xff,0xff,0xff,0xff,0xff,0xff,0xff,0xff,0xff,0xff,0xff,0xff,0xff,0xff,0xff,0xff,
    0xff,0xff,0xff,0xff,0xff,0xff,0xff,0xbf,0x8f,0xff,0xff,0xff,0xff,0xff,0xff,0xff,
    0xff,0xff,0xff,0xff,0xff,0xff,0xff,0xff,0xff,0xff,0xff,0xff,0xff,0xff,0xff,0xff,
    0xff,0xff,0xff,0xff,0xff,0xff,0xff,0xff,0xff,0xff,0xff,0xff,0xff,0xff,0xff,0xff,
    0xff,0x8f,0x5a,0xff,0xff,0xff,0xff,0xff,0xff,0xff,0xff,0xff,0xff,0xff,0xff,0xff,
    0xff,0xff,0xff,0xff,0xff,0xff,0xff,0xff,0xff,0xff,0xff,0xff,0xff,0xff,0xff,0xff,
    0xff,0xff,0xff,0xff,0xff,0xff,0xff,0xff,0xff,0xff,0xff,0x5a,0x0c,0xff,0xff,0xff,
    0xff,0xff,0xff,0xff,0xff,0xff,0xff,0xff,0xff,0xff,0xff,0xff,0xff,0xff,0xff,0xff,
    0xff,0xff,0xff,0xff,0xff,0xff,0xff,0xff,0xff,0xff,0xff,0xff,0xff,0xff,0xff,0xff,
    0xff,0xff,0xff,0xff,0xff,0x0c,0x00,0xaf,0xff,0xff,0xff,0xff,0xff,0xff,0xff,0xff,
    0xff,0xff,0xff,0xff,0xff,0xff,0xff,0xff,0xff,0xff,0xff,0xff,0xff,0xff,0xff,0xff,
    0xff,0xff,0xff,0xff,0xff,0xff,0xff,0xff,0xff,0xff,0xff,0xff,0xff,0xff,0xaf,0x00,
    0x00,0x5a,0xff,0xff,0xff,0xff,0xff,0xff,0xff,0xff,0xff,0xff,0xff,0xff,0xff,0xff,
    0xff,0xff,0xff,0xff,0xff,0xff,0xff,0xff,0xff,0xff,0xff,0xff,0xff,0xff,0xff,0xff,
    0xff,0xff,0xff,0xff,0xff,0xff,0xff,0xff,0x5a,0x00,0x00,0x00,0xdf,0xff,0xff,0xff,
    0xff,0xff,0xff,0xff,0xff,0xff,0xff,0xff,0xff,0xff,0xff,0xff,0xff,0xff,0xff,0xff,
    0xff,0xff,0xff,0xff,0xff,0xff,0xff,0xff,0xff,0xff,0xff,0xff,0xff,0xff,0xff,0xff,
    0xff,0xdf,0x00,0x00,0x00,0x00,0x4b,0xff,0xff,0xff,0xff,0xff,0xff,0xff,0xff,0xff,
    0xff,0xff,0xff,0xff,0xff,0xff,0xff,0xff,0xff,0xff,0xff,0xff,0xff,0xff,0xff,0xff,
    0xff,0xff,0xff,0xff,0xff,0xff,0xff,0xff,0xff,0xff,0xff,0x4b,0x00,0x00,0x00,0x00,
    0x00,0xbf,0xff,0xff,0xff,0xff,0xff,0xff,0xff,0xff,0xff,0xff,0xff,0xff,0xff,0xff,
    0xff,0xff,0xff,0xff,0xff,0xff,0xff,0xff,0xff,0xff,0xff,0xff,0xff,0xff,0xff,0xff,
    0xff,0xff,0xff,0xff,0xbf,0x00,0x00,0x00,0x00,0x00,0x00,0x0f,0xef,0xff,0xff,0xff,
    0xff,0xff,0xff,0xff,0xff,0xff,0xff,0xff,0xff,0xff,0xff,0xff,0xff,0xff,0xff,0xff,
    0xff,0xff,0xff,0xff,0xff,0xff,0xff,0xff,0xff,0xff,0xff,0xff,0xff,0xef,0x0f,0x00,
    0x00,0x00,0x00,0x00,0x00,0x00,0x3c,0xff,0xff,0xff,0xff,0xff,0xff,0xff,0xff,0xff,
    0xff,0xff,0xff,0xff,0xff,0xff,0xff,0xff,0xff,0xff,0xff,0xff,0xff,0xff,0xff,0xff,
    0xff,0xff,0xff,0xff,0xff,0xff,0xff,0x3c,0x00,0x00,0x00,0x00,0x00,0x00,0x00,0x00,
    0x00,0x5a,0xff,0xff,0xff,0xff,0xff,0xff,0xff,0xff,0xff,0xff,0xff,0xff,0xff,0xff,
    0xff,0xff,0xff,0xff,0xff,0xff,0xff,0xff,0xff,0xff,0xff,0xff,0xff,0xff,0xff,0xff,
    0x5a,0x00,0x00,0x00,0x00,0x00,0x00,0x00,0x00,0x00,0x00,0x00,0x5a,0xff,0xff,0xff,
    0xff,0xff,0xff,0xff,0xff,0xff,0xff,0xff,0xff,0xff,0xff,0xff,0xff,0xff,0xff,0xff,
    0xff,0xff,0xff,0xff,0xff,0xff,0xff,0xff,0xff,0x5a,0x00,0x00,0x00,0x00,0x00,0x00,
    0x00,0x00,0x00,0x00,0x00,0x00,0x00,0x2d,0xef,0xff,0xff,0xff,0xff,0xff,0xff,0xff,
    0xff,0xff,0xff,0xff,0xff,0xff,0xff,0xff,0xff,0xff,0xff,0xff,0xff,0xff,0xff,0xff,
    0xff,0xef,0x2d,0x00,0x00,0x00,0x00,0x00,0x00,0x00,0x00,0x00,0x00,0x00,0x00,0x00,
    0x00,0x00,0x0f,0xaf,0xff,0xff,0xff,0xff,0xff,0xff,0xff,0xff,0xff,0xff,0xff,0xff,
    0xff,0xff,0xff,0xff,0xff,0xff,0xff,0xff,0xff,0xff,0xaf,0x0f,0x00,0x00,0x00,0x00,
    0x00,0x00,0x00,0x00,0x00,0x00,0x00,0x00,0x00,0x00,0x00,0x00,0x00,0x00,0x3c,0xbf,
    0xff,0xff,0xff,0xff,0xff,0xff,0xff,0xff,0xff,0xff,0xff,0xff,0xff,0xff,0xff,0xff,
    0xff,0xff,0xbf,0x3c,0x00,0x00,0x00,0x00,0x00,0x00,0x00,0x00,0x00,0x00,0x00,0x00,
    0x00,0x00,0x00,0x00,0x00,0x00,0x00,0x00,0x00,0x00,0x3c,0x9f,0xef,0xff,0xff,0xff,
    0xff,0xff,0xff,0xff,0xff,0xff,0xff,0xff,0xff,0xef,0x9f,0x3c,0x00,0x00,0x00,0x00,
    0x00,0x00,0x00,0x00,0x00,0x00,0x00,0x00,0x00,0x00,0x00,0x00,0x00,0x00,0x00,0x00,
    0x00,0x00,0x00,0x00,0x00,0x00,0x00,0x4b,0x80,0xbf,0xcf,0xff,0xff,0xff,0xff,0xcf,
    0xbf,0x80,0x4b,0x00,0x00,0x00,0x00,0x00,0x00,0x00,0x00,0x00,0x00,0x00,0x00,0x00,
    0x00,0x00,0x00,0x00,0x00,0x00,0x00,0x00,0x00,0x00,0x00,0x00,0x00,0x00,0x00,0x00,
    0x00,0x00,0x00,0x00,0x00,0x00,0x00,0x00,0x00,0x00,0x00,0x00,0x00,0x00,0x00,0x00,
    0x00,0x00,0x00,0x00,0x00,0x00,0x00,0x00,0x00,0x00,0x00,0x00,
};

const lv_image_dsc_t icon_colorscheme = {
    .header = {
        .magic = LV_IMAGE_HEADER_MAGIC,
        .cf = LV_COLOR_FORMAT_RGB565A8,
        .flags = 0,
        .w = 42,
        .h = 42,
        .stride = 84,
        .reserved_2 = 0,
    },
    .data_size = sizeof(icon_colorscheme_map),
    .data = icon_colorscheme_map,
    .reserved = NULL,
    .reserved_2 = NULL,
};

// Converted from Notification.png (42x42, RGB565A8: RGB565 plane + A8 alpha plane)
static const uint8_t icon_notification_map[] = {
    0x00,0x00,0x00,0x00,0x00,0x00,0x00,0x00,0x00,0x00,0x00,0x00,0x00,0x00,0x00,0x00,
    0x00,0x00,0x00,0x00,0x00,0x00,0x00,0x00,0x00,0x00,0x00,0x00,0x00,0x00,0x34,0x0a,
    0x34,0x0a,0x34,0x0a,0x34,0x0a,0x34,0x0a,0x34,0x0a,0x34,0x0a,0x34,0x0a,0x34,0x0a,
    0x34,0x0a,0x34,0x0a,0x34,0x0a,0x00,0x00,0x00,0x00,0x00,0x00,0x00,0x00,0x00,0x00,
    0x00,0x00,0x00,0x00,0x00,0x00,0x00,0x00,0x00,0x00,0x00,0x00,0x00,0x00,0x00,0x00,
    0x00,0x00,0x00,0x00,0x00,0x00,0x00,0x00,0x00,0x00,0x00,0x00,0x00,0x00,0x00,0x00,
    0x00,0x00,0x00,0x00,0x00,0x00,0x00,0x00,0x00,0x00,0x00,0x00,0x34,0x0a,0x34,0x0a,
    0x34,0x0a,0x34,0x0a,0x34,0x0a,0x34,0x0a,0x34,0x0a,0x34,0x0a,0x34,0x0a,0x34,0x0a,
    0x34,0x0a,0x34,0x0a,0x34,0x0a,0x34,0x0a,0x34,0x0a,0x34,0x0a,0x34,0x0a,0x34,0x0a,
    0x00,0x00,0x00,0x00,0x00,0x00,0x00,0x00,0x00,0x00,0x00,0x00,0x00,0x00,0x00,0x00,
    0x00,0x00,0x00,0x00,0x00,0x00,0x00,0x00,0x00,0x00,0x00,0x00,0x00,0x00,0x00,0x00,
    0x00,0x00,0x00,0x00,0x00,0x00,0x00,0x00,0x00,0x00,0x00,0x00,0x34,0x0a,0x34,0x0a,
    0x34,0x0a,0x34,0x0a,0x34,0x0a,0x34,0x0a,0x34,0x0a,0x34,0x0a,0x34,0x0a,0x34,0x0a,
    0x34,0x0a,0x34,0x0a,0x34,0x0a,0x34,0x0a,0x34,0x0a,0x34,0x0a,0x34,0x0a,0x34,0x0a,
    0x34,0x0a,0x34,0x0a,0x34,0x0a,0x34,0x0a,0x00,0x00,0x00,0x00,0x00,0x00,0x00,0x00,
    0x00,0x00,0x00,0x00,0x00,0x00,0x00,0x00,0x00,0x00,0x00,0x00,0x00,0x00,0x00,0x00,
    0x00,0x00,0x00,0x00,0x00,0x00,0x00,0x00,0x00,0x00,0x00,0x00,0x34,0x0a,0x34,0x0a,
    0x34,0x0a,0x34,0x0a,0x34,0x0a,0x34,0x0a,0x34,0x0a,0x34,0x0a,0x34,0x0a,0x34,0x0a,
    0x34,0x0a,0x34,0x0a,0x34,0x0a,0x34,0x0a,0x34,0x0a,0x34,0x0a,0x34,0x0a,0x34,0x0a,
    0x34,0x0a,0x34,0x0a,0x34,0x0a,0x34,0x0a,0x34,0x0a,0x34,0x0a,0x34,0x0a,0x34,0x0a,
    0x00,0x00,0x00,0x00,0x00,0x00,0x00,0x00,0x00,0x00,0x00,0x00,0x00,0x00,0x00,0x00,
    0x00,0x00,0x00,0x00,0x00,0x00,0x00,0x00,0x00,0x00,0x00,0x00,0x00,0x00,0x34,0x0a,
    0x34,0x0a,0x34,0x0a,0x34,0x0a,0x34,0x0a,0x34,0x0a,0x34,0x0a,0x34,0x0a,0x34,0x0a,
    0x34,0x0a,0x34,0x0a,0x34,0x0a,0x34,0x0a,0x34,0x0a,0x34,0x0a,0x34,0x0a,0x34,0x0a,
    0x34,0x0a,0x34,0x0a,0x34,0x0a,0x34,0x0a,0x34,0x0a,0x34,0x0a,0x34,0x0a,0x34,0x0a,
    0x34,0x0a,0x34,0x0a,0x34,0x0a,0x00,0x00,0x00,0x00,0x00,0x00,0x00,0x00,0x00,0x00,
    0x00,0x00,0x00,0x00,0x00,0x00,0x00,0x00,0x00,0x00,0x00,0x00,0x00,0x00,0x00,0x00,
    0x34,0x0a,0x34,0x0a,0x34,0x0a,0x34,0x0a,0x34,0x0a,0x34,0x0a,0x34,0x0a,0x34,0x0a,
    0x34,0x0a,0x34,0x0a,0x34,0x0a,0x34,0x0a,0x34,0x0a,0x34,0x0a,0x34,0x0a,0x34,0x0a,
    0x34,0x0a,0x34,0x0a,0x34,0x0a,0x34,0x0a,0x34,0x0a,0x34,0x0a,0x34,0x0a,0x34,0x0a,
    0x34,0x0a,0x34,0x0a,0x34,0x0a,0x34,0x0a,0x34,0x0a,0x34,0x0a,0x00,0x00,0x00,0x00,
    0x00,0x00,0x00,0x00,0x00,0x00,0x00,0x00,0x00,0x00,0x00,0x00,0x00,0x00,0x00,0x00,
    0x00,0x00,0x34,0x0a,0x34,0x0a,0x34,0x0a,0x34,0x0a,0x34,0x0a,0x34,0x0a,0x34,0x0a,
    0x34,0x0a,0x34,0x0a,0x34,0x0a,0x34,0x0a,0x34,0x0a,0x34,0x0a,0x34,0x0a,0x34,0x0a,
    0x34,0x0a,0x34,0x0a,0x34,0x0a,0x34,0x0a,0x34,0x0a,0x34,0x0a,0x34,0x0a,0x34,0x0a,
    0x34,0x0a,0x34,0x0a,0x34,0x0a,0x34,0x0a,0x34,0x0a,0x34,0x0a,0x34,0x0a,0x34,0x0a,
    0x34,0x0a,0x00,0x00,0x00,0x00,0x00,0x00,0x00,0x00,0x00,0x00,0x00,0x00,0x00,0x00,
    0x00,0x00,0x00,0x00,0x34,0x0a,0x34,0x0a,0x34,0x0a,0x34,0x0a,0x34,0x0a,0x34,0x0a,
    0x34,0x0a,0x34,0x0a,0x34,0x0a,0x34,0x0a,0x34,0x0a,0x34,0x0a,0x34,0x0a,0x34,0x0a,
    0x34,0x0a,0x34,0x0a,0x34,0x0a,0x34,0x0a,0x34,0x0a,0x34,0x0a,0x34,0x0a,0x34,0x0a,
    0x34,0x0a,0x34,0x0a,0x34,0x0a,0x34,0x0a,0x34,0x0a,0x34,0x0a,0x34,0x0a,0x34,0x0a,
    0x34,0x0a,0x34,0x0a,0x34,0x0a,0x34,0x0a,0x00,0x00,0x00,0x00,0x00,0x00,0x00,0x00,
    0x00,0x00,0x00,0x00,0x00,0x00,0x34,0x0a,0x34,0x0a,0x34,0x0a,0x34,0x0a,0x34,0x0a,
    0x34,0x0a,0x34,0x0a,0x34,0x0a,0x34,0x0a,0x34,0x0a,0x34,0x0a,0x34,0x0a,0x34,0x0a,
    0x34,0x0a,0x34,0x0a,0x34,0x0a,0xf7,0x5b,0x1c,0xe7,0x1c,0xe7,0x37,0x64,0x34,0x0a,
    0x34,0x0a,0x34,0x0a,0x34,0x0a,0x34,0x0a,0x34,0x0a,0x34,0x0a,0x34,0x0a,0x34,0x0a,
    0x34,0x0a,0x34,0x0a,0x34,0x0a,0x34,0x0a,0x34,0x0a,0x34,0x0a,0x34,0x0a,0x00,0x00,
    0x00,0x00,0x00,0x00,0x00,0x00,0x00,0x00,0x00,0x00,0x34,0x0a,0x34,0x0a,0x34,0x0a,
    0x34,0x0a,0x34,0x0a,0x34,0x0a,0x34,0x0a,0x34,0x0a,0x34,0x0a,0x34,0x0a,0x34,0x0a,
    0x34,0x0a,0x34,0x0a,0x34,0x0a,0x34,0x0a,0x54,0x12,0x1c,0xe7,0x1c,0xe7,0x1c,0xe7,
    0x1c,0xe7,0x94,0x1a,0x34,0x0a,0x34,0x0a,0x34,0x0a,0x34,0x0a,0x34,0x0a,0x34,0x0a,
    0x34,0x0a,0x34,0x0a,0x34,0x0a,0x34,0x0a,0x34,0x0a,0x34,0x0a,0x34,0x0a,0x34,0x0a,
    0x34,0x0a,0x00,0x00,0x00,0x00,0x00,0x00,0x00,0x00,0x00,0x00,0x34,0x0a,0x34,0x0a,
    0x34,0x0a,0x34,0x0a,0x34,0x0a,0x34,0x0a,0x34,0x0a,0x34,0x0a,0x34,0x0a,0x34,0x0a,
    0x34,0x0a,0x34,0x0a,0x34,0x0a,0x34,0x0a,0x34,0x0a,0x34,0x0a,0xb6,0x4b,0x1c,0xe7,
    0x1c,0xe7,0x1c,0xe7,0x1c,0xe7,0x17,0x5c,0x34,0x0a,0x34,0x0a,0x34,0x0a,0x34,0x0a,
    0x34,0x0a,0x34,0x0a,0x34,0x0a,0x34,0x0a,0x34,0x0a,0x34,0x0a,0x34,0x0a,0x34,0x0a,
    0x34,0x0a,0x34,0x0a,0x34,0x0a,0x34,0x0a,0x00,0x00,0x00,0x00,0x00,0x00,0x00,0x00,
    0x34,0x0a,0x34,0x0a,0x34,0x0a,0x34,0x0a,0x34,0x0a,0x34,0x0a,0x34,0x0a,0x34,0x0a,
    0x34,0x0a,0x34,0x0a,0x34,0x0a,0x34,0x0a,0x34,0x0a,0x34,0x0a,0x34,0x0a,0x34,0x0a,
    0x34,0x0a,0x1c,0xe7,0x1c,0xe7,0x1c,0xe7,0x1c,0xe7,0x74,0x12,0x34,0x0a,0x34,0x0a,
    0x34,0x0a,0x34,0x0a,0x34,0x0a,0x34,0x0a,0x34,0x0a,0x34,0x0a,0x34,0x0a,0x34,0x0a,
    0x34,0x0a,0x34,0x0a,0x34,0x0a,0x34,0x0a,0x34,0x0a,0x34,0x0a,0x00,0x00,0x00,0x00,
    0x00,0x00,0x34,0x0a,0x34,0x0a,0x34,0x0a,0x34,0x0a,0x34,0x0a,0x34,0x0a,0x34,0x0a,
    0x34,0x0a,0x34,0x0a,0x34,0x0a,0x34,0x0a,0x34,0x0a,0x34,0x0a,0x34,0x0a,0x34,0x0a,
    0x34,0x0a,0x34,0x0a,0x34,0x0a,0x35,0x33,0x1c,0xe7,0x1c,0xe7,0x35,0x3b,0x34,0x0a,
    0x34,0x0a,0x34,0x0a,0x34,0x0a,0x34,0x0a,0x34,0x0a,0x34,0x0a,0x34,0x0a,0x34,0x0a,
    0x34,0x0a,0x34,0x0a,0x34,0x0a,0x34,0x0a,0x34,0x0a,0x34,0x0a,0x34,0x0a,0x34,0x0a,
    0x34,0x0a,0x00,0x00,0x00,0x00,0x34,0x0a,0x34,0x0a,0x34,0x0a,0x34,0x0a,0x34,0x0a,
    0x34,0x0a,0x34,0x0a,0x34,0x0a,0x34,0x0a,0x34,0x0a,0x34,0x0a,0x34,0x0a,0x34,0x0a,
    0x34,0x0a,0x34,0x0a,0x34,0x0a,0x34,0x0a,0x34,0x0a,0x34,0x0a,0x34,0x0a,0x34,0x0a,
    0x34,0x0a,0x34,0x0a,0x34,0x0a,0x34,0x0a,0x34,0x0a,0x34,0x0a,0x34,0x0a,0x34,0x0a,
    0x34,0x0a,0x34,0x0a,0x34,0x0a,0x34,0x0a,0x34,0x0a,0x34,0x0a,0x34,0x0a,0x34,0x0a,
    0x34,0x0a,0x34,0x0a,0x34,0x0a,0x00,0x00,0x00,0x00,0x34,0x0a,0x34,0x0a,0x34,0x0a,
    0x34,0x0a,0x34,0x0a,0x34,0x0a,0x34,0x0a,0x34,0x0a,0x34,0x0a,0x34,0x0a,0x34,0x0a,
    0x34,0x0a,0x34,0x0a,0x34,0x0a,0x34,0x0a,0x34,0x0a,0x34,0x0a,0x34,0x0a,0x34,0x0a,
    0x34,0x0a,0x34,0x0a,0x34,0x0a,0x34,0x0a,0x34,0x0a,0x34,0x0a,0x34,0x0a,0x34,0x0a,
    0x34,0x0a,0x34,0x0a,0x34,0x0a,0x34,0x0a,0x34,0x0a,0x34,0x0a,0x34,0x0a,0x34,0x0a,
    0x34,0x0a,0x34,0x0a,0x34,0x0a,0x34,0x0a,0x34,0x0a,0x00,0x00,0x34,0x0a,0x34,0x0a,
    0x34,0x0a,0x34,0x0a,0x34,0x0a,0x34,0x0a,0x34,0x0a,0x34,0x0a,0x34,0x0a,0x34,0x0a,
    0x34,0x0a,0x34,0x0a,0x34,0x0a,0x34,0x0a,0x34,0x0a,0x34,0x0a,0x34,0x0a,0x34,0x0a,
    0x34,0x0a,0x34,0x0a,0x34,0x0a,0x34,0x0a,0x34,0x0a,0x34,0x0a,0x34,0x0a,0x34,0x0a,
    0x34,0x0a,0x34,0x0a,0x34,0x0a,0x34,0x0a,0x34,0x0a,0x34,0x0a,0x34,0x0a,0x34,0x0a,
    0x34,0x0a,0x34,0x0a,0x34,0x0a,0x34,0x0a,0x34,0x0a,0x34,0x0a,0x34,0x0a,0x34,0x0a,
    0x34,0x0a,0x34,0x0a,0x34,0x0a,0x34,0x0a,0x34,0x0a,0x34,0x0a,0x34,0x0a,0x34,0x0a,
    0x34,0x0a,0x34,0x0a,0x34,0x0a,0x34,0x0a,0x34,0x0a,0x34,0x0a,0x34,0x0a,0x34,0x0a,
    0x34,0x0a,0x34,0x0a,0x34,0x0a,0x1c,0xe7,0x1c,0xe7,0x1c,0xe7,0x1c,0xe7,0x34,0x0a,
    0x34,0x0a,0x34,0x0a,0x34,0x0a,0x34,0x0a,0x34,0x0a,0x34,0x0a,0x34,0x0a,0x34,0x0a,
    0x34,0x0a,0x34,0x0a,0x34,0x0a,0x34,0x0a,0x34,0x0a,0x34,0x0a,0x34,0x0a,0x34,0x0a,
    0x34,0x0a,0x34,0x0a,0x34,0x0a,0x34,0x0a,0x34,0x0a,0x34,0x0a,0x34,0x0a,0x34,0x0a,
    0x34,0x0a,0x34,0x0a,0x34,0x0a,0x34,0x0a,0x34,0x0a,0x34,0x0a,0x34,0x0a,0x34,0x0a,
    0x34,0x0a,0x34,0x0a,0x34,0x0a,0x34,0x0a,0x34,0x0a,0x1c,0xe7,0x1c,0xe7,0x1c,0xe7,
    0x1c,0xe7,0x34,0x0a,0x34,0x0a,0x34,0x0a,0x34,0x0a,0x34,0x0a,0x34,0x0a,0x34,0x0a,
    0x34,0x0a,0x34,0x0a,0x34,0x0a,0x34,0x0a,0x34,0x0a,0x34,0x0a,0x34,0x0a,0x34,0x0a,
    0x34,0x0a,0x34,0x0a,0x34,0x0a,0x34,0x0a,0x34,0x0a,0x34,0x0a,0x34,0x0a,0x34,0x0a,
    0x34,0x0a,0x34,0x0a,0x34,0x0a,0x34,0x0a,0x34,0x0a,0x34,0x0a,0x34,0x0a,0x34,0x0a,
    0x34,0x0a,0x34,0x0a,0x34,0x0a,0x34,0x0a,0x34,0x0a,0x34,0x0a,0x34,0x0a,0x1c,0xe7,
    0x1c,0xe7,0x1c,0xe7,0x1c,0xe7,0x34,0x0a,0x34,0x0a,0x34,0x0a,0x34,0x0a,0x34,0x0a,
    0x34,0x0a,0x34,0x0a,0x34,0x0a,0x34,0x0a,0x34,0x0a,0x34,0x0a,0x34,0x0a,0x34,0x0a,
    0x34,0x0a,0x34,0x0a,0x34,0x0a,0x34,0x0a,0x34,0x0a,0x34,0x0a,0x34,0x0a,0x34,0x0a,
    0x34,0x0a,0x34,0x0a,0x34,0x0a,0x34,0x0a,0x34,0x0a,0x34,0x0a,0x34,0x0a,0x34,0x0a,
    0x34,0x0a,0x34,0x0a,0x34,0x0a,0x34,0x0a,0x34,0x0a,0x34,0x0a,0x34,0x0a,0x34,0x0a,
    0x34,0x0a,0x1c,0xe7,0x1c,0xe7,0x1c,0xe7,0x1c,0xe7,0x34,0x0a,0x34,0x0a,0x34,0x0a,
    0x34,0x0a,0x34,0x0a,0x34,0x0a,0x34,0x0a,0x34,0x0a,0x34,0x0a,0x34,0x0a,0x34,0x0a,
    0x34,0x0a,0x34,0x0a,0x34,0x0a,0x34,0x0a,0x34,0x0a,0x34,0x0a,0x34,0x0a,0x34,0x0a,
    0x34,0x0a,0x34,0x0a,0x34,0x0a,0x34,0x0a,0x34,0x0a,0x34,0x0a,0x34,0x0a,0x34,0x0a,
    0x34,0x0a,0x34,0x0a,0x34,0x0a,0x34,0x0a,0x34,0x0a,0x34,0x0a,0x34,0x0a,0x34,0x0a,
    0x34,0x0a,0x34,0x0a,0x34,0x0a,0x1c,0xe7,0x1c,0xe7,0x1c,0xe7,0x1c,0xe7,0x34,0x0a,
    0x34,0x0a,0x34,0x0a,0x34,0x0a,0x34,0x0a,0x34,0x0a,0x34,0x0a,0x34,0x0a,0x34,0x0a,
    0x34,0x0a,0x34,0x0a,0x34,0x0a,0x34,0x0a,0x34,0x0a,0x34,0x0a,0x34,0x0a,0x34,0x0a,
    0x34,0x0a,0x34,0x0a,0x34,0x0a,0x34,0x0a,0x34,0x0a,0x34,0x0a,0x34,0x0a,0x34,0x0a,
    0x34,0x0a,0x34,0x0a,0x34,0x0a,0x34,0x0a,0x34,0x0a,0x34,0x0a,0x34,0x0a,0x34,0x0a,
    0x34,0x0a,0x34,0x0a,0x34,0x0a,0x34,0x0a,0x34,0x0a,0x1c,0xe7,0x1c,0xe7,0x1c,0xe7,
    0x1c,0xe7,0x34,0x0a,0x34,0x0a,0x34,0x0a,0x34,0x0a,0x34,0x0a,0x34,0x0a,0x34,0x0a,
    0x34,0x0a,0x34,0x0a,0x34,0x0a,0x34,0x0a,0x34,0x0a,0x34,0x0a,0x34,0x0a,0x34,0x0a,
    0x34,0x0a,0x34,0x0a,0x34,0x0a,0x34,0x0a,0x34,0x0a,0x34,0x0a,0x34,0x0a,0x34,0x0a,
    0x34,0x0a,0x34,0x0a,0x34,0x0a,0x34,0x0a,0x34,0x0a,0x34,0x0a,0x34,0x0a,0x34,0x0a,
    0x34,0x0a,0x34,0x0a,0x34,0x0a,0x34,0x0a,0x34,0x0a,0x34,0x0a,0x34,0x0a,0x1c,0xe7,
    0x1c,0xe7,0x1c,0xe7,0x1c,0xe7,0x34,0x0a,0x34,0x0a,0x34,0x0a,0x34,0x0a,0x34,0x0a,
    0x34,0x0a,0x34,0x0a,0x34,0x0a,0x34,0x0a,0x34,0x0a,0x34,0x0a,0x34,0x0a,0x34,0x0a,
    0x34,0x0a,0x34,0x0a,0x34,0x0a,0x34,0x0a,0x34,0x0a,0x34,0x0a,0x34,0x0a,0x34,0x0a,
    0x34,0x0a,0x34,0x0a,0x34,0x0a,0x34,0x0a,0x34,0x0a,0x34,0x0a,0x34,0x0a,0x34,0x0a,
    0x34,0x0a,0x34,0x0a,0x34,0x0a,0x34,0x0a,0x34,0x0a,0x34,0x0a,0x34,0x0a,0x34,0x0a,
    0x34,0x0a,0x1c,0xe7,0x1c,0xe7,0x1c,0xe7,0x1c,0xe7,0x34,0x0a,0x34,0x0a,0x34,0x0a,
    0x34,0x0a,0x34,0x0a,0x34,0x0a,0x34,0x0a,0x34,0x0a,0x34,0x0a,0x34,0x0a,0x34,0x0a,
    0x34,0x0a,0x34,0x0a,0x34,0x0a,0x34,0x0a,0x34,0x0a,0x34,0x0a,0x34,0x0a,0x34,0x0a,
    0x34,0x0a,0x34,0x0a,0x34,0x0a,0x34,0x0a,0x34,0x0a,0x34,0x0a,0x34,0x0a,0x34,0x0a,
    0x34,0x0a,0x34,0x0a,0x34,0x0a,0x34,0x0a,0x34,0x0a,0x34,0x0a,0x34,0x0a,0x34,0x0a,
    0x34,0x0a,0x34,0x0a,0x34,0x0a,0x1c,0xe7,0x1c,0xe7,0x1c,0xe7,0x1c,0xe7,0x34,0x0a,
    0x34,0x0a,0x34,0x0a,0x34,0x0a,0x34,0x0a,0x34,0x0a,0x34,0x0a,0x34,0x0a,0x34,0x0a,
    0x34,0x0a,0x34,0x0a,0x34,0x0a,0x34,0x0a,0x34,0x0a,0x34,0x0a,0x34,0x0a,0x34,0x0a,
    0x34,0x0a,0x34,0x0a,0x34,0x0a,0x34,0x0a,0x34,0x0a,0x34,0x0a,0x34,0x0a,0x34,0x0a,
    0x34,0x0a,0x34,0x0a,0x34,0x0a,0x34,0x0a,0x34,0x0a,0x34,0x0a,0x34,0x0a,0x34,0x0a,
    0x34,0x0a,0x34,0x0a,0x34,0x0a,0x34,0x0a,0x34,0x0a,0x1c,0xe7,0x1c,0xe7,0x1c,0xe7,
    0x1c,0xe7,0x34,0x0a,0x34,0x0a,0x34,0x0a,0x34,0x0a,0x34,0x0a,0x34,0x0a,0x34,0x0a,
    0x34,0x0a,0x34,0x0a,0x34,0x0a,0x34,0x0a,0x34,0x0a,0x34,0x0a,0x34,0x0a,0x34,0x0a,
    0x34,0x0a,0x34,0x0a,0x34,0x0a,0x34,0x0a,0x34,0x0a,0x34,0x0a,0x34,0x0a,0x34,0x0a,
    0x34,0x0a,0x34,0x0a,0x34,0x0a,0x34,0x0a,0x34,0x0a,0x34,0x0a,0x34,0x0a,0x34,0x0a,
    0x34,0x0a,0x34,0x0a,0x34,0x0a,0x34,0x0a,0x34,0x0a,0x34,0x0a,0x34,0x0a,0x1c,0xe7,
    0x1c,0xe7,0x1c,0xe7,0x1c,0xe7,0x34,0x0a,0x34,0x0a,0x34,0x0a,0x34,0x0a,0x34,0x0a,
    0x34,0x0a,0x34,0x0a,0x34,0x0a,0x34,0x0a,0x34,0x0a,0x34,0x0a,0x34,0x0a,0x34,0x0a,
    0x34,0x0a,0x34,0x0a,0x34,0x0a,0x34,0x0a,0x34,0x0a,0x34,0x0a,0x00,0x00,0x34,0x0a,
    0x34,0x0a,0x34,0x0a,0x34,0x0a,0x34,0x0a,0x34,0x0a,0x34,0x0a,0x34,0x0a,0x34,0x0a,
    0x34,0x0a,0x34,0x0a,0x34,0x0a,0x34,0x0a,0x34,0x0a,0x34,0x0a,0x34,0x0a,0x34,0x0a,
    0x34,0x0a,0x1c,0xe7,0x1c,0xe7,0x1c,0xe7,0x1c,0xe7,0x34,0x0a,0x34,0x0a,0x34,0x0a,
    0x34,0x0a,0x34,0x0a,0x34,0x0a,0x34,0x0a,0x34,0x0a,0x34,0x0a,0x34,0x0a,0x34,0x0a,
    0x34,0x0a,0x34,0x0a,0x34,0x0a,0x34,0x0a,0x34,0x0a,0x34,0x0a,0x34,0x0a,0x00,0x00,
    0x00,0x00,0x34,0x0a,0x34,0x0a,0x34,0x0a,0x34,0x0a,0x34,0x0a,0x34,0x0a,0x34,0x0a,
    0x34,0x0a,0x34,0x0a,0x34,0x0a,0x34,0x0a,0x34,0x0a,0x34,0x0a,0x34,0x0a,0x34,0x0a,
    0x34,0x0a,0x34,0x0a,0x34,0x0a,0x1c,0xe7,0x1c,0xe7,0x1c,0xe7,0x1c,0xe7,0x34,0x0a,
    0x34,0x0a,0x34,0x0a,0x34,0x0a,0x34,0x0a,0x34,0x0a,0x34,0x0a,0x34,0x0a,0x34,0x0a,
    0x34,0x0a,0x34,0x0a,0x34,0x0a,0x34,0x0a,0x34,0x0a,0x34,0x0a,0x34,0x0a,0x34,0x0a,
    0x34,0x0a,0x00,0x00,0x00,0x00,0x34,0x0a,0x34,0x0a,0x34,0x0a,0x34,0x0a,0x34,0x0a,
    0x34,0x0a,0x34,0x0a,0x34,0x0a,0x34,0x0a,0x34,0x0a,0x34,0x0a,0x34,0x0a,0x34,0x0a,
    0x34,0x0a,0x34,0x0a,0x34,0x0a,0x34,0x0a,0x34,0x0a,0x1c,0xe7,0x1c,0xe7,0x1c,0xe7,
    0x1c,0xe7,0x34,0x0a,0x34,0x0a,0x34,0x0a,0x34,0x0a,0x34,0x0a,0x34,0x0a,0x34,0x0a,
    0x34,0x0a,0x34,0x0a,0x34,0x0a,0x34,0x0a,0x34,0x0a,0x34,0x0a,0x34,0x0a,0x34,0x0a,
    0x34,0x0a,0x34,0x0a,0x34,0x0a,0x00,0x00,0x00,0x00,0x00,0x00,0x34,0x0a,0x34,0x0a,
    0x34,0x0a,0x34,0x0a,0x34,0x0a,0x34,0x0a,0x34,0x0a,0x34,0x0a,0x34,0x0a,0x34,0x0a,
    0x34,0x0a,0x34,0x0a,0x34,0x0a,0x34,0x0a,0x34,0x0a,0x34,0x0a,0x34,0x0a,0x1c,0xe7,
    0x1c,0xe7,0x1c,0xe7,0x1c,0xe7,0x34,0x0a,0x34,0x0a,0x34,0x0a,0x34,0x0a,0x34,0x0a,
    0x34,0x0a,0x34,0x0a,0x34,0x0a,0x34,0x0a,0x34,0x0a,0x34,0x0a,0x34,0x0a,0x34,0x0a,
    0x34,0x0a,0x34,0x0a,0x34,0x0a,0x34,0x0a,0x00,0x00,0x00,0x00,0x00,0x00,0x00,0x00,
    0x34,0x0a,0x34,0x0a,0x34,0x0a,0x34,0x0a,0x34,0x0a,0x34,0x0a,0x34,0x0a,0x34,0x0a,
    0x34,0x0a,0x34,0x0a,0x34,0x0a,0x34,0x0a,0x34,0x0a,0x34,0x0a,0x34,0x0a,0x34,0x0a,
    0x34,0x0a,0x1c,0xe7,0x1c,0xe7,0x1c,0xe7,0x1c,0xe7,0x34,0x0a,0x34,0x0a,0x34,0x0a,
    0x34,0x0a,0x34,0x0a,0x34,0x0a,0x34,0x0a,0x34,0x0a,0x34,0x0a,0x34,0x0a,0x34,0x0a,
    0x34,0x0a,0x34,0x0a,0x34,0x0a,0x34,0x0a,0x34,0x0a,0x34,0x0a,0x00,0x00,0x00,0x00,
    0x00,0x00,0x00,0x00,0x00,0x00,0x34,0x0a,0x34,0x0a,0x34,0x0a,0x34,0x0a,0x34,0x0a,
    0x34,0x0a,0x34,0x0a,0x34,0x0a,0x34,0x0a,0x34,0x0a,0x34,0x0a,0x34,0x0a,0x34,0x0a,
    0x34,0x0a,0x34,0x0a,0x34,0x0a,0x34,0x0a,0x34,0x0a,0x34,0x0a,0x34,0x0a,0x34,0x0a,
    0x34,0x0a,0x34,0x0a,0x34,0x0a,0x34,0x0a,0x34,0x0a,0x34,0x0a,0x34,0x0a,0x34,0x0a,
    0x34,0x0a,0x34,0x0a,0x34,0x0a,0x34,0x0a,0x34,0x0a,0x34,0x0a,0x34,0x0a,0x00,0x00,
    0x00,0x00,0x00,0x00,0x00,0x00,0x00,0x00,0x00,0x00,0x34,0x0a,0x34,0x0a,0x34,0x0a,
    0x34,0x0a,0x34,0x0a,0x34,0x0a,0x34,0x0a,0x34,0x0a,0x34,0x0a,0x34,0x0a,0x34,0x0a,
    0x34,0x0a,0x34,0x0a,0x34,0x0a,0x34,0x0a,0x34,0x0a,0x34,0x0a,0x34,0x0a,0x34,0x0a,
    0x34,0x0a,0x34,0x0a,0x34,0x0a,0x34,0x0a,0x34,0x0a,0x34,0x0a,0x34,0x0a,0x34,0x0a,
    0x34,0x0a,0x34,0x0a,0x34,0x0a,0x34,0x0a,0x34,0x0a,0x34,0x0a,0x34,0x0a,0x34,0x0a,
    0x34,0x0a,0x00,0x00,0x00,0x00,0x00,0x00,0x00,0x00,0x00,0x00,0x00,0x00,0x00,0x00,
    0x34,0x0a,0x34,0x0a,0x34,0x0a,0x34,0x0a,0x34,0x0a,0x34,0x0a,0x34,0x0a,0x34,0x0a,
    0x34,0x0a,0x34,0x0a,0x34,0x0a,0x34,0x0a,0x34,0x0a,0x34,0x0a,0x34,0x0a,0x34,0x0a,
    0x34,0x0a,0x34,0x0a,0x34,0x0a,0x34,0x0a,0x34,0x0a,0x34,0x0a,0x34,0x0a,0x34,0x0a,
    0x34,0x0a,0x34,0x0a,0x34,0x0a,0x34,0x0a,0x34,0x0a,0x34,0x0a,0x34,0x0a,0x34,0x0a,
    0x34,0x0a,0x34,0x0a,0x00,0x00,0x00,0x00,0x00,0x00,0x00,0x00,0x00,0x00,0x00,0x00,
    0x00,0x00,0x00,0x00,0x00,0x00,0x34,0x0a,0x34,0x0a,0x34,0x0a,0x34,0x0a,0x34,0x0a,
    0x34,0x0a,0x34,0x0a,0x34,0x0a,0x34,0x0a,0x34,0x0a,0x34,0x0a,0x34,0x0a,0x34,0x0a,
    0x34,0x0a,0x34,0x0a,0x34,0x0a,0x34,0x0a,0x34,0x0a,0x34,0x0a,0x34,0x0a,0x34,0x0a,
    0x34,0x0a,0x34,0x0a,0x34,0x0a,0x34,0x0a,0x34,0x0a,0x34,0x0a,0x34,0x0a,0x34,0x0a,
    0x34,0x0a,0x34,0x0a,0x34,0x0a,0x00,0x00,0x00,0x00,0x00,0x00,0x00,0x00,0x00,0x00,
    0x00,0x00,0x00,0x00,0x00,0x00,0x00,0x00,0x00,0x00,0x00,0x00,0x34,0x0a,0x34,0x0a,
    0x34,0x0a,0x34,0x0a,0x34,0x0a,0x34,0x0a,0x34,0x0a,0x34,0x0a,0x34,0x0a,0x34,0x0a,
    0x34,0x0a,0x34,0x0a,0x34,0x0a,0x34,0x0a,0x34,0x0a,0x34,0x0a,0x34,0x0a,0x34,0x0a,
    0x34,0x0a,0x34,0x0a,0x34,0x0a,0x34,0x0a,0x34,0x0a,0x34,0x0a,0x34,0x0a,0x34,0x0a,
    0x34,0x0a,0x34,0x0a,0x34,0x0a,0x34,0x0a,0x00,0x00,0x00,0x00,0x00,0x00,0x00,0x00,
    0x00,0x00,0x00,0x00,0x00,0x00,0x00,0x00,0x00,0x00,0x00,0x00,0x00,0x00,0x00,0x00,
    0x00,0x00,0x34,0x0a,0x34,0x0a,0x34,0x0a,0x34,0x0a,0x34,0x0a,0x34,0x0a,0x34,0x0a,
    0x34,0x0a,0x34,0x0a,0x34,0x0a,0x34,0x0a,0x34,0x0a,0x34,0x0a,0x34,0x0a,0x34,0x0a,
    0x34,0x0a,0x34,0x0a,0x34,0x0a,0x34,0x0a,0x34,0x0a,0x34,0x0a,0x34,0x0a,0x34,0x0a,
    0x34,0x0a,0x34,0x0a,0x34,0x0a,0x34,0x0a,0x34,0x0a,0x00,0x00,0x00,0x00,0x00,0x00,
    0x00,0x00,0x00,0x00,0x00,0x00,0x00,0x00,0x00,0x00,0x00,0x00,0x00,0x00,0x00,0x00,
    0x00,0x00,0x00,0x00,0x00,0x00,0x00,0x00,0x34,0x0a,0x34,0x0a,0x34,0x0a,0x34,0x0a,
    0x34,0x0a,0x34,0x0a,0x34,0x0a,0x34,0x0a,0x34,0x0a,0x34,0x0a,0x34,0x0a,0x34,0x0a,
    0x34,0x0a,0x34,0x0a,0x34,0x0a,0x34,0x0a,0x34,0x0a,0x34,0x0a,0x34,0x0a,0x34,0x0a,
    0x34,0x0a,0x34,0x0a,0x34,0x0a,0x34,0x0a,0x34,0x0a,0x34,0x0a,0x00,0x00,0x00,0x00,
    0x00,0x00,0x00,0x00,0x00,0x00,0x00,0x00,0x00,0x00,0x00,0x00,0x00,0x00,0x00,0x00,
    0x00,0x00,0x00,0x00,0x00,0x00,0x00,0x00,0x00,0x00,0x00,0x00,0x00,0x00,0x00,0x00,
    0x34,0x0a,0x34,0x0a,0x34,0x0a,0x34,0x0a,0x34,0x0a,0x34,0x0a,0x34,0x0a,0x34,0x0a,
    0x34,0x0a,0x34,0x0a,0x34,0x0a,0x34,0x0a,0x34,0x0a,0x34,0x0a,0x34,0x0a,0x34,0x0a,
    0x34,0x0a,0x34,0x0a,0x34,0x0a,0x34,0x0a,0x34,0x0a,0x34,0x0a,0x00,0x00,0x00,0x00,
    0x00,0x00,0x00,0x00,0x00,0x00,0x00,0x00,0x00,0x00,0x00,0x00,0x00,0x00,0x00,0x00,
    0x00,0x00,0x00,0x00,0x00,0x00,0x00,0x00,0x00,0x00,0x00,0x00,0x00,0x00,0x00,0x00,
    0x00,0x00,0x00,0x00,0x00,0x00,0x00,0x00,0x34,0x0a,0x34,0x0a,0x34,0x0a,0x34,0x0a,
    0x34,0x0a,0x34,0x0a,0x34,0x0a,0x34,0x0a,0x34,0x0a,0x34,0x0a,0x34,0x0a,0x34,0x0a,
    0x34,0x0a,0x34,0x0a,0x34,0x0a,0x34,0x0a,0x34,0x0a,0x34,0x0a,0x00,0x00,0x00,0x00,
    0x00,0x00,0x00,0x00,0x00,0x00,0x00,0x00,0x00,0x00,0x00,0x00,0x00,0x00,0x00,0x00,
    0x00,0x00,0x00,0x00,0x00,0x00,0x00,0x00,0x00,0x00,0x00,0x00,0x00,0x00,0x00,0x00,
    0x00,0x00,0x00,0x00,0x00,0x00,0x00,0x00,0x00,0x00,0x00,0x00,0x00,0x00,0x00,0x00,
    0x00,0x00,0x34,0x0a,0x34,0x0a,0x34,0x0a,0x34,0x0a,0x34,0x0a,0x34,0x0a,0x34,0x0a,
    0x34,0x0a,0x34,0x0a,0x34,0x0a,0x34,0x0a,0x34,0x0a,0x00,0x00,0x00,0x00,0x00,0x00,
    0x00,0x00,0x00,0x00,0x00,0x00,0x00,0x00,0x00,0x00,0x00,0x00,0x00,0x00,0x00,0x00,
    0x00,0x00,0x00,0x00,0x00,0x00,0x00,0x00,0x00,0x00,0x00,0x00,0x00,0x00,0x00,0x00,
    0x00,0x00,0x00,0x00,0x00,0x00,0x00,0x3c,0x80,0xbf,0xcf,0xff,0xff,0xff,0xff,0xcf,
    0xbf,0x80,0x3c,0x00,0x00,0x00,0x00,0x00,0x00,0x00,0x00,0x00,0x00,0x00,0x00,0x00,
    0x00,0x00,0x00,0x00,0x00,0x00,0x00,0x00,0x00,0x00,0x00,0x00,0x00,0x00,0x2d,0x9f,
    0xef,0xff,0xff,0xff,0xff,0xff,0xff,0xff,0xff,0xff,0xff,0xff,0xff,0xef,0x9f,0x2d,
    0x00,0x00,0x00,0x00,0x00,0x00,0x00,0x00,0x00,0x00,0x00,0x00,0x00,0x00,0x00,0x00,
    0x00,0x00,0x00,0x00,0x00,0x00,0x2d,0xbf,0xff,0xff,0xff,0xff,0xff,0xff,0xff,0xff,
    0xff,0xff,0xff,0xff,0xff,0xff,0xff,0xff,0xff,0xff,0xbf,0x2d,0x00,0x00,0x00,0x00,
    0x00,0x00,0x00,0x00,0x00,0x00,0x00,0x00,0x00,0x00,0x00,0x00,0x00,0x00,0x0f,0x8f,
    0xff,0xff,0xff,0xff,0xff,0xff,0xff,0xff,0xff,0xff,0xff,0xff,0xff,0xff,0xff,0xff,
    0xff,0xff,0xff,0xff,0xff,0xff,0x8f,0x0f,0x00,0x00,0x00,0x00,0x00,0x00,0x00,0x00,
    0x00,0x00,0x00,0x00,0x00,0x00,0x00,0x2d,0xcf,0xff,0xff,0xff,0xff,0xff,0xff,0xff,
    0xff,0xff,0xff,0xff,0xff,0xff,0xff,0xff,0xff,0xff,0xff,0xff,0xff,0xff,0xff,0xff,
    0xff,0xcf,0x2d,0x00,0x00,0x00,0x00,0x00,0x00,0x00,0x00,0x00,0x00,0x00,0x00,0x00,
    0x2d,0xef,0xff,0xff,0xff,0xff,0xff,0xff,0xff,0xff,0xff,0xff,0xff,0xff,0xff,0xff,
    0xff,0xff,0xff,0xff,0xff,0xff,0xff,0xff,0xff,0xff,0xff,0xff,0xef,0x2d,0x00,0x00,
    0x00,0x00,0x00,0x00,0x00,0x00,0x00,0x00,0x00,0x2d,0xef,0xff,0xff,0xff,0xff,0xff,
    0xff,0xff,0xff,0xff,0xff,0xff,0xff,0xff,0xff,0xff,0xff,0xff,0xff,0xff,0xff,0xff,
    0xff,0xff,0xff,0xff,0xff,0xff,0xff,0xef,0x2d,0x00,0x00,0x00,0x00,0x00,0x00,0x00,
    0x00,0x00,0x2d,0xef,0xff,0xff,0xff,0xff,0xff,0xff,0xff,0xff,0xff,0xff,0xff,0xff,
    0xff,0xff,0xff,0xff,0xff,0xff,0xff,0xff,0xff,0xff,0xff,0xff,0xff,0xff,0xff,0xff,
    0xff,0xff,0xef,0x2d,0x00,0x00,0x00,0x00,0x00,0x00,0x00,0x0f,0xcf,0xff,0xff,0xff,
    0xff,0xff,0xff,0xff,0xff,0xff,0xff,0xff,0xff,0xff,0xff,0xff,0xff,0xff,0xff,0xff,
    0xff,0xff,0xff,0xff,0xff,0xff,0xff,0xff,0xff,0xff,0xff,0xff,0xff,0xcf,0x0f,0x00,
    0x00,0x00,0x00,0x00,0x00,0x8f,0xff,0xff,0xff,0xff,0xff,0xff,0xff,0xff,0xff,0xff,
    0xff,0xff,0xff,0xff,0xff,0xff,0xff,0xff,0xff,0xff,0xff,0xff,0xff,0xff,0xff,0xff,
    0xff,0xff,0xff,0xff,0xff,0xff,0xff,0xff,0x8f,0x00,0x00,0x00,0x00,0x00,0x2d,0xff,
    0xff,0xff,0xff,0xff,0xff,0xff,0xff,0xff,0xff,0xff,0xff,0xff,0xff,0xff,0xff,0xff,
    0xff,0xff,0xff,0xff,0xff,0xff,0xff,0xff,0xff,0xff,0xff,0xff,0xff,0xff,0xff,0xff,
    0xff,0xff,0xff,0x2d,0x00,0x00,0x00,0x00,0xbf,0xff,0xff,0xff,0xff,0xff,0xff,0xff,
    0xff,0xff,0xff,0xff,0xff,0xff,0xff,0xff,0xff,0xff,0xff,0xff,0xff,0xff,0xff,0xff,
    0xff,0xff,0xff,0xff,0xff,0xff,0xff,0xff,0xff,0xff,0xff,0xff,0xff,0xbf,0x00,0x00,
    0x00,0x2d,0xff,0xff,0xff,0xff,0xff,0xff,0xff,0xff,0xff,0xff,0xff,0xff,0xff,0xff,
    0xff,0xff,0xff,0xff,0xff,0xff,0xff,0xff,0xff,0xff,0xff,0xff,0xff,0xff,0xff,0xff,
    0xff,0xff,0xff,0xff,0xff,0xff,0xff,0xff,0x2d,0x00,0x00,0x9f,0xff,0xff,0xff,0xff,
    0xff,0xff,0xff,0xff,0xff,0xff,0xff,0xff,0xff,0xff,0xff,0xff,0xff,0xff,0xff,0xff,
    0xff,0xff,0xff,0xff,0xff,0xff,0xff,0xff,0xff,0xff,0xff,0xff,0xff,0xff,0xff,0xff,
    0xff,0xff,0x9f,0x00,0x00,0xef,0xff,0xff,0xff,0xff,0xff,0xff,0xff,0xff,0xff,0xff,
    0xff,0xff,0xff,0xff,0xff,0xff,0xff,0xff,0xff,0xff,0xff,0xff,0xff,0xff,0xff,0xff,
    0xff,0xff,0xff,0xff,0xff,0xff,0xff,0xff,0xff,0xff,0xff,0xff,0xef,0x00,0x3c,0xff,
    0xff,0xff,0xff,0xff,0xff,0xff,0xff,0xff,0xff,0xff,0xff,0xff,0xff,0xff,0xff,0xff,
    0xff,0xff,0xff,0xff,0xff,0xff,0xff,0xff,0xff,0xff,0xff,0xff,0xff,0xff,0xff,0xff,
    0xff,0xff,0xff,0xff,0xff,0xff,0xff,0x3c,0x80,0xff,0xff,0xff,0xff,0xff,0xff,0xff,
    0xff,0xff,0xff,0xff,0xff,0xff,0xff,0xff,0xff,0xff,0xff,0xff,0xff,0xff,0xff,0xff,
    0xff,0xff,0xff,0xff,0xff,0xff,0xff,0xff,0xff,0xff,0xff,0xff,0xff,0xff,0xff,0xff,
    0xff,0x80,0xbf,0xff,0xff,0xff,0xff,0xff,0xff,0xff,0xff,0xff,0xff,0xff,0xff,0xff,
    0xff,0xff,0xff,0xff,0xff,0xff,0xff,0xff,0xff,0xff,0xff,0xff,0xff,0xff,0xff,0xff,
    0xff,0xff,0xff,0xff,0xff,0xff,0xff,0xff,0xff,0xff,0xff,0xbf,0xcf,0xff,0xff,0xff,
    0xff,0xff,0xff,0xff,0xff,0xff,0xff,0xff,0xff,0xff,0xff,0xff,0xff,0xff,0xff,0xff,
    0xff,0xff,0xff,0xff,0xff,0xff,0xff,0xff,0xff,0xff,0xff,0xff,0xff,0xff,0xff,0xff,
    0xff,0xff,0xff,0xff,0xff,0xcf,0xff,0xff,0xff,0xff,0xff,0xff,0xff,0xff,0xff,0xff,
    0xff,0xff,0xff,0xff,0xff,0xff,0xff,0xff,0xff,0xff,0xff,0xff,0xff,0xff,0xff,0xff,
    0xff,0xff,0xff,0xff,0xff,0xff,0xff,0xff,0xff,0xff,0xff,0xff,0xff,0xff,0xff,0xff,
    0xff,0xff,0xff,0xff,0xff,0xff,0xff,0xff,0xff,0xff,0xff,0xff,0xff,0xff,0xff,0xff,
    0xff,0xff,0xff,0xff,0xff,0xff,0xff,0xff,0xff,0xff,0xff,0xff,0xff,0xff,0xff,0xff,
    0xff,0xff,0xff,0xff,0xff,0xff,0xff,0xff,0xff,0xff,0xff,0xff,0xff,0xff,0xff,0xff,
    0xff,0xff,0xff,0xff,0xff,0xff,0xff,0xff,0xff,0xff,0xff,0xff,0xff,0xff,0xff,0xff,
    0xff,0xff,0xff,0xff,0xff,0xff,0xff,0xff,0xff,0xff,0xff,0xff,0xff,0xff,0xff,0xff,
    0xff,0xff,0xff,0xff,0xff,0xff,0xff,0xff,0xff,0xff,0xff,0xff,0xff,0xff,0xff,0xff,
    0xff,0xff,0xff,0xff,0xff,0xff,0xff,0xff,0xff,0xff,0xff,0xff,0xff,0xff,0xff,0xff,
    0xff,0xff,0xff,0xff,0xff,0xff,0xff,0xff,0xff,0xff,0xff,0xff,0xff,0xff,0xcf,0xff,
    0xff,0xff,0xff,0xff,0xff,0xff,0xff,0xff,0xff,0xff,0xff,0xff,0xff,0xff,0xff,0xff,
    0xff,0xff,0xff,0xff,0xff,0xff,0xff,0xff,0xff,0xff,0xff,0xff,0xff,0xff,0xff,0xff,
    0xff,0xff,0xff,0xff,0xff,0xff,0xff,0xcf,0xbf,0xff,0xff,0xff,0xff,0xff,0xff,0xff,
    0xff,0xff,0xff,0xff,0xff,0xff,0xff,0xff,0xff,0xff,0xff,0xff,0xff,0xff,0xff,0xff,
    0xff,0xff,0xff,0xff,0xff,0xff,0xff,0xff,0xff,0xff,0xff,0xff,0xff,0xff,0xff,0xff,
    0xff,0xbf,0x80,0xff,0xff,0xff,0xff,0xff,0xff,0xff,0xff,0xff,0xff,0xff,0xff,0xff,
    0xff,0xff,0xff,0xff,0xff,0xff,0xff,0xff,0xff,0xff,0xff,0xff,0xff,0xff,0xff,0xff,
    0xff,0xff,0xff,0xff,0xff,0xff,0xff,0xff,0xff,0xff,0xff,0x80,0x3c,0xff,0xff,0xff,
    0xff,0xff,0xff,0xff,0xff,0xff,0xff,0xff,0xff,0xff,0xff,0xff,0xff,0xff,0xff,0xff,
    0xff,0xff,0xff,0xff,0xff,0xff,0xff,0xff,0xff,0xff,0xff,0xff,0xff,0xff,0xff,0xff,
    0xff,0xff,0xff,0xff,0xff,0x3c,0x00,0xef,0xff,0xff,0xff,0xff,0xff,0xff,0xff,0xff,
    0xff,0xff,0xff,0xff,0xff,0xff,0xff,0xff,0xff,0xff,0xff,0xff,0xff,0xff,0xff,0xff,
    0xff,0xff,0xff,0xff,0xff,0xff,0xff,0xff,0xff,0xff,0xff,0xff,0xff,0xff,0xef,0x00,
    0x00,0x9f,0xff,0xff,0xff,0xff,0xff,0xff,0xff,0xff,0xff,0xff,0xff,0xff,0xff,0xff,
    0xff,0xff,0xff,0xff,0xff,0xff,0xff,0xff,0xff,0xff,0xff,0xff,0xff,0xff,0xff,0xff,
    0xff,0xff,0xff,0xff,0xff,0xff,0xff,0xff,0x9f,0x00,0x00,0x2d,0xff,0xff,0xff,0xff,
    0xff,0xff,0xff,0xff,0xff,0xff,0xff,0xff,0xff,0xff,0xff,0xff,0xff,0xff,0xff,0xff,
    0xff,0xff,0xff,0xff,0xff,0xff,0xff,0xff,0xff,0xff,0xff,0xff,0xff,0xff,0xff,0xff,
    0xff,0xff,0x2d,0x00,0x00,0x00,0xbf,0xff,0xff,0xff,0xff,0xff,0xff,0xff,0xff,0xff,
    0xff,0xff,0xff,0xff,0xff,0xff,0xff,0xff,0xff,0xff,0xff,0xff,0xff,0xff,0xff,0xff,
    0xff,0xff,0xff,0xff,0xff,0xff,0xff,0xff,0xff,0xff,0xff,0xbf,0x00,0x00,0x00,0x00,
    0x2d,0xff,0xff,0xff,0xff,0xff,0xff,0xff,0xff,0xff,0xff,0xff,0xff,0xff,0xff,0xff,
    0xff,0xff,0xff,0xff,0xff,0xff,0xff,0xff,0xff,0xff,0xff,0xff,0xff,0xff,0xff,0xff,
    0xff,0xff,0xff,0xff,0xff,0x2d,0x00,0x00,0x00,0x00,0x00,0x8f,0xff,0xff,0xff,0xff,
    0xff,0xff,0xff,0xff,0xff,0xff,0xff,0xff,0xff,0xff,0xff,0xff,0xff,0xff,0xff,0xff,
    0xff,0xff,0xff,0xff,0xff,0xff,0xff,0xff,0xff,0xff,0xff,0xff,0xff,0xff,0x8f,0x00,
    0x00,0x00,0x00,0x00,0x00,0x0f,0xcf,0xff,0xff,0xff,0xff,0xff,0xff,0xff,0xff,0xff,
    0xff,0xff,0xff,0xff,0xff,0xff,0xff,0xff,0xff,0xff,0xff,0xff,0xff,0xff,0xff,0xff,
    0xff,0xff,0xff,0xff,0xff,0xff,0xff,0xcf,0x0f,0x00,0x00,0x00,0x00,0x00,0x00,0x00,
    0x2d,0xef,0xff,0xff,0xff,0xff,0xff,0xff,0xff,0xff,0xff,0xff,0xff,0xff,0xff,0xff,
    0xff,0xff,0xff,0xff,0xff,0xff,0xff,0xff,0xff,0xff,0xff,0xff,0xff,0xff,0xff,0xff,
    0xef,0x2d,0x00,0x00,0x00,0x00,0x00,0x00,0x00,0x00,0x00,0x2d,0xef,0xff,0xff,0xff,
    0xff,0xff,0xff,0xff,0xff,0xff,0xff,0xff,0xff,0xff,0xff,0xff,0xff,0xff,0xff,0xff,
    0xff,0xff,0xff,0xff,0xff,0xff,0xff,0xff,0xff,0xef,0x2d,0x00,0x00,0x00,0x00,0x00,
    0x00,0x00,0x00,0x00,0x00,0x00,0x2d,0xef,0xff,0xff,0xff,0xff,0xff,0xff,0xff,0xff,
    0xff,0xff,0xff,0xff,0xff,0xff,0xff,0xff,0xff,0xff,0xff,0xff,0xff,0xff,0xff,0xff,
    0xff,0xff,0xef,0x2d,0x00,0x00,0x00,0x00,0x00,0x00,0x00,0x00,0x00,0x00,0x00,0x00,
    0x00,0x2d,0xcf,0xff,0xff,0xff,0xff,0xff,0xff,0xff,0xff,0xff,0xff,0xff,0xff,0xff,
    0xff,0xff,0xff,0xff,0xff,0xff,0xff,0xff,0xff,0xff,0xff,0xcf,0x2d,0x00,0x00,0x00,
    0x00,0x00,0x00,0x00,0x00,0x00,0x00,0x00,0x00,0x00,0x00,0x00,0x0f,0x8f,0xff,0xff,
    0xff,0xff,0xff,0xff,0xff,0xff,0xff,0xff,0xff,0xff,0xff,0xff,0xff,0xff,0xff,0xff,
    0xff,0xff,0xff,0xff,0x8f,0x0f,0x00,0x00,0x00,0x00,0x00,0x00,0x00,0x00,0x00,0x00,
    0x00,0x00,0x00,0x00,0x00,0x00,0x00,0x00,0x2d,0xbf,0xff,0xff,0xff,0xff,0xff,0xff,
    0xff,0xff,0xff,0xff,0xff,0xff,0xff,0xff,0xff,0xff,0xff,0xff,0xbf,0x2d,0x00,0x00,
    0x00,0x00,0x00,0x00,0x00,0x00,0x00,0x00,0x00,0x00,0x00,0x00,0x00,0x00,0x00,0x00,
    0x00,0x00,0x00,0x00,0x2d,0x9f,0xef,0xff,0xff,0xff,0xff,0xff,0xff,0xff,0xff,0xff,
    0xff,0xff,0xff,0xef,0x9f,0x2d,0x00,0x00,0x00,0x00,0x00,0x00,0x00,0x00,0x00,0x00,
    0x00,0x00,0x00,0x00,0x00,0x00,0x00,0x00,0x00,0x00,0x00,0x00,0x00,0x00,0x00,0x00,
    0x00,0x3c,0x80,0xbf,0xcf,0xff,0xff,0xff,0xff,0xcf,0xbf,0x80,0x3c,0x00,0x00,0x00,
    0x00,0x00,0x00,0x00,0x00,0x00,0x00,0x00,0x00,0x00,0x00,0x00,
};

const lv_image_dsc_t icon_notification = {
    .header = {
        .magic = LV_IMAGE_HEADER_MAGIC,
        .cf = LV_COLOR_FORMAT_RGB565A8,
        .flags = 0,
        .w = 42,
        .h = 42,
        .stride = 84,
        .reserved_2 = 0,
    },
    .data_size = sizeof(icon_notification_map),
    .data = icon_notification_map,
    .reserved = NULL,
    .reserved_2 = NULL,
};

// Converted from Percentage.png (42x42, RGB565A8: RGB565 plane + A8 alpha plane)
static const uint8_t icon_percentage_map[] = {
    0x00,0x00,0x00,0x00,0x00,0x00,0x00,0x00,0x00,0x00,0x00,0x00,0x00,0x00,0x00,0x00,
    0x00,0x00,0x00,0x00,0x00,0x00,0x00,0x00,0x00,0x00,0x00,0x00,0x00,0x00,0x0c,0x03,
    0x0c,0x03,0x0c,0x03,0x0c,0x03,0x0c,0x03,0x0c,0x03,0x0c,0x03,0x0c,0x03,0x0c,0x03,
    0x0c,0x03,0x0c,0x03,0x0c,0x03,0x00,0x00,0x00,0x00,0x00,0x00,0x00,0x00,0x00,0x00,
    0x00,0x00,0x00,0x00,0x00,0x00,0x00,0x00,0x00,0x00,0x00,0x00,0x00,0x00,0x00,0x00,
    0x00,0x00,0x00,0x00,0x00,0x00,0x00,0x00,0x00,0x00,0x00,0x00,0x00,0x00,0x00,0x00,
    0x00,0x00,0x00,0x00,0x00,0x00,0x00,0x00,0x00,0x00,0x00,0x00,0x0c,0x03,0x0c,0x03,
    0x0c,0x03,0x0c,0x03,0x0c,0x03,0x0c,0x03,0x0c,0x03,0x0c,0x03,0x0c,0x03,0x0c,0x03,
    0x0c,0x03,0x0c,0x03,0x0c,0x03,0x0c,0x03,0x0c,0x03,0x0c,0x03,0x0c,0x03,0x0c,0x03,
    0x00,0x00,0x00,0x00,0x00,0x00,0x00,0x00,0x00,0x00,0x00,0x00,0x00,0x00,0x00,0x00,
    0x00,0x00,0x00,0x00,0x00,0x00,0x00,0x00,0x00,0x00,0x00,0x00,0x00,0x00,0x00,0x00,
    0x00,0x00,0x00,0x00,0x00,0x00,0x00,0x00,0x00,0x00,0x00,0x00,0x0c,0x03,0x0c,0x03,
    0x0c,0x03,0x0c,0x03,0x0c,0x03,0x0c,0x03,0x0c,0x03,0x0c,0x03,0x0c,0x03,0x0c,0x03,
    0x0c,0x03,0x0c,0x03,0x0c,0x03,0x0c,0x03,0x0c,0x03,0x0c,0x03,0x0c,0x03,0x0c,0x03,
    0x0c,0x03,0x0c,0x03,0x0c,0x03,0x0c,0x03,0x00,0x00,0x00,0x00,0x00,0x00,0x00,0x00,
    0x00,0x00,0x00,0x00,0x00,0x00,0x00,0x00,0x00,0x00,0x00,0x00,0x00,0x00,0x00,0x00,
    0x00,0x00,0x00,0x00,0x00,0x00,0x00,0x00,0x00,0x00,0x00,0x00,0x0c,0x03,0x0c,0x03,
    0x0c,0x03,0x0c,0x03,0x0c,0x03,0x0c,0x03,0x0c,0x03,0x0c,0x03,0x0c,0x03,0x0c,0x03,
    0x0c,0x03,0x0c,0x03,0x0c,0x03,0x0c,0x03,0x0c,0x03,0x0c,0x03,0x0c,0x03,0x0c,0x03,
    0x0c,0x03,0x0c,0x03,0x0c,0x03,0x0c,0x03,0x0c,0x03,0x0c,0x03,0x0c,0x03,0x0c,0x03,
    0x00,0x00,0x00,0x00,0x00,0x00,0x00,0x00,0x00,0x00,0x00,0x00,0x00,0x00,0x00,0x00,
    0x00,0x00,0x00,0x00,0x00,0x00,0x00,0x00,0x00,0x00,0x00,0x00,0x00,0x00,0x0c,0x03,
    0x0c,0x03,0x0c,0x03,0x0c,0x03,0x0c,0x03,0x0c,0x03,0x0c,0x03,0x0c,0x03,0x0c,0x03,
    0x0c,0x03,0x0c,0x03,0x0c,0x03,0x0c,0x03,0x0c,0x03,0x0c,0x03,0x0c,0x03,0x0c,0x03,
    0x0c,0x03,0x0c,0x03,0x0c,0x03,0x0c,0x03,0x0c,0x03,0x0c,0x03,0x0c,0x03,0x0c,0x03,
    0x0c,0x03,0x0c,0x03,0x0c,0x03,0x00,0x00,0x00,0x00,0x00,0x00,0x00,0x00,0x00,0x00,
    0x00,0x00,0x00,0x00,0x00,0x00,0x00,0x00,0x00,0x00,0x00,0x00,0x00,0x00,0x00,0x00,
    0x0c,0x03,0x0c,0x03,0x0c,0x03,0x0c,0x03,0x0c,0x03,0x0c,0x03,0x0c,0x03,0x0c,0x03,
    0x0c,0x03,0x0c,0x03,0x0c,0x03,0x0c,0x03,0x0c,0x03,0x0c,0x03,0x0c,0x03,0x0c,0x03,
    0x0c,0x03,0x0c,0x03,0x0c,0x03,0x0c,0x03,0x0c,0x03,0x0c,0x03,0x0c,0x03,0x0c,0x03,
    0x0c,0x03,0x0c,0x03,0x0c,0x03,0x0c,0x03,0x0c,0x03,0x0c,0x03,0x00,0x00,0x00,0x00,
    0x00,0x00,0x00,0x00,0x00,0x00,0x00,0x00,0x00,0x00,0x00,0x00,0x00,0x00,0x00,0x00,
    0x00,0x00,0x0c,0x03,0x0c,0x03,0x0c,0x03,0x0c,0x03,0x0c,0x03,0x0c,0x03,0x0c,0x03,
    0x0c,0x03,0x0c,0x03,0x0c,0x03,0x0c,0x03,0x0c,0x03,0x0c,0x03,0x0c,0x03,0x0c,0x03,
    0x0c,0x03,0x0c,0x03,0x0c,0x03,0x0c,0x03,0x0c,0x03,0x0c,0x03,0x0c,0x03,0x0c,0x03,
    0x0c,0x03,0x0c,0x03,0x0c,0x03,0x0c,0x03,0x0c,0x03,0x0c,0x03,0x0c,0x03,0x0c,0x03,
    0x0c,0x03,0x00,0x00,0x00,0x00,0x00,0x00,0x00,0x00,0x00,0x00,0x00,0x00,0x00,0x00,
    0x00,0x00,0x00,0x00,0x0c,0x03,0x0c,0x03,0x0c,0x03,0x0c,0x03,0x0c,0x03,0x0c,0x03,
    0x0c,0x03,0x0c,0x03,0x0c,0x03,0x0c,0x03,0x0c,0x03,0x0c,0x03,0x0c,0x03,0x0c,0x03,
    0x0c,0x03,0x0c,0x03,0x0c,0x03,0x0c,0x03,0x0c,0x03,0x0c,0x03,0x0c,0x03,0x0c,0x03,
    0x0c,0x03,0x0c,0x03,0x0c,0x03,0x0c,0x03,0x0c,0x03,0x0c,0x03,0x0c,0x03,0x0c,0x03,
    0x0c,0x03,0x0c,0x03,0x0c,0x03,0x0c,0x03,0x00,0x00,0x00,0x00,0x00,0x00,0x00,0x00,
    0x00,0x00,0x00,0x00,0x00,0x00,0x0c,0x03,0x0c,0x03,0x0c,0x03,0x0c,0x03,0x0c,0x03,
    0x0c,0x03,0x0c,0x03,0x0c,0x03,0x0c,0x03,0x0c,0x03,0x0c,0x03,0x0c,0x03,0x0c,0x03,
    0x0c,0x03,0x0c,0x03,0x0c,0x03,0x0c,0x03,0x0c,0x03,0x0c,0x03,0x0c,0x03,0x0c,0x03,
    0x0c,0x03,0x0c,0x03,0x0c,0x03,0x0c,0x03,0x0c,0x03,0x0c,0x03,0x0c,0x03,0x0c,0x03,
    0x0c,0x03,0x0c,0x03,0x0c,0x03,0x0c,0x03,0x0c,0x03,0x0c,0x03,0x0c,0x03,0x00,0x00,
    0x00,0x00,0x00,0x00,0x00,0x00,0x00,0x00,0x00,0x00,0x0c,0x03,0x0c,0x03,0x0c,0x03,
    0x0c,0x03,0x0c,0x03,0x0c,0x03,0x0c,0x03,0x0c,0x03,0x0c,0x03,0x0c,0x03,0x0c,0x03,
    0x0c,0x03,0x0c,0x03,0x0c,0x03,0x0c,0x03,0x0c,0x03,0x0c,0x03,0x0c,0x03,0x0c,0x03,
    0x0c,0x03,0x0c,0x03,0x0c,0x03,0x0c,0x03,0x0c,0x03,0x0c,0x03,0x0c,0x03,0x0c,0x03,
    0x0c,0x03,0x0c,0x03,0x0c,0x03,0x0c,0x03,0x0c,0x03,0x0c,0x03,0x0c,0x03,0x0c,0x03,
    0x0c,0x03,0x00,0x00,0x00,0x00,0x00,0x00,0x00,0x00,0x00,0x00,0x0c,0x03,0x0c,0x03,
    0x0c,0x03,0x0c,0x03,0x0c,0x03,0x0c,0x03,0x0c,0x03,0x0c,0x03,0x0c,0x03,0x0c,0x03,
    0x0c,0x03,0x0c,0x03,0xd3,0x64,0x39,0xb6,0xf7,0xa5,0x8e,0x23,0x0c,0x03,0x0c,0x03,
    0x0c,0x03,0x0c,0x03,0x0c,0x03,0x0c,0x03,0x0c,0x03,0x0c,0x03,0x0c,0x03,0x0c,0x03,
    0x0c,0x03,0x0c,0x03,0x0c,0x03,0x8e,0x1b,0x0c,0x03,0x0c,0x03,0x0c,0x03,0x0c,0x03,
    0x0c,0x03,0x0c,0x03,0x0c,0x03,0x0c,0x03,0x00,0x00,0x00,0x00,0x00,0x00,0x00,0x00,
    0x0c,0x03,0x0c,0x03,0x0c,0x03,0x0c,0x03,0x0c,0x03,0x0c,0x03,0x0c,0x03,0x0c,0x03,
    0x0c,0x03,0x0c,0x03,0x6e,0x1b,0x1c,0xe7,0x1c,0xe7,0x1c,0xe7,0x1c,0xe7,0x1c,0xe7,
    0x9a,0xc6,0x0c,0x03,0x0c,0x03,0x0c,0x03,0x0c,0x03,0x0c,0x03,0x0c,0x03,0x0c,0x03,
    0x0c,0x03,0x0c,0x03,0x0c,0x03,0x0c,0x03,0x1c,0xe7,0x1c,0xe7,0x8e,0x23,0x0c,0x03,
    0x0c,0x03,0x0c,0x03,0x0c,0x03,0x0c,0x03,0x0c,0x03,0x0c,0x03,0x00,0x00,0x00,0x00,
    0x00,0x00,0x0c,0x03,0x0c,0x03,0x0c,0x03,0x0c,0x03,0x0c,0x03,0x0c,0x03,0x0c,0x03,
    0x0c,0x03,0x0c,0x03,0x0c,0x03,0x0c,0x03,0x1c,0xe7,0x1c,0xe7,0x1c,0xe7,0xf7,0xa5,
    0xba,0xce,0x1c,0xe7,0x1c,0xe7,0xb7,0x95,0x0c,0x03,0x0c,0x03,0x0c,0x03,0x0c,0x03,
    0x0c,0x03,0x0c,0x03,0x0c,0x03,0x0c,0x03,0x0c,0x03,0x1c,0xe7,0x1c,0xe7,0x1c,0xe7,
    0x0c,0x03,0x0c,0x03,0x0c,0x03,0x0c,0x03,0x0c,0x03,0x0c,0x03,0x0c,0x03,0x0c,0x03,
    0x0c,0x03,0x00,0x00,0x00,0x00,0x0c,0x03,0x0c,0x03,0x0c,0x03,0x0c,0x03,0x0c,0x03,
    0x0c,0x03,0x0c,0x03,0x0c,0x03,0x0c,0x03,0x0c,0x03,0xf4,0x6c,0x1c,0xe7,0x1c,0xe7,
    0x0c,0x03,0x0c,0x03,0x0c,0x03,0xb3,0x5c,0x1c,0xe7,0x1c,0xe7,0x0c,0x03,0x0c,0x03,
    0x0c,0x03,0x0c,0x03,0x0c,0x03,0x0c,0x03,0x0c,0x03,0x2d,0x0b,0x1c,0xe7,0x1c,0xe7,
    0x1c,0xe7,0x0c,0x03,0x0c,0x03,0x0c,0x03,0x0c,0x03,0x0c,0x03,0x0c,0x03,0x0c,0x03,
    0x0c,0x03,0x0c,0x03,0x0c,0x03,0x00,0x00,0x00,0x00,0x0c,0x03,0x0c,0x03,0x0c,0x03,
    0x0c,0x03,0x0c,0x03,0x0c,0x03,0x0c,0x03,0x0c,0x03,0x0c,0x03,0x0c,0x03,0x59,0xbe,
    0x1c,0xe7,0xd7,0x9d,0x0c,0x03,0x0c,0x03,0x0c,0x03,0x0c,0x03,0x1c,0xe7,0x1c,0xe7,
    0x0c,0x03,0x0c,0x03,0x0c,0x03,0x0c,0x03,0x0c,0x03,0x0c,0x03,0x2d,0x0b,0x1c,0xe7,
    0x1c,0xe7,0x1c,0xe7,0x0c,0x03,0x0c,0x03,0x0c,0x03,0x0c,0x03,0x0c,0x03,0x0c,0x03,
    0x0c,0x03,0x0c,0x03,0x0c,0x03,0x0c,0x03,0x0c,0x03,0x00,0x00,0x0c,0x03,0x0c,0x03,
    0x0c,0x03,0x0c,0x03,0x0c,0x03,0x0c,0x03,0x0c,0x03,0x0c,0x03,0x0c,0x03,0x0c,0x03,
    0x0c,0x03,0xf7,0xa5,0x1c,0xe7,0x9a,0xc6,0x0c,0x03,0x0c,0x03,0x0c,0x03,0x0c,0x03,
    0x1c,0xe7,0x1c,0xe7,0x0c,0x03,0x0c,0x03,0x0c,0x03,0x0c,0x03,0x0c,0x03,0x0c,0x03,
    0x1c,0xe7,0x1c,0xe7,0x1c,0xe7,0x0c,0x03,0x0c,0x03,0x0c,0x03,0x0c,0x03,0x0c,0x03,
    0x0c,0x03,0x0c,0x03,0x0c,0x03,0x0c,0x03,0x0c,0x03,0x0c,0x03,0x0c,0x03,0x0c,0x03,
    0x0c,0x03,0x0c,0x03,0x0c,0x03,0x0c,0x03,0x0c,0x03,0x0c,0x03,0x0c,0x03,0x0c,0x03,
    0x0c,0x03,0x0c,0x03,0x0c,0x03,0xaf,0x2b,0x1c,0xe7,0x1c,0xe7,0x92,0x5c,0x0c,0x03,
    0x0c,0x03,0xdb,0xd6,0x1c,0xe7,0x1c,0xdf,0x0c,0x03,0x0c,0x03,0x0c,0x03,0x0c,0x03,
    0x2d,0x0b,0x1c,0xe7,0x1c,0xe7,0x1c,0xe7,0x0c,0x03,0x0c,0x03,0x0c,0x03,0x0c,0x03,
    0x0c,0x03,0x0c,0x03,0x0c,0x03,0x0c,0x03,0x0c,0x03,0x0c,0x03,0x0c,0x03,0x0c,0x03,
    0x0c,0x03,0x0c,0x03,0x0c,0x03,0x0c,0x03,0x0c,0x03,0x0c,0x03,0x0c,0x03,0x0c,0x03,
    0x0c,0x03,0x0c,0x03,0x0c,0x03,0x0c,0x03,0x0c,0x03,0x0c,0x03,0x7a,0xc6,0x1c,0xe7,
    0x1c,0xe7,0x1c,0xe7,0x1c,0xe7,0x1c,0xe7,0x1c,0xe7,0x6e,0x1b,0x0c,0x03,0x0c,0x03,
    0x0c,0x03,0x2d,0x0b,0x1c,0xe7,0x1c,0xe7,0x1c,0xe7,0x0c,0x03,0x0c,0x03,0x0c,0x03,
    0x0c,0x03,0x0c,0x03,0x0c,0x03,0x0c,0x03,0x0c,0x03,0x0c,0x03,0x0c,0x03,0x0c,0x03,
    0x0c,0x03,0x0c,0x03,0x0c,0x03,0x0c,0x03,0x0c,0x03,0x0c,0x03,0x0c,0x03,0x0c,0x03,
    0x0c,0x03,0x0c,0x03,0x0c,0x03,0x0c,0x03,0x0c,0x03,0x0c,0x03,0x0c,0x03,0x0c,0x03,
    0x0c,0x03,0xd7,0x9d,0x1c,0xe7,0x1c,0xe7,0x1c,0xe7,0x1c,0xdf,0x6e,0x1b,0x0c,0x03,
    0x0c,0x03,0x0c,0x03,0x2d,0x0b,0x1c,0xe7,0x1c,0xe7,0x1c,0xe7,0x0c,0x03,0x0c,0x03,
    0x0c,0x03,0x0c,0x03,0x0c,0x03,0x0c,0x03,0x0c,0x03,0x0c,0x03,0x0c,0x03,0x0c,0x03,
    0x0c,0x03,0x0c,0x03,0x0c,0x03,0x0c,0x03,0x0c,0x03,0x0c,0x03,0x0c,0x03,0x0c,0x03,
    0x0c,0x03,0x0c,0x03,0x0c,0x03,0x0c,0x03,0x0c,0x03,0x0c,0x03,0x0c,0x03,0x0c,0x03,
    0x0c,0x03,0x0c,0x03,0x0c,0x03,0x0c,0x03,0x0c,0x03,0x0c,0x03,0x0c,0x03,0x0c,0x03,
    0x0c,0x03,0x0c,0x03,0x0c,0x03,0x2d,0x0b,0x1c,0xe7,0x1c,0xe7,0x1c,0xe7,0x0c,0x03,
    0x0c,0x03,0x0c,0x03,0x0c,0x03,0x0c,0x03,0x0c,0x03,0x0c,0x03,0x0c,0x03,0x0c,0x03,
    0x0c,0x03,0x0c,0x03,0x0c,0x03,0x0c,0x03,0x0c,0x03,0x0c,0x03,0x0c,0x03,0x0c,0x03,
    0x0c,0x03,0x0c,0x03,0x0c,0x03,0x0c,0x03,0x0c,0x03,0x0c,0x03,0x0c,0x03,0x0c,0x03,
    0x0c,0x03,0x0c,0x03,0x0c,0x03,0x0c,0x03,0x0c,0x03,0x0c,0x03,0x0c,0x03,0x0c,0x03,
    0x0c,0x03,0x0c,0x03,0x0c,0x03,0x0c,0x03,0x2d,0x0b,0x1c,0xe7,0x1c,0xe7,0x1c,0xe7,
    0x0c,0x03,0x0c,0x03,0x0c,0x03,0x0c,0x03,0x0c,0x03,0x0c,0x03,0x0c,0x03,0x0c,0x03,
    0x0c,0x03,0x0c,0x03,0x0c,0x03,0x0c,0x03,0x0c,0x03,0x0c,0x03,0x0c,0x03,0x0c,0x03,
    0x0c,0x03,0x0c,0x03,0x0c,0x03,0x0c,0x03,0x0c,0x03,0x0c,0x03,0x0c,0x03,0x0c,0x03,
    0x0c,0x03,0x0c,0x03,0x0c,0x03,0x0c,0x03,0x0c,0x03,0x0c,0x03,0x0c,0x03,0x0c,0x03,
    0x0c,0x03,0x0c,0x03,0x0c,0x03,0x0c,0x03,0x0c,0x03,0x2d,0x0b,0x1c,0xe7,0x1c,0xe7,
    0x1c,0xe7,0x0c,0x03,0x0c,0x03,0x0c,0x03,0x0c,0x03,0x0c,0x03,0x0c,0x03,0x0c,0x03,
    0x0c,0x03,0x0c,0x03,0x0c,0x03,0x0c,0x03,0x0c,0x03,0x0c,0x03,0x0c,0x03,0x0c,0x03,
    0x0c,0x03,0x0c,0x03,0x0c,0x03,0x0c,0x03,0x0c,0x03,0x0c,0x03,0x0c,0x03,0x0c,0x03,
    0x0c,0x03,0x0c,0x03,0x0c,0x03,0x0c,0x03,0x0c,0x03,0x0c,0x03,0x0c,0x03,0x0c,0x03,
    0x0c,0x03,0x0c,0x03,0x0c,0x03,0x0c,0x03,0x0c,0x03,0x0c,0x03,0x2d,0x0b,0x1c,0xe7,
    0x1c,0xe7,0x1c,0xe7,0x0c,0x03,0x0c,0x03,0x0c,0x03,0x0c,0x03,0x0c,0x03,0x0c,0x03,
    0x0c,0x03,0x0c,0x03,0x0c,0x03,0x0c,0x03,0x0c,0x03,0x0c,0x03,0x0c,0x03,0x0c,0x03,
    0x0c,0x03,0x0c,0x03,0x0c,0x03,0x0c,0x03,0x0c,0x03,0x0c,0x03,0x0c,0x03,0x0c,0x03,
    0x0c,0x03,0x0c,0x03,0x0c,0x03,0x0c,0x03,0x0c,0x03,0x0c,0x03,0x0c,0x03,0x0c,0x03,
    0x0c,0x03,0x0c,0x03,0x0c,0x03,0x0c,0x03,0x0c,0x03,0x0c,0x03,0x0c,0x03,0x2d,0x0b,
    0x1c,0xe7,0x1c,0xe7,0x1c,0xe7,0x0c,0x03,0x0c,0x03,0x0c,0x03,0x0c,0x03,0xaf,0x2b,
    0x1c,0xe7,0x1c,0xe7,0x1c,0xe7,0x1c,0xe7,0xf7,0x9d,0x0c,0x03,0x0c,0x03,0x0c,0x03,
    0x0c,0x03,0x0c,0x03,0x0c,0x03,0x0c,0x03,0x0c,0x03,0x0c,0x03,0x0c,0x03,0x0c,0x03,
    0x0c,0x03,0x0c,0x03,0x0c,0x03,0x0c,0x03,0x0c,0x03,0x0c,0x03,0x0c,0x03,0x0c,0x03,
    0x0c,0x03,0x0c,0x03,0x0c,0x03,0x0c,0x03,0x0c,0x03,0x0c,0x03,0x0c,0x03,0x0c,0x03,
    0x2d,0x0b,0x1c,0xe7,0x1c,0xe7,0x1c,0xe7,0x0c,0x03,0x0c,0x03,0x0c,0x03,0x0c,0x03,
    0xaf,0x2b,0x1c,0xe7,0x1c,0xe7,0x1c,0xe7,0x1c,0xe7,0x1c,0xe7,0x1c,0xe7,0x79,0xbe,
    0x0c,0x03,0x0c,0x03,0x0c,0x03,0x0c,0x03,0x0c,0x03,0x0c,0x03,0x0c,0x03,0x0c,0x03,
    0x0c,0x03,0x0c,0x03,0x0c,0x03,0x0c,0x03,0x0c,0x03,0x0c,0x03,0x0c,0x03,0x0c,0x03,
    0x0c,0x03,0x0c,0x03,0x0c,0x03,0x0c,0x03,0x0c,0x03,0x0c,0x03,0x0c,0x03,0x0c,0x03,
    0x0c,0x03,0x0c,0x03,0x1c,0xe7,0x1c,0xe7,0x1c,0xe7,0x0c,0x03,0x0c,0x03,0x0c,0x03,
    0x0c,0x03,0x0c,0x03,0x1c,0xe7,0x1c,0xe7,0xbb,0xce,0x0c,0x03,0x0c,0x03,0x72,0x54,
    0x1c,0xe7,0x1c,0xe7,0xaf,0x23,0x0c,0x03,0x0c,0x03,0x0c,0x03,0x0c,0x03,0x0c,0x03,
    0x0c,0x03,0x0c,0x03,0x0c,0x03,0x0c,0x03,0x0c,0x03,0x0c,0x03,0x0c,0x03,0x0c,0x03,
    0x0c,0x03,0x0c,0x03,0x0c,0x03,0x0c,0x03,0x0c,0x03,0x0c,0x03,0x0c,0x03,0x0c,0x03,
    0x0c,0x03,0x0c,0x03,0x2d,0x0b,0x1c,0xe7,0x1c,0xe7,0x1c,0xe7,0x0c,0x03,0x0c,0x03,
    0x0c,0x03,0x0c,0x03,0x0c,0x03,0x0c,0x03,0x1c,0xe7,0x1c,0xe7,0x0c,0x03,0x0c,0x03,
    0x0c,0x03,0x0c,0x03,0xba,0xce,0x1c,0xe7,0xd7,0x9d,0x0c,0x03,0x0c,0x03,0x0c,0x03,
    0x0c,0x03,0x0c,0x03,0x0c,0x03,0x0c,0x03,0x0c,0x03,0x0c,0x03,0x00,0x00,0x0c,0x03,
    0x0c,0x03,0x0c,0x03,0x0c,0x03,0x0c,0x03,0x0c,0x03,0x0c,0x03,0x0c,0x03,0x0c,0x03,
    0x0c,0x03,0x0c,0x03,0x0c,0x03,0x2d,0x0b,0x1c,0xe7,0x1c,0xe7,0x1c,0xe7,0x0c,0x03,
    0x0c,0x03,0x0c,0x03,0x0c,0x03,0x0c,0x03,0x0c,0x03,0x0c,0x03,0x1c,0xe7,0x1c,0xe7,
    0x0c,0x03,0x0c,0x03,0x0c,0x03,0x0c,0x03,0x18,0xae,0x1c,0xe7,0x18,0xa6,0x0c,0x03,
    0x0c,0x03,0x0c,0x03,0x0c,0x03,0x0c,0x03,0x0c,0x03,0x0c,0x03,0x0c,0x03,0x00,0x00,
    0x00,0x00,0x0c,0x03,0x0c,0x03,0x0c,0x03,0x0c,0x03,0x0c,0x03,0x0c,0x03,0x0c,0x03,
    0x0c,0x03,0x0c,0x03,0x0c,0x03,0x0c,0x03,0x2d,0x0b,0x1c,0xe7,0x1c,0xe7,0x1c,0xe7,
    0x0c,0x03,0x0c,0x03,0x0c,0x03,0x0c,0x03,0x0c,0x03,0x0c,0x03,0x0c,0x03,0x0c,0x03,
    0x1c,0xe7,0x1c,0xe7,0x92,0x54,0x0c,0x03,0x0c,0x03,0x0c,0x03,0x1c,0xe7,0x1c,0xe7,
    0x92,0x54,0x0c,0x03,0x0c,0x03,0x0c,0x03,0x0c,0x03,0x0c,0x03,0x0c,0x03,0x0c,0x03,
    0x0c,0x03,0x00,0x00,0x00,0x00,0x0c,0x03,0x0c,0x03,0x0c,0x03,0x0c,0x03,0x0c,0x03,
    0x0c,0x03,0x0c,0x03,0x0c,0x03,0x0c,0x03,0x0c,0x03,0x0c,0x03,0x1c,0xe7,0x1c,0xe7,
    0x1c,0xe7,0x0c,0x03,0x0c,0x03,0x0c,0x03,0x0c,0x03,0x0c,0x03,0x0c,0x03,0x0c,0x03,
    0x0c,0x03,0x0c,0x03,0xd7,0x9d,0x1c,0xe7,0x1c,0xe7,0xba,0xce,0xf8,0xa5,0x1c,0xe7,
    0x1c,0xe7,0x1c,0xe7,0x0c,0x03,0x0c,0x03,0x0c,0x03,0x0c,0x03,0x0c,0x03,0x0c,0x03,
    0x0c,0x03,0x0c,0x03,0x0c,0x03,0x00,0x00,0x00,0x00,0x00,0x00,0x0c,0x03,0x0c,0x03,
    0x0c,0x03,0x0c,0x03,0x0c,0x03,0x0c,0x03,0x0c,0x03,0x0c,0x03,0x0c,0x03,0xae,0x23,
    0x1c,0xe7,0x1c,0xe7,0x0c,0x03,0x0c,0x03,0x0c,0x03,0x0c,0x03,0x0c,0x03,0x0c,0x03,
    0x0c,0x03,0x0c,0x03,0x0c,0x03,0x0c,0x03,0x0c,0x03,0x79,0xbe,0x1c,0xe7,0x1c,0xe7,
    0x1c,0xe7,0x1c,0xe7,0x1c,0xe7,0x4d,0x13,0x0c,0x03,0x0c,0x03,0x0c,0x03,0x0c,0x03,
    0x0c,0x03,0x0c,0x03,0x0c,0x03,0x0c,0x03,0x00,0x00,0x00,0x00,0x00,0x00,0x00,0x00,
    0x0c,0x03,0x0c,0x03,0x0c,0x03,0x0c,0x03,0x0c,0x03,0x0c,0x03,0x0c,0x03,0x0c,0x03,
    0x0c,0x03,0x0c,0x03,0x8e,0x1b,0x0c,0x03,0x0c,0x03,0x0c,0x03,0x0c,0x03,0x0c,0x03,
    0x0c,0x03,0x0c,0x03,0x0c,0x03,0x0c,0x03,0x0c,0x03,0x0c,0x03,0x0c,0x03,0x0c,0x03,
    0x8e,0x23,0xd7,0x9d,0x18,0xae,0xb3,0x64,0x0c,0x03,0x0c,0x03,0x0c,0x03,0x0c,0x03,
    0x0c,0x03,0x0c,0x03,0x0c,0x03,0x0c,0x03,0x0c,0x03,0x0c,0x03,0x00,0x00,0x00,0x00,
    0x00,0x00,0x00,0x00,0x00,0x00,0x0c,0x03,0x0c,0x03,0x0c,0x03,0x0c,0x03,0x0c,0x03,
    0x0c,0x03,0x0c,0x03,0x0c,0x03,0x0c,0x03,0x0c,0x03,0x0c,0x03,0x0c,0x03,0x0c,0x03,
    0x0c,0x03,0x0c,0x03,0x0c,0x03,0x0c,0x03,0x0c,0x03,0x0c,0x03,0x0c,0x03,0x0c,0x03,
    0x0c,0x03,0x0c,0x03,0x0c,0x03,0x0c,0x03,0x0c,0x03,0x0c,0x03,0x0c,0x03,0x0c,0x03,
    0x0c,0x03,0x0c,0x03,0x0c,0x03,0x0c,0x03,0x0c,0x03,0x0c,0x03,0x0c,0x03,0x00,0x00,
    0x00,0x00,0x00,0x00,0x00,0x00,0x00,0x00,0x00,0x00,0x0c,0x03,0x0c,0x03,0x0c,0x03,
    0x0c,0x03,0x0c,0x03,0x0c,0x03,0x0c,0x03,0x0c,0x03,0x0c,0x03,0x0c,0x03,0x0c,0x03,
    0x0c,0x03,0x0c,0x03,0x0c,0x03,0x0c,0x03,0x0c,0x03,0x0c,0x03,0x0c,0x03,0x0c,0x03,
    0x0c,0x03,0x0c,0x03,0x0c,0x03,0x0c,0x03,0x0c,0x03,0x0c,0x03,0x0c,0x03,0x0c,0x03,
    0x0c,0x03,0x0c,0x03,0x0c,0x03,0x0c,0x03,0x0c,0x03,0x0c,0x03,0x0c,0x03,0x0c,0x03,
    0x0c,0x03,0x00,0x00,0x00,0x00,0x00,0x00,0x00,0x00,0x00,0x00,0x00,0x00,0x00,0x00,
    0x0c,0x03,0x0c,0x03,0x0c,0x03,0x0c,0x03,0x0c,0x03,0x0c,0x03,0x0c,0x03,0x0c,0x03,
    0x0c,0x03,0x0c,0x03,0x0c,0x03,0x0c,0x03,0x0c,0x03,0x0c,0x03,0x0c,0x03,0x0c,0x03,
    0x0c,0x03,0x0c,0x03,0x0c,0x03,0x0c,0x03,0x0c,0x03,0x0c,0x03,0x0c,0x03,0x0c,0x03,
    0x0c,0x03,0x0c,0x03,0x0c,0x03,0x0c,0x03,0x0c,0x03,0x0c,0x03,0x0c,0x03,0x0c,0x03,
    0x0c,0x03,0x0c,0x03,0x00,0x00,0x00,0x00,0x00,0x00,0x00,0x00,0x00,0x00,0x00,0x00,
    0x00,0x00,0x00,0x00,0x00,0x00,0x0c,0x03,0x0c,0x03,0x0c,0x03,0x0c,0x03,0x0c,0x03,
    0x0c,0x03,0x0c,0x03,0x0c,0x03,0x0c,0x03,0x0c,0x03,0x0c,0x03,0x0c,0x03,0x0c,0x03,
    0x0c,0x03,0x0c,0x03,0x0c,0x03,0x0c,0x03,0x0c,0x03,0x0c,0x03,0x0c,0x03,0x0c,0x03,
    0x0c,0x03,0x0c,0x03,0x0c,0x03,0x0c,0x03,0x0c,0x03,0x0c,0x03,0x0c,0x03,0x0c,0x03,
    0x0c,0x03,0x0c,0x03,0x0c,0x03,0x00,0x00,0x00,0x00,0x00,0x00,0x00,0x00,0x00,0x00,
    0x00,0x00,0x00,0x00,0x00,0x00,0x00,0x00,0x00,0x00,0x00,0x00,0x0c,0x03,0x0c,0x03,
    0x0c,0x03,0x0c,0x03,0x0c,0x03,0x0c,0x03,0x0c,0x03,0x0c,0x03,0x0c,0x03,0x0c,0x03,
    0x0c,0x03,0x0c,0x03,0x0c,0x03,0x0c,0x03,0x0c,0x03,0x0c,0x03,0x0c,0x03,0x0c,0x03,
    0x0c,0x03,0x0c,0x03,0x0c,0x03,0x0c,0x03,0x0c,0x03,0x0c,0x03,0x0c,0x03,0x0c,0x03,
    0x0c,0x03,0x0c,0x03,0x0c,0x03,0x0c,0x03,0x00,0x00,0x00,0x00,0x00,0x00,0x00,0x00,
    0x00,0x00,0x00,0x00,0x00,0x00,0x00,0x00,0x00,0x00,0x00,0x00,0x00,0x00,0x00,0x00,
    0x00,0x00,0x0c,0x03,0x0c,0x03,0x0c,0x03,0x0c,0x03,0x0c,0x03,0x0c,0x03,0x0c,0x03,
    0x0c,0x03,0x0c,0x03,0x0c,0x03,0x0c,0x03,0x0c,0x03,0x0c,0x03,0x0c,0x03,0x0c,0x03,
    0x0c,0x03,0x0c,0x03,0x0c,0x03,0x0c,0x03,0x0c,0x03,0x0c,0x03,0x0c,0x03,0x0c,0x03,
    0x0c,0x03,0x0c,0x03,0x0c,0x03,0x0c,0x03,0x0c,0x03,0x00,0x00,0x00,0x00,0x00,0x00,
    0x00,0x00,0x00,0x00,0x00,0x00,0x00,0x00,0x00,0x00,0x00,0x00,0x00,0x00,0x00,0x00,
    0x00,0x00,0x00,0x00,0x00,0x00,0x00,0x00,0x0c,0x03,0x0c,0x03,0x0c,0x03,0x0c,0x03,
    0x0c,0x03,0x0c,0x03,0x0c,0x03,0x0c,0x03,0x0c,0x03,0x0c,0x03,0x0c,0x03,0x0c,0x03,
    0x0c,0x03,0x0c,0x03,0x0c,0x03,0x0c,0x03,0x0c,0x03,0x0c,0x03,0x0c,0x03,0x0c,0x03,
    0x0c,0x03,0x0c,0x03,0x0c,0x03,0x0c,0x03,0x0c,0x03,0x0c,0x03,0x00,0x00,0x00,0x00,
    0x00,0x00,0x00,0x00,0x00,0x00,0x00,0x00,0x00,0x00,0x00,0x00,0x00,0x00,0x00,0x00,
    0x00,0x00,0x00,0x00,0x00,0x00,0x00,0x00,0x00,0x00,0x00,0x00,0x00,0x00,0x00,0x00,
    0x0c,0x03,0x0c,0x03,0x0c,0x03,0x0c,0x03,0x0c,0x03,0x0c,0x03,0x0c,0x03,0x0c,0x03,
    0x0c,0x03,0x0c,0x03,0x0c,0x03,0x0c,0x03,0x0c,0x03,0x0c,0x03,0x0c,0x03,0x0c,0x03,
    0x0c,0x03,0x0c,0x03,0x0c,0x03,0x0c,0x03,0x0c,0x03,0x0c,0x03,0x00,0x00,0x00,0x00,
    0x00,0x00,0x00,0x00,0x00,0x00,0x00,0x00,0x00,0x00,0x00,0x00,0x00,0x00,0x00,0x00,
    0x00,0x00,0x00,0x00,0x00,0x00,0x00,0x00,0x00,0x00,0x00,0x00,0x00,0x00,0x00,0x00,
    0x00,0x00,0x00,0x00,0x00,0x00,0x00,0x00,0x0c,0x03,0x0c,0x03,0x0c,0x03,0x0c,0x03,
    0x0c,0x03,0x0c,0x03,0x0c,0x03,0x0c,0x03,0x0c,0x03,0x0c,0x03,0x0c,0x03,0x0c,0x03,
    0x0c,0x03,0x0c,0x03,0x0c,0x03,0x0c,0x03,0x0c,0x03,0x0c,0x03,0x00,0x00,0x00,0x00,
    0x00,0x00,0x00,0x00,0x00,0x00,0x00,0x00,0x00,0x00,0x00,0x00,0x00,0x00,0x00,0x00,
    0x00,0x00,0x00,0x00,0x00,0x00,0x00,0x00,0x00,0x00,0x00,0x00,0x00,0x00,0x00,0x00,
    0x00,0x00,0x00,0x00,0x00,0x00,0x00,0x00,0x00,0x00,0x00,0x00,0x00,0x00,0x00,0x00,
    0x00,0x00,0x0c,0x03,0x0c,0x03,0x0c,0x03,0x0c,0x03,0x0c,0x03,0x0c,0x03,0x0c,0x03,
    0x0c,0x03,0x0c,0x03,0x0c,0x03,0x0c,0x03,0x0c,0x03,0x00,0x00,0x00,0x00,0x00,0x00,
    0x00,0x00,0x00,0x00,0x00,0x00,0x00,0x00,0x00,0x00,0x00,0x00,0x00,0x00,0x00,0x00,
    0x00,0x00,0x00,0x00,0x00,0x00,0x00,0x00,0x00,0x00,0x00,0x00,0x00,0x00,0x00,0x00,
    0x00,0x00,0x00,0x00,0x00,0x00,0x00,0x3c,0x80,0xbf,0xcf,0xff,0xff,0xff,0xff,0xcf,
    0xbf,0x80,0x3c,0x00,0x00,0x00,0x00,0x00,0x00,0x00,0x00,0x00,0x00,0x00,0x00,0x00,
    0x00,0x00,0x00,0x00,0x00,0x00,0x00,0x00,0x00,0x00,0x00,0x00,0x00,0x00,0x2d,0x9f,
    0xef,0xff,0xff,0xff,0xff,0xff,0xff,0xff,0xff,0xff,0xff,0xff,0xff,0xef,0x9f,0x2d,
    0x00,0x00,0x00,0x00,0x00,0x00,0x00,0x00,0x00,0x00,0x00,0x00,0x00,0x00,0x00,0x00,
    0x00,0x00,0x00,0x00,0x00,0x00,0x2d,0xbf,0xff,0xff,0xff,0xff,0xff,0xff,0xff,0xff,
    0xff,0xff,0xff,0xff,0xff,0xff,0xff,0xff,0xff,0xff,0xbf,0x2d,0x00,0x00,0x00,0x00,
    0x00,0x00,0x00,0x00,0x00,0x00,0x00,0x00,0x00,0x00,0x00,0x00,0x00,0x00,0x0f,0x8f,
    0xff,0xff,0xff,0xff,0xff,0xff,0xff,0xff,0xff,0xff,0xff,0xff,0xff,0xff,0xff,0xff,
    0xff,0xff,0xff,0xff,0xff,0xff,0x8f,0x0f,0x00,0x00,0x00,0x00,0x00,0x00,0x00,0x00,
    0x00,0x00,0x00,0x00,0x00,0x00,0x00,0x2d,0xcf,0xff,0xff,0xff,0xff,0xff,0xff,0xff,
    0xff,0xff,0xff,0xff,0xff,0xff,0xff,0xff,0xff,0xff,0xff,0xff,0xff,0xff,0xff,0xff,
    0xff,0xcf,0x2d,0x00,0x00,0x00,0x00,0x00,0x00,0x00,0x00,0x00,0x00,0x00,0x00,0x00,
    0x2d,0xef,0xff,0xff,0xff,0xff,0xff,0xff,0xff,0xff,0xff,0xff,0xff,0xff,0xff,0xff,
    0xff,0xff,0xff,0xff,0xff,0xff,0xff,0xff,0xff,0xff,0xff,0xff,0xef,0x2d,0x00,0x00,
    0x00,0x00,0x00,0x00,0x00,0x00,0x00,0x00,0x00,0x2d,0xef,0xff,0xff,0xff,0xff,0xff,
    0xff,0xff,0xff,0xff,0xff,0xff,0xff,0xff,0xff,0xff,0xff,0xff,0xff,0xff,0xff,0xff,
    0xff,0xff,0xff,0xff,0xff,0xff,0xff,0xef,0x2d,0x00,0x00,0x00,0x00,0x00,0x00,0x00,
    0x00,0x00,0x2d,0xef,0xff,0xff,0xff,0xff,0xff,0xff,0xff,0xff,0xff,0xff,0xff,0xff,
    0xff,0xff,0xff,0xff,0xff,0xff,0xff,0xff,0xff,0xff,0xff,0xff,0xff,0xff,0xff,0xff,
    0xff,0xff,0xef,0x2d,0x00,0x00,0x00,0x00,0x00,0x00,0x00,0x0f,0xcf,0xff,0xff,0xff,
    0xff,0xff,0xff,0xff,0xff,0xff,0xff,0xff,0xff,0xff,0xff,0xff,0xff,0xff,0xff,0xff,
    0xff,0xff,0xff,0xff,0xff,0xff,0xff,0xff,0xff,0xff,0xff,0xff,0xff,0xcf,0x0f,0x00,
    0x00,0x00,0x00,0x00,0x00,0x8f,0xff,0xff,0xff,0xff,0xff,0xff,0xff,0xff,0xff,0xff,
    0xff,0xff,0xff,0xff,0xff,0xff,0xff,0xff,0xff,0xff,0xff,0xff,0xff,0xff,0xff,0xff,
    0xff,0xff,0xff,0xff,0xff,0xff,0xff,0xff,0x8f,0x00,0x00,0x00,0x00,0x00,0x2d,0xff,
    0xff,0xff,0xff,0xff,0xff,0xff,0xff,0xff,0xff,0xff,0xff,0xff,0xff,0xff,0xff,0xff,
    0xff,0xff,0xff,0xff,0xff,0xff,0xff,0xff,0xff,0xff,0xff,0xff,0xff,0xff,0xff,0xff,
    0xff,0xff,0xff,0x2d,0x00,0x00,0x00,0x00,0xbf,0xff,0xff,0xff,0xff,0xff,0xff,0xff,
    0xff,0xff,0xff,0xff,0xff,0xff,0xff,0xff,0xff,0xff,0xff,0xff,0xff,0xff,0xff,0xff,
    0xff,0xff,0xff,0xff,0xff,0xff,0xff,0xff,0xff,0xff,0xff,0xff,0xff,0xbf,0x00,0x00,
    0x00,0x2d,0xff,0xff,0xff,0xff,0xff,0xff,0xff,0xff,0xff,0xff,0xff,0xff,0xff,0xff,
    0xff,0xff,0xff,0xff,0xff,0xff,0xff,0xff,0xff,0xff,0xff,0xff,0xff,0xff,0xff,0xff,
    0xff,0xff,0xff,0xff,0xff,0xff,0xff,0xff,0x2d,0x00,0x00,0x9f,0xff,0xff,0xff,0xff,
    0xff,0xff,0xff,0xff,0xff,0xff,0xff,0xff,0xff,0xff,0xff,0xff,0xff,0xff,0xff,0xff,
    0xff,0xff,0xff,0xff,0xff,0xff,0xff,0xff,0xff,0xff,0xff,0xff,0xff,0xff,0xff,0xff,
    0xff,0xff,0x9f,0x00,0x00,0xef,0xff,0xff,0xff,0xff,0xff,0xff,0xff,0xff,0xff,0xff,
    0xff,0xff,0xff,0xff,0xff,0xff,0xff,0xff,0xff,0xff,0xff,0xff,0xff,0xff,0xff,0xff,
    0xff,0xff,0xff,0xff,0xff,0xff,0xff,0xff,0xff,0xff,0xff,0xff,0xef,0x00,0x3c,0xff,
    0xff,0xff,0xff,0xff,0xff,0xff,0xff,0xff,0xff,0xff,0xff,0xff,0xff,0xff,0xff,0xff,
    0xff,0xff,0xff,0xff,0xff,0xff,0xff,0xff,0xff,0xff,0xff,0xff,0xff,0xff,0xff,0xff,
    0xff,0xff,0xff,0xff,0xff,0xff,0xff,0x3c,0x80,0xff,0xff,0xff,0xff,0xff,0xff,0xff,
    0xff,0xff,0xff,0xff,0xff,0xff,0xff,0xff,0xff,0xff,0xff,0xff,0xff,0xff,0xff,0xff,
    0xff,0xff,0xff,0xff,0xff,0xff,0xff,0xff,0xff,0xff,0xff,0xff,0xff,0xff,0xff,0xff,
    0xff,0x80,0xbf,0xff,0xff,0xff,0xff,0xff,0xff,0xff,0xff,0xff,0xff,0xff,0xff,0xff,
    0xff,0xff,0xff,0xff,0xff,0xff,0xff,0xff,0xff,0xff,0xff,0xff,0xff,0xff,0xff,0xff,
    0xff,0xff,0xff,0xff,0xff,0xff,0xff,0xff,0xff,0xff,0xff,0xbf,0xcf,0xff,0xff,0xff,
    0xff,0xff,0xff,0xff,0xff,0xff,0xff,0xff,0xff,0xff,0xff,0xff,0xff,0xff,0xff,0xff,
    0xff,0xff,0xff,0xff,0xff,0xff,0xff,0xff,0xff,0xff,0xff,0xff,0xff,0xff,0xff,0xff,
    0xff,0xff,0xff,0xff,0xff,0xcf,0xff,0xff,0xff,0xff,0xff,0xff,0xff,0xff,0xff,0xff,
    0xff,0xff,0xff,0xff,0xff,0xff,0xff,0xff,0xff,0xff,0xff,0xff,0xff,0xff,0xff,0xff,
    0xff,0xff,0xff,0xff,0xff,0xff,0xff,0xff,0xff,0xff,0xff,0xff,0xff,0xff,0xff,0xff,
    0xff,0xff,0xff,0xff,0xff,0xff,0xff,0xff,0xff,0xff,0xff,0xff,0xff,0xff,0xff,0xff,
    0xff,0xff,0xff,0xff,0xff,0xff,0xff,0xff,0xff,0xff,0xff,0xff,0xff,0xff,0xff,0xff,
    0xff,0xff,0xff,0xff,0xff,0xff,0xff,0xff,0xff,0xff,0xff,0xff,0xff,0xff,0xff,0xff,
    0xff,0xff,0xff,0xff,0xff,0xff,0xff,0xff,0xff,0xff,0xff,0xff,0xff,0xff,0xff,0xff,
    0xff,0xff,0xff,0xff,0xff,0xff,0xff,0xff,0xff,0xff,0xff,0xff,0xff,0xff,0xff,0xff,
    0xff,0xff,0xff,0xff,0xff,0xff,0xff,0xff,0xff,0xff,0xff,0xff,0xff,0xff,0xff,0xff,
    0xff,0xff,0xff,0xff,0xff,0xff,0xff,0xff,0xff,0xff,0xff,0xff,0xff,0xff,0xff,0xff,
    0xff,0xff,0xff,0xff,0xff,0xff,0xff,0xff,0xff,0xff,0xff,0xff,0xff,0xff,0xcf,0xff,
    0xff,0xff,0xff,0xff,0xff,0xff,0xff,0xff,0xff,0xff,0xff,0xff,0xff,0xff,0xff,0xff,
    0xff,0xff,0xff,0xff,0xff,0xff,0xff,0xff,0xff,0xff,0xff,0xff,0xff,0xff,0xff,0xff,
    0xff,0xff,0xff,0xff,0xff,0xff,0xff,0xcf,0xbf,0xff,0xff,0xff,0xff,0xff,0xff,0xff,
    0xff,0xff,0xff,0xff,0xff,0xff,0xff,0xff,0xff,0xff,0xff,0xff,0xff,0xff,0xff,0xff,
    0xff,0xff,0xff,0xff,0xff,0xff,0xff,0xff,0xff,0xff,0xff,0xff,0xff,0xff,0xff,0xff,
    0xff,0xbf,0x80,0xff,0xff,0xff,0xff,0xff,0xff,0xff,0xff,0xff,0xff,0xff,0xff,0xff,
    0xff,0xff,0xff,0xff,0xff,0xff,0xff,0xff,0xff,0xff,0xff,0xff,0xff,0xff,0xff,0xff,
    0xff,0xff,0xff,0xff,0xff,0xff,0xff,0xff,0xff,0xff,0xff,0x80,0x3c,0xff,0xff,0xff,
    0xff,0xff,0xff,0xff,0xff,0xff,0xff,0xff,0xff,0xff,0xff,0xff,0xff,0xff,0xff,0xff,
    0xff,0xff,0xff,0xff,0xff,0xff,0xff,0xff,0xff,0xff,0xff,0xff,0xff,0xff,0xff,0xff,
    0xff,0xff,0xff,0xff,0xff,0x3c,0x00,0xef,0xff,0xff,0xff,0xff,0xff,0xff,0xff,0xff,
    0xff,0xff,0xff,0xff,0xff,0xff,0xff,0xff,0xff,0xff,0xff,0xff,0xff,0xff,0xff,0xff,
    0xff,0xff,0xff,0xff,0xff,0xff,0xff,0xff,0xff,0xff,0xff,0xff,0xff,0xff,0xef,0x00,
    0x00,0x9f,0xff,0xff,0xff,0xff,0xff,0xff,0xff,0xff,0xff,0xff,0xff,0xff,0xff,0xff,
    0xff,0xff,0xff,0xff,0xff,0xff,0xff,0xff,0xff,0xff,0xff,0xff,0xff,0xff,0xff,0xff,
    0xff,0xff,0xff,0xff,0xff,0xff,0xff,0xff,0x9f,0x00,0x00,0x2d,0xff,0xff,0xff,0xff,
    0xff,0xff,0xff,0xff,0xff,0xff,0xff,0xff,0xff,0xff,0xff,0xff,0xff,0xff,0xff,0xff,
    0xff,0xff,0xff,0xff,0xff,0xff,0xff,0xff,0xff,0xff,0xff,0xff,0xff,0xff,0xff,0xff,
    0xff,0xff,0x2d,0x00,0x00,0x00,0xbf,0xff,0xff,0xff,0xff,0xff,0xff,0xff,0xff,0xff,
    0xff,0xff,0xff,0xff,0xff,0xff,0xff,0xff,0xff,0xff,0xff,0xff,0xff,0xff,0xff,0xff,
    0xff,0xff,0xff,0xff,0xff,0xff,0xff,0xff,0xff,0xff,0xff,0xbf,0x00,0x00,0x00,0x00,
    0x2d,0xff,0xff,0xff,0xff,0xff,0xff,0xff,0xff,0xff,0xff,0xff,0xff,0xff,0xff,0xff,
    0xff,0xff,0xff,0xff,0xff,0xff,0xff,0xff,0xff,0xff,0xff,0xff,0xff,0xff,0xff,0xff,
    0xff,0xff,0xff,0xff,0xff,0x2d,0x00,0x00,0x00,0x00,0x00,0x8f,0xff,0xff,0xff,0xff,
    0xff,0xff,0xff,0xff,0xff,0xff,0xff,0xff,0xff,0xff,0xff,0xff,0xff,0xff,0xff,0xff,
    0xff,0xff,0xff,0xff,0xff,0xff,0xff,0xff,0xff,0xff,0xff,0xff,0xff,0xff,0x8f,0x00,
    0x00,0x00,0x00,0x00,0x00,0x0f,0xcf,0xff,0xff,0xff,0xff,0xff,0xff,0xff,0xff,0xff,
    0xff,0xff,0xff,0xff,0xff,0xff,0xff,0xff,0xff,0xff,0xff,0xff,0xff,0xff,0xff,0xff,
    0xff,0xff,0xff,0xff,0xff,0xff,0xff,0xcf,0x0f,0x00,0x00,0x00,0x00,0x00,0x00,0x00,
    0x2d,0xef,0xff,0xff,0xff,0xff,0xff,0xff,0xff,0xff,0xff,0xff,0xff,0xff,0xff,0xff,
    0xff,0xff,0xff,0xff,0xff,0xff,0xff,0xff,0xff,0xff,0xff,0xff,0xff,0xff,0xff,0xff,
    0xef,0x2d,0x00,0x00,0x00,0x00,0x00,0x00,0x00,0x00,0x00,0x2d,0xef,0xff,0xff,0xff,
    0xff,0xff,0xff,0xff,0xff,0xff,0xff,0xff,0xff,0xff,0xff,0xff,0xff,0xff,0xff,0xff,
    0xff,0xff,0xff,0xff,0xff,0xff,0xff,0xff,0xff,0xef,0x2d,0x00,0x00,0x00,0x00,0x00,
    0x00,0x00,0x00,0x00,0x00,0x00,0x2d,0xef,0xff,0xff,0xff,0xff,0xff,0xff,0xff,0xff,
    0xff,0xff,0xff,0xff,0xff,0xff,0xff,0xff,0xff,0xff,0xff,0xff,0xff,0xff,0xff,0xff,
    0xff,0xff,0xef,0x2d,0x00,0x00,0x00,0x00,0x00,0x00,0x00,0x00,0x00,0x00,0x00,0x00,
    0x00,0x2d,0xcf,0xff,0xff,0xff,0xff,0xff,0xff,0xff,0xff,0xff,0xff,0xff,0xff,0xff,
    0xff,0xff,0xff,0xff,0xff,0xff,0xff,0xff,0xff,0xff,0xff,0xcf,0x2d,0x00,0x00,0x00,
    0x00,0x00,0x00,0x00,0x00,0x00,0x00,0x00,0x00,0x00,0x00,0x00,0x0f,0x8f,0xff,0xff,
    0xff,0xff,0xff,0xff,0xff,0xff,0xff,0xff,0xff,0xff,0xff,0xff,0xff,0xff,0xff,0xff,
    0xff,0xff,0xff,0xff,0x8f,0x0f,0x00,0x00,0x00,0x00,0x00,0x00,0x00,0x00,0x00,0x00,
    0x00,0x00,0x00,0x00,0x00,0x00,0x00,0x00,0x2d,0xbf,0xff,0xff,0xff,0xff,0xff,0xff,
    0xff,0xff,0xff,0xff,0xff,0xff,0xff,0xff,0xff,0xff,0xff,0xff,0xbf,0x2d,0x00,0x00,
    0x00,0x00,0x00,0x00,0x00,0x00,0x00,0x00,0x00,0x00,0x00,0x00,0x00,0x00,0x00,0x00,
    0x00,0x00,0x00,0x00,0x2d,0x9f,0xef,0xff,0xff,0xff,0xff,0xff,0xff,0xff,0xff,0xff,
    0xff,0xff,0xff,0xef,0x9f,0x2d,0x00,0x00,0x00,0x00,0x00,0x00,0x00,0x00,0x00,0x00,
    0x00,0x00,0x00,0x00,0x00,0x00,0x00,0x00,0x00,0x00,0x00,0x00,0x00,0x00,0x00,0x00,
    0x00,0x3c,0x80,0xbf,0xcf,0xff,0xff,0xff,0xff,0xcf,0xbf,0x80,0x3c,0x00,0x00,0x00,
    0x00,0x00,0x00,0x00,0x00,0x00,0x00,0x00,0x00,0x00,0x00,0x00,
};

const lv_image_dsc_t icon_percentage = {
    .header = {
        .magic = LV_IMAGE_HEADER_MAGIC,
        .cf = LV_COLOR_FORMAT_RGB565A8,
        .flags = 0,
        .w = 42,
        .h = 42,
        .stride = 84,
        .reserved_2 = 0,
    },
    .data_size = sizeof(icon_percentage_map),
    .data = icon_percentage_map,
    .reserved = NULL,
    .reserved_2 = NULL,
};

// Converted from RFID.png (42x42, RGB565A8: RGB565 plane + A8 alpha plane)
static const uint8_t icon_rfid_map[] = {
    0x00,0x00,0x00,0x00,0x00,0x00,0x00,0x00,0x00,0x00,0x00,0x00,0x00,0x00,0x00,0x00,
    0x00,0x00,0x00,0x00,0x00,0x00,0x00,0x00,0x00,0x00,0x00,0x00,0x00,0x00,0xe2,0xf3,
    0xe2,0xf3,0xe2,0xf3,0xe2,0xf3,0xe2,0xf3,0xe2,0xf3,0xe2,0xf3,0xe2,0xf3,0xe2,0xf3,
    0xe2,0xf3,0xe2,0xf3,0xe2,0xf3,0x00,0x00,0x00,0x00,0x00,0x00,0x00,0x00,0x00,0x00,
    0x00,0x00,0x00,0x00,0x00,0x00,0x00,0x00,0x00,0x00,0x00,0x00,0x00,0x00,0x00,0x00,
    0x00,0x00,0x00,0x00,0x00,0x00,0x00,0x00,0x00,0x00,0x00,0x00,0x00,0x00,0x00,0x00,
    0x00,0x00,0x00,0x00,0x00,0x00,0x00,0x00,0x00,0x00,0x00,0x00,0xe2,0xf3,0xe2,0xf3,
    0xe2,0xf3,0xe2,0xf3,0xe2,0xf3,0xe2,0xf3,0xe2,0xf3,0xe2,0xf3,0xe2,0xf3,0xe2,0xf3,
    0xe2,0xf3,0xe2,0xf3,0xe2,0xf3,0xe2,0xf3,0xe2,0xf3,0xe2,0xf3,0xe2,0xf3,0xe2,0xf3,
    0x00,0x00,0x00,0x00,0x00,0x00,0x00,0x00,0x00,0x00,0x00,0x00,0x00,0x00,0x00,0x00,
    0x00,0x00,0x00,0x00,0x00,0x00,0x00,0x00,0x00,0x00,0x00,0x00,0x00,0x00,0x00,0x00,
    0x00,0x00,0x00,0x00,0x00,0x00,0x00,0x00,0x00,0x00,0x00,0x00,0xe2,0xf3,0xe2,0xf3,
    0xe2,0xf3,0xe2,0xf3,0xe2,0xf3,0xe2,0xf3,0xe2,0xf3,0xe2,0xf3,0xe2,0xf3,0xe2,0xf3,
    0xe2,0xf3,0xe2,0xf3,0xe2,0xf3,0xe2,0xf3,0xe2,0xf3,0xe2,0xf3,0xe2,0xf3,0xe2,0xf3,
    0xe2,0xf3,0xe2,0xf3,0xe2,0xf3,0xe2,0xf3,0x00,0x00,0x00,0x00,0x00,0x00,0x00,0x00,
    0x00,0x00,0x00,0x00,0x00,0x00,0x00,0x00,0x00,0x00,0x00,0x00,0x00,0x00,0x00,0x00,
    0x00,0x00,0x00,0x00,0x00,0x00,0x00,0x00,0x00,0x00,0x00,0x00,0xe2,0xf3,0xe2,0xf3,
    0xe2,0xf3,0xe2,0xf3,0xe2,0xf3,0xe2,0xf3,0xe2,0xf3,0xe2,0xf3,0xe2,0xf3,0xe2,0xf3,
    0xe2,0xf3,0xe2,0xf3,0xe2,0xf3,0xe2,0xf3,0xe2,0xf3,0xe2,0xf3,0xe2,0xf3,0xe2,0xf3,
    0xe2,0xf3,0xe2,0xf3,0xe2,0xf3,0xe2,0xf3,0xe2,0xf3,0xe2,0xf3,0xe2,0xf3,0xe2,0xf3,
    0x00,0x00,0x00,0x00,0x00,0x00,0x00,0x00,0x00,0x00,0x00,0x00,0x00,0x00,0x00,0x00,
    0x00,0x00,0x00,0x00,0x00,0x00,0x00,0x00,0x00,0x00,0x00,0x00,0x00,0x00,0xe2,0xf3,
    0xe2,0xf3,0xe2,0xf3,0xe2,0xf3,0xe2,0xf3,0xe2,0xf3,0xe2,0xf3,0xe2,0xf3,0xe2,0xf3,
    0xe2,0xf3,0xe2,0xf3,0xe2,0xf3,0xe2,0xf3,0xe2,0xf3,0xe2,0xf3,0xe2,0xf3,0xe2,0xf3,
    0xe2,0xf3,0xe2,0xf3,0xe2,0xf3,0xe2,0xf3,0xe2,0xf3,0xe2,0xf3,0xe2,0xf3,0xe2,0xf3,
    0xe2,0xf3,0xe2,0xf3,0xe2,0xf3,0x00,0x00,0x00,0x00,0x00,0x00,0x00,0x00,0x00,0x00,
    0x00,0x00,0x00,0x00,0x00,0x00,0x00,0x00,0x00,0x00,0x00,0x00,0x00,0x00,0x00,0x00,
    0xe2,0xf3,0xe2,0xf3,0xe2,0xf3,0xe2,0xf3,0xe2,0xf3,0xe2,0xf3,0xe2,0xf3,0xe2,0xf3,
    0xe2,0xf3,0xe2,0xf3,0xe2,0xf3,0xe2,0xf3,0xe2,0xf3,0xe2,0xf3,0xe2,0xf3,0xe2,0xf3,
    0xe2,0xf3,0xe2,0xf3,0xe2,0xf3,0xe2,0xf3,0xe2,0xf3,0xe2,0xf3,0xe2,0xf3,0xe2,0xf3,
    0xe2,0xf3,0xe2,0xf3,0xe2,0xf3,0xe2,0xf3,0xe2,0xf3,0xe2,0xf3,0x00,0x00,0x00,0x00,
    0x00,0x00,0x00,0x00,0x00,0x00,0x00,0x00,0x00,0x00,0x00,0x00,0x00,0x00,0x00,0x00,
    0x00,0x00,0xe2,0xf3,0xe2,0xf3,0xe2,0xf3,0xe2,0xf3,0xe2,0xf3,0xe2,0xf3,0xe2,0xf3,
    0xe2,0xf3,0xe2,0xf3,0xe2,0xf3,0xe2,0xf3,0xe2,0xf3,0xe2,0xf3,0xe2,0xf3,0xe2,0xf3,
    0xe2,0xf3,0xe2,0xf3,0xe2,0xf3,0xe2,0xf3,0xe2,0xf3,0xe2,0xf3,0xe2,0xf3,0xe2,0xf3,
    0xe2,0xf3,0xe2,0xf3,0xe2,0xf3,0xe2,0xf3,0xe2,0xf3,0xe2,0xf3,0xe2,0xf3,0xe2,0xf3,
    0xe2,0xf3,0x00,0x00,0x00,0x00,0x00,0x00,0x00,0x00,0x00,0x00,0x00,0x00,0x00,0x00,
    0x00,0x00,0x00,0x00,0xe2,0xf3,0xe2,0xf3,0xe2,0xf3,0xe2,0xf3,0xe2,0xf3,0xe2,0xf3,
    0xe2,0xf3,0xe2,0xf3,0xe2,0xf3,0xe2,0xf3,0xe2,0xf3,0xe2,0xf3,0xe2,0xf3,0xe2,0xf3,
    0xe2,0xf3,0xe2,0xf3,0xe2,0xf3,0xe2,0xf3,0xe2,0xf3,0xe2,0xf3,0xe2,0xf3,0xe2,0xf3,
    0xe2,0xf3,0xe2,0xf3,0xe2,0xf3,0xe2,0xf3,0xe2,0xf3,0xe2,0xf3,0xe2,0xf3,0xe2,0xf3,
    0xe2,0xf3,0xe2,0xf3,0xe2,0xf3,0xe2,0xf3,0x00,0x00,0x00,0x00,0x00,0x00,0x00,0x00,
    0x00,0x00,0x00,0x00,0x00,0x00,0xe2,0xf3,0xe2,0xf3,0xe2,0xf3,0xe2,0xf3,0xe2,0xf3,
    0xe2,0xf3,0xe2,0xf3,0xe2,0xf3,0xe2,0xf3,0xe2,0xf3,0xe2,0xf3,0xe2,0xf3,0xe2,0xf3,
    0xe2,0xf3,0xe2,0xf3,0xe2,0xf3,0xe2,0xf3,0xe2,0xf3,0xe2,0xf3,0xe2,0xf3,0xe2,0xf3,
    0xe2,0xf3,0xe2,0xf3,0xe2,0xf3,0xe2,0xf3,0xe2,0xf3,0xe2,0xf3,0xe2,0xf3,0xe2,0xf3,
    0xe2,0xf3,0xe2,0xf3,0xe2,0xf3,0xe2,0xf3,0xe2,0xf3,0xe2,0xf3,0xe2,0xf3,0x00,0x00,
    0x00,0x00,0x00,0x00,0x00,0x00,0x00,0x00,0x00,0x00,0xe2,0xf3,0xe2,0xf3,0xe2,0xf3,
    0xe2,0xf3,0xe2,0xf3,0xe2,0xf3,0x03,0xf4,0x1c,0xe7,0x1c,0xe7,0x1c,0xe7,0x1c,0xe7,
    0x1c,0xe7,0x1c,0xe7,0x1c,0xe7,0x1c,0xe7,0x1c,0xe7,0x1c,0xe7,0x1c,0xe7,0x1c,0xe7,
    0x1c,0xe7,0x1c,0xe7,0x1c,0xe7,0x1c,0xe7,0x1c,0xe7,0x1c,0xe7,0x1c,0xe7,0x1c,0xe7,
    0x1c,0xe7,0x1c,0xe7,0x24,0xf4,0xe2,0xf3,0xe2,0xf3,0xe2,0xf3,0xe2,0xf3,0xe2,0xf3,
    0xe2,0xf3,0x00,0x00,0x00,0x00,0x00,0x00,0x00,0x00,0x00,0x00,0xe2,0xf3,0xe2,0xf3,
    0xe2,0xf3,0xe2,0xf3,0xe2,0xf3,0xe2,0xf3,0xe2,0xf3,0x1c,0xe7,0x1c,0xe7,0x1c,0xe7,
    0x1c,0xe7,0x1c,0xe7,0x1c,0xe7,0x1c,0xe7,0x1c,0xe7,0x1c,0xe7,0x1c,0xe7,0x1c,0xe7,
    0x1c,0xe7,0x1c,0xe7,0x1c,0xe7,0x1c,0xe7,0x1c,0xe7,0x1c,0xe7,0x1c,0xe7,0x1c,0xe7,
    0x1c,0xe7,0x1c,0xe7,0x1c,0xe7,0x1c,0xe7,0x1c,0xe7,0xe2,0xf3,0xe2,0xf3,0xe2,0xf3,
    0xe2,0xf3,0xe2,0xf3,0xe2,0xf3,0xe2,0xf3,0x00,0x00,0x00,0x00,0x00,0x00,0x00,0x00,
    0xe2,0xf3,0xe2,0xf3,0xe2,0xf3,0xe2,0xf3,0xe2,0xf3,0xe2,0xf3,0xe2,0xf3,0x1c,0xe7,
    0x1c,0xe7,0xe2,0xf3,0xe2,0xf3,0xe2,0xf3,0xe2,0xf3,0xe2,0xf3,0xe2,0xf3,0xe2,0xf3,
    0xe2,0xf3,0xe2,0xf3,0xe2,0xf3,0xe2,0xf3,0xe2,0xf3,0xe2,0xf3,0xe2,0xf3,0xe2,0xf3,
    0xe2,0xf3,0xe2,0xf3,0xe2,0xf3,0xe2,0xf3,0xe2,0xf3,0x1c,0xe7,0x1c,0xe7,0xe2,0xf3,
    0xe2,0xf3,0xe2,0xf3,0xe2,0xf3,0xe2,0xf3,0xe2,0xf3,0xe2,0xf3,0x00,0x00,0x00,0x00,
    0x00,0x00,0xe2,0xf3,0xe2,0xf3,0xe2,0xf3,0xe2,0xf3,0xe2,0xf3,0xe2,0xf3,0xe2,0xf3,
    0xe2,0xf3,0x1c,0xe7,0x1c,0xe7,0xe2,0xf3,0xe2,0xf3,0xe2,0xf3,0xe2,0xf3,0xe2,0xf3,
    0xe2,0xf3,0xe2,0xf3,0xe2,0xf3,0xe2,0xf3,0xe2,0xf3,0xe2,0xf3,0xe2,0xf3,0xe2,0xf3,
    0xe2,0xf3,0xe2,0xf3,0xe2,0xf3,0xe2,0xf3,0xe2,0xf3,0xe2,0xf3,0xe2,0xf3,0x1c,0xe7,
    0x1c,0xe7,0xe2,0xf3,0xe2,0xf3,0xe2,0xf3,0xe2,0xf3,0xe2,0xf3,0xe2,0xf3,0xe2,0xf3,
    0xe2,0xf3,0x00,0x00,0x00,0x00,0xe2,0xf3,0xe2,0xf3,0xe2,0xf3,0xe2,0xf3,0xe2,0xf3,
    0xe2,0xf3,0xe2,0xf3,0xe2,0xf3,0x1c,0xe7,0x1c,0xe7,0xe2,0xf3,0xe2,0xf3,0x2c,0xed,
    0xf2,0xed,0xf2,0xed,0xf2,0xed,0xf2,0xed,0x6e,0xed,0xe2,0xf3,0xe2,0xf3,0x2c,0xed,
    0xf2,0xed,0xf2,0xed,0xf2,0xed,0xf2,0xed,0xf2,0xed,0xf2,0xed,0x2c,0xed,0xe2,0xf3,
    0xe2,0xf3,0x1c,0xe7,0x1c,0xe7,0xe2,0xf3,0xe2,0xf3,0xe2,0xf3,0xe2,0xf3,0xe2,0xf3,
    0xe2,0xf3,0xe2,0xf3,0xe2,0xf3,0x00,0x00,0x00,0x00,0xe2,0xf3,0xe2,0xf3,0xe2,0xf3,
    0xe2,0xf3,0xe2,0xf3,0xe2,0xf3,0xe2,0xf3,0xe2,0xf3,0x1c,0xe7,0x1c,0xe7,0xe2,0xf3,
    0xe2,0xf3,0xf2,0xed,0x1c,0xe7,0x1c,0xe7,0x1c,0xe7,0x1c,0xe7,0x55,0xe6,0xe2,0xf3,
    0xd9,0xe6,0x1c,0xe7,0x1c,0xe7,0x1c,0xe7,0x1c,0xe7,0x1c,0xe7,0x1c,0xe7,0x1c,0xe7,
    0xf2,0xed,0xe2,0xf3,0xe2,0xf3,0x1c,0xe7,0x1c,0xe7,0xe2,0xf3,0xe2,0xf3,0xe2,0xf3,
    0xe2,0xf3,0xe2,0xf3,0xe2,0xf3,0xe2,0xf3,0xe2,0xf3,0x00,0x00,0xe2,0xf3,0xe2,0xf3,
    0xe2,0xf3,0xe2,0xf3,0xe2,0xf3,0xe2,0xf3,0xe2,0xf3,0xe2,0xf3,0xe2,0xf3,0x1c,0xe7,
    0x1c,0xe7,0xe2,0xf3,0xe2,0xf3,0xf2,0xed,0x1c,0xe7,0x1b,0xe7,0xb9,0xe6,0xb9,0xe6,
    0xf3,0xed,0xe2,0xf3,0x1c,0xe7,0x1c,0xe7,0xb9,0xe6,0xb9,0xe6,0xb9,0xe6,0xb9,0xe6,
    0xfb,0xe6,0x1c,0xe7,0xf2,0xed,0xe2,0xf3,0xe2,0xf3,0x1c,0xe7,0x1c,0xe7,0xe2,0xf3,
    0xe2,0xf3,0xe2,0xf3,0xe2,0xf3,0xe2,0xf3,0xe2,0xf3,0xe2,0xf3,0xe2,0xf3,0xe2,0xf3,
    0xe2,0xf3,0xe2,0xf3,0xe2,0xf3,0xe2,0xf3,0xe2,0xf3,0xe2,0xf3,0xe2,0xf3,0xe2,0xf3,
    0xe2,0xf3,0x1c,0xe7,0x1c,0xe7,0xe2,0xf3,0xe2,0xf3,0xf2,0xed,0x1c,0xe7,0xb9,0xe6,
    0xe2,0xf3,0xe2,0xf3,0xe2,0xf3,0xe2,0xf3,0x1c,0xe7,0x1c,0xe7,0xe2,0xf3,0xe2,0xf3,
    0xe2,0xf3,0xe2,0xf3,0x97,0xe6,0x1c,0xe7,0xf2,0xed,0xe2,0xf3,0xe2,0xf3,0x1c,0xe7,
    0x1c,0xe7,0xe2,0xf3,0xe2,0xf3,0xe2,0xf3,0xe2,0xf3,0xe2,0xf3,0xe2,0xf3,0xe2,0xf3,
    0xe2,0xf3,0xe2,0xf3,0xe2,0xf3,0xe2,0xf3,0xe2,0xf3,0xe2,0xf3,0xe2,0xf3,0xe2,0xf3,
    0xe2,0xf3,0xe2,0xf3,0xe2,0xf3,0x1c,0xe7,0x1c,0xe7,0xe2,0xf3,0xe2,0xf3,0xf2,0xed,
    0x1c,0xe7,0xb9,0xe6,0xe2,0xf3,0xe2,0xf3,0xe2,0xf3,0xe2,0xf3,0x1c,0xe7,0x1c,0xe7,
    0xe2,0xf3,0xe2,0xf3,0xe2,0xf3,0xe2,0xf3,0x97,0xe6,0x1c,0xe7,0xf2,0xed,0xe2,0xf3,
    0xe2,0xf3,0x1c,0xe7,0x1c,0xe7,0xe2,0xf3,0xe2,0xf3,0xe2,0xf3,0xe2,0xf3,0xe2,0xf3,
    0xe2,0xf3,0xe2,0xf3,0xe2,0xf3,0xe2,0xf3,0xe2,0xf3,0xe2,0xf3,0xe2,0xf3,0xe2,0xf3,
    0xe2,0xf3,0xe2,0xf3,0xe2,0xf3,0xe2,0xf3,0xe2,0xf3,0x1c,0xe7,0x1c,0xe7,0xe2,0xf3,
    0xe2,0xf3,0xf2,0xed,0x1c,0xe7,0xb9,0xe6,0xe2,0xf3,0xe2,0xf3,0xe2,0xf3,0xe2,0xf3,
    0x1c,0xe7,0x1c,0xe7,0xe2,0xf3,0xe2,0xf3,0xe2,0xf3,0xe2,0xf3,0x97,0xe6,0x1c,0xe7,
    0xf2,0xed,0xe2,0xf3,0xe2,0xf3,0x1c,0xe7,0x1c,0xe7,0xe2,0xf3,0xe2,0xf3,0xe2,0xf3,
    0xe2,0xf3,0xe2,0xf3,0xe2,0xf3,0xe2,0xf3,0xe2,0xf3,0xe2,0xf3,0xe2,0xf3,0xe2,0xf3,
    0xe2,0xf3,0xe2,0xf3,0xe2,0xf3,0xe2,0xf3,0xe2,0xf3,0xe2,0xf3,0xe2,0xf3,0x1c,0xe7,
    0x1c,0xe7,0xe2,0xf3,0xe2,0xf3,0xf2,0xed,0x1c,0xe7,0xb9,0xe6,0xe2,0xf3,0xe2,0xf3,
    0xe2,0xf3,0xf3,0xed,0x1c,0xe7,0x1c,0xe7,0x13,0xee,0xe2,0xf3,0xe2,0xf3,0xe2,0xf3,
    0x97,0xe6,0x1c,0xe7,0xf2,0xed,0xe2,0xf3,0xe2,0xf3,0x1c,0xe7,0x1c,0xe7,0xe2,0xf3,
    0xe2,0xf3,0xe2,0xf3,0xe2,0xf3,0xe2,0xf3,0xe2,0xf3,0xe2,0xf3,0xe2,0xf3,0xe2,0xf3,
    0xe2,0xf3,0xe2,0xf3,0xe2,0xf3,0xe2,0xf3,0xe2,0xf3,0xe2,0xf3,0xe2,0xf3,0xe2,0xf3,
    0xe2,0xf3,0x1c,0xe7,0x1c,0xe7,0xe2,0xf3,0xe2,0xf3,0xf2,0xed,0x1c,0xe7,0xb9,0xe6,
    0xe2,0xf3,0xe2,0xf3,0xe2,0xf3,0x1c,0xe7,0x1c,0xe7,0x1c,0xe7,0x1c,0xe7,0xe2,0xf3,
    0xe2,0xf3,0xe2,0xf3,0x97,0xe6,0x1c,0xe7,0xf2,0xed,0xe2,0xf3,0xe2,0xf3,0x1c,0xe7,
    0x1c,0xe7,0xe2,0xf3,0xe2,0xf3,0xe2,0xf3,0xe2,0xf3,0xe2,0xf3,0xe2,0xf3,0xe2,0xf3,
    0xe2,0xf3,0xe2,0xf3,0xe2,0xf3,0xe2,0xf3,0xe2,0xf3,0xe2,0xf3,0xe2,0xf3,0xe2,0xf3,
    0xe2,0xf3,0xe2,0xf3,0xe2,0xf3,0x1c,0xe7,0x1c,0xe7,0xe2,0xf3,0xe2,0xf3,0xf2,0xed,
    0x1c,0xe7,0xb9,0xe6,0xe2,0xf3,0xe2,0xf3,0xe2,0xf3,0x1c,0xe7,0x1c,0xe7,0x1c,0xe7,
    0x1c,0xe7,0xe2,0xf3,0xe2,0xf3,0xe2,0xf3,0x97,0xe6,0x1c,0xe7,0xf2,0xed,0xe2,0xf3,
    0xe2,0xf3,0x1c,0xe7,0x1c,0xe7,0xe2,0xf3,0xe2,0xf3,0xe2,0xf3,0xe2,0xf3,0xe2,0xf3,
    0xe2,0xf3,0xe2,0xf3,0xe2,0xf3,0xe2,0xf3,0xe2,0xf3,0xe2,0xf3,0xe2,0xf3,0xe2,0xf3,
    0xe2,0xf3,0xe2,0xf3,0xe2,0xf3,0xe2,0xf3,0xe2,0xf3,0x1c,0xe7,0x1c,0xe7,0xe2,0xf3,
    0xe2,0xf3,0xf2,0xed,0x1c,0xe7,0xb9,0xe6,0xe2,0xf3,0xe2,0xf3,0xe2,0xf3,0x34,0xee,
    0x1c,0xe7,0x1c,0xe7,0x56,0xe6,0xe2,0xf3,0xe2,0xf3,0xe2,0xf3,0x97,0xe6,0x1c,0xe7,
    0xf2,0xed,0xe2,0xf3,0xe2,0xf3,0x1c,0xe7,0x1c,0xe7,0xe2,0xf3,0xe2,0xf3,0xe2,0xf3,
    0xe2,0xf3,0xe2,0xf3,0xe2,0xf3,0xe2,0xf3,0xe2,0xf3,0xe2,0xf3,0xe2,0xf3,0xe2,0xf3,
    0xe2,0xf3,0xe2,0xf3,0xe2,0xf3,0xe2,0xf3,0xe2,0xf3,0xe2,0xf3,0xe2,0xf3,0x1c,0xe7,
    0x1c,0xe7,0xe2,0xf3,0xe2,0xf3,0xf2,0xed,0x1c,0xe7,0xb9,0xe6,0xe2,0xf3,0xe2,0xf3,
    0xe2,0xf3,0xe2,0xf3,0xe2,0xf3,0xe2,0xf3,0xe2,0xf3,0xe2,0xf3,0xe2,0xf3,0xe2,0xf3,
    0x97,0xe6,0x1c,0xe7,0xf2,0xed,0xe2,0xf3,0xe2,0xf3,0x1c,0xe7,0x1c,0xe7,0xe2,0xf3,
    0xe2,0xf3,0xe2,0xf3,0xe2,0xf3,0xe2,0xf3,0xe2,0xf3,0xe2,0xf3,0xe2,0xf3,0xe2,0xf3,
    0xe2,0xf3,0xe2,0xf3,0xe2,0xf3,0xe2,0xf3,0xe2,0xf3,0xe2,0xf3,0xe2,0xf3,0xe2,0xf3,
    0xe2,0xf3,0x1c,0xe7,0x1c,0xe7,0xe2,0xf3,0xe2,0xf3,0xf2,0xed,0x1c,0xe7,0xb9,0xe6,
    0xe2,0xf3,0xe2,0xf3,0xe2,0xf3,0xe2,0xf3,0xe2,0xf3,0xe2,0xf3,0xe2,0xf3,0xe2,0xf3,
    0xe2,0xf3,0xe2,0xf3,0x97,0xe6,0x1c,0xe7,0xf2,0xed,0xe2,0xf3,0xe2,0xf3,0x1c,0xe7,
    0x1c,0xe7,0xe2,0xf3,0xe2,0xf3,0xe2,0xf3,0xe2,0xf3,0xe2,0xf3,0xe2,0xf3,0xe2,0xf3,
    0xe2,0xf3,0xe2,0xf3,0xe2,0xf3,0xe2,0xf3,0xe2,0xf3,0xe2,0xf3,0xe2,0xf3,0xe2,0xf3,
    0xe2,0xf3,0xe2,0xf3,0xe2,0xf3,0x1c,0xe7,0x1c,0xe7,0xe2,0xf3,0xe2,0xf3,0xf2,0xed,
    0x1c,0xe7,0xb9,0xe6,0xe2,0xf3,0xe2,0xf3,0xe2,0xf3,0xe2,0xf3,0xe2,0xf3,0xe2,0xf3,
    0xe2,0xf3,0xe2,0xf3,0xe2,0xf3,0xe2,0xf3,0x97,0xe6,0x1c,0xe7,0xf2,0xed,0xe2,0xf3,
    0xe2,0xf3,0x1c,0xe7,0x1c,0xe7,0xe2,0xf3,0xe2,0xf3,0xe2,0xf3,0xe2,0xf3,0xe2,0xf3,
    0xe2,0xf3,0xe2,0xf3,0xe2,0xf3,0xe2,0xf3,0xe2,0xf3,0xe2,0xf3,0xe2,0xf3,0xe2,0xf3,
    0xe2,0xf3,0xe2,0xf3,0xe2,0xf3,0xe2,0xf3,0xe2,0xf3,0x1c,0xe7,0x1c,0xe7,0xe2,0xf3,
    0xe2,0xf3,0xf2,0xed,0x1c,0xe7,0xfb,0xe6,0x97,0xe6,0x97,0xe6,0x97,0xe6,0x97,0xe6,
    0x97,0xe6,0x97,0xe6,0x97,0xe6,0x97,0xe6,0x97,0xe6,0x97,0xe6,0xfb,0xe6,0x1c,0xe7,
    0xf2,0xed,0xe2,0xf3,0xe2,0xf3,0x1c,0xe7,0x1c,0xe7,0xe2,0xf3,0xe2,0xf3,0xe2,0xf3,
    0xe2,0xf3,0xe2,0xf3,0xe2,0xf3,0xe2,0xf3,0xe2,0xf3,0xe2,0xf3,0x00,0x00,0xe2,0xf3,
    0xe2,0xf3,0xe2,0xf3,0xe2,0xf3,0xe2,0xf3,0xe2,0xf3,0xe2,0xf3,0xe2,0xf3,0x1c,0xe7,
    0x1c,0xe7,0xe2,0xf3,0xe2,0xf3,0xf2,0xed,0x1c,0xe7,0x1c,0xe7,0x1c,0xe7,0x1c,0xe7,
    0x1c,0xe7,0x1c,0xe7,0x1c,0xe7,0x1c,0xe7,0x1c,0xe7,0x1c,0xe7,0x1c,0xe7,0x1c,0xe7,
    0x1c,0xe7,0x1c,0xe7,0xf2,0xed,0xe2,0xf3,0xe2,0xf3,0x1c,0xe7,0x1c,0xe7,0xe2,0xf3,
    0xe2,0xf3,0xe2,0xf3,0xe2,0xf3,0xe2,0xf3,0xe2,0xf3,0xe2,0xf3,0xe2,0xf3,0x00,0x00,
    0x00,0x00,0xe2,0xf3,0xe2,0xf3,0xe2,0xf3,0xe2,0xf3,0xe2,0xf3,0xe2,0xf3,0xe2,0xf3,
    0xe2,0xf3,0x1c,0xe7,0x1c,0xe7,0xe2,0xf3,0xe2,0xf3,0x2c,0xed,0xf2,0xed,0xf2,0xed,
    0xf2,0xed,0xf2,0xed,0xf2,0xed,0xf2,0xed,0xf2,0xed,0xf2,0xed,0xf2,0xed,0xf2,0xed,
    0xf2,0xed,0xf2,0xed,0xf2,0xed,0xf2,0xed,0x2c,0xed,0xe2,0xf3,0xe2,0xf3,0x1c,0xe7,
    0x1c,0xe7,0xe2,0xf3,0xe2,0xf3,0xe2,0xf3,0xe2,0xf3,0xe2,0xf3,0xe2,0xf3,0xe2,0xf3,
    0xe2,0xf3,0x00,0x00,0x00,0x00,0xe2,0xf3,0xe2,0xf3,0xe2,0xf3,0xe2,0xf3,0xe2,0xf3,
    0xe2,0xf3,0xe2,0xf3,0xe2,0xf3,0x1c,0xe7,0x1c,0xe7,0xe2,0xf3,0xe2,0xf3,0xe2,0xf3,
    0xe2,0xf3,0xe2,0xf3,0xe2,0xf3,0xe2,0xf3,0xe2,0xf3,0xe2,0xf3,0xe2,0xf3,0xe2,0xf3,
    0xe2,0xf3,0xe2,0xf3,0xe2,0xf3,0xe2,0xf3,0xe2,0xf3,0xe2,0xf3,0xe2,0xf3,0xe2,0xf3,
    0xe2,0xf3,0x1c,0xe7,0x1c,0xe7,0xe2,0xf3,0xe2,0xf3,0xe2,0xf3,0xe2,0xf3,0xe2,0xf3,
    0xe2,0xf3,0xe2,0xf3,0xe2,0xf3,0x00,0x00,0x00,0x00,0x00,0x00,0xe2,0xf3,0xe2,0xf3,
    0xe2,0xf3,0xe2,0xf3,0xe2,0xf3,0xe2,0xf3,0xe2,0xf3,0x1c,0xe7,0x1c,0xe7,0xe2,0xf3,
    0xe2,0xf3,0xe2,0xf3,0xe2,0xf3,0xe2,0xf3,0xe2,0xf3,0xe2,0xf3,0xe2,0xf3,0xe2,0xf3,
    0xe2,0xf3,0xe2,0xf3,0xe2,0xf3,0xe2,0xf3,0xe2,0xf3,0xe2,0xf3,0xe2,0xf3,0xe2,0xf3,
    0xe2,0xf3,0xe2,0xf3,0xe2,0xf3,0x1c,0xe7,0x1c,0xe7,0xe2,0xf3,0xe2,0xf3,0xe2,0xf3,
    0xe2,0xf3,0xe2,0xf3,0xe2,0xf3,0xe2,0xf3,0x00,0x00,0x00,0x00,0x00,0x00,0x00,0x00,
    0xe2,0xf3,0xe2,0xf3,0xe2,0xf3,0xe2,0xf3,0xe2,0xf3,0xe2,0xf3,0xe2,0xf3,0x1c,0xe7,
    0x1c,0xe7,0x1c,0xe7,0x1c,0xe7,0x1c,0xe7,0x1c,0xe7,0x1c,0xe7,0x1c,0xe7,0x1c,0xe7,
    0x1c,0xe7,0x1c,0xe7,0x1c,0xe7,0x1c,0xe7,0x1c,0xe7,0x1c,0xe7,0x1c,0xe7,0x1c,0xe7,
    0x1c,0xe7,0x1c,0xe7,0x1c,0xe7,0x1c,0xe7,0x1c,0xe7,0x1c,0xe7,0x1c,0xe7,0xe2,0xf3,
    0xe2,0xf3,0xe2,0xf3,0xe2,0xf3,0xe2,0xf3,0xe2,0xf3,0xe2,0xf3,0x00,0x00,0x00,0x00,
    0x00,0x00,0x00,0x00,0x00,0x00,0xe2,0xf3,0xe2,0xf3,0xe2,0xf3,0xe2,0xf3,0xe2,0xf3,
    0xe2,0xf3,0x24,0xf4,0x1c,0xe7,0x1c,0xe7,0x1c,0xe7,0x1c,0xe7,0x1c,0xe7,0x1c,0xe7,
    0x1c,0xe7,0x1c,0xe7,0x1c,0xe7,0x1c,0xe7,0x1c,0xe7,0x1c,0xe7,0x1c,0xe7,0x1c,0xe7,
    0x1c,0xe7,0x1c,0xe7,0x1c,0xe7,0x1c,0xe7,0x1c,0xe7,0x1c,0xe7,0x1c,0xe7,0x1c,0xe7,
    0x24,0xf4,0xe2,0xf3,0xe2,0xf3,0xe2,0xf3,0xe2,0xf3,0xe2,0xf3,0xe2,0xf3,0x00,0x00,
    0x00,0x00,0x00,0x00,0x00,0x00,0x00,0x00,0x00,0x00,0xe2,0xf3,0xe2,0xf3,0xe2,0xf3,
    0xe2,0xf3,0xe2,0xf3,0xe2,0xf3,0xe2,0xf3,0xe2,0xf3,0xe2,0xf3,0xe2,0xf3,0xe2,0xf3,
    0xe2,0xf3,0xe2,0xf3,0xe2,0xf3,0xe2,0xf3,0xe2,0xf3,0xe2,0xf3,0xe2,0xf3,0xe2,0xf3,
    0xe2,0xf3,0xe2,0xf3,0xe2,0xf3,0xe2,0xf3,0xe2,0xf3,0xe2,0xf3,0xe2,0xf3,0xe2,0xf3,
    0xe2,0xf3,0xe2,0xf3,0xe2,0xf3,0xe2,0xf3,0xe2,0xf3,0xe2,0xf3,0xe2,0xf3,0xe2,0xf3,
    0xe2,0xf3,0x00,0x00,0x00,0x00,0x00,0x00,0x00,0x00,0x00,0x00,0x00,0x00,0x00,0x00,
    0xe2,0xf3,0xe2,0xf3,0xe2,0xf3,0xe2,0xf3,0xe2,0xf3,0xe2,0xf3,0xe2,0xf3,0xe2,0xf3,
    0xe2,0xf3,0xe2,0xf3,0xe2,0xf3,0xe2,0xf3,0xe2,0xf3,0xe2,0xf3,0xe2,0xf3,0xe2,0xf3,
    0xe2,0xf3,0xe2,0xf3,0xe2,0xf3,0xe2,0xf3,0xe2,0xf3,0xe2,0xf3,0xe2,0xf3,0xe2,0xf3,
    0xe2,0xf3,0xe2,0xf3,0xe2,0xf3,0xe2,0xf3,0xe2,0xf3,0xe2,0xf3,0xe2,0xf3,0xe2,0xf3,
    0xe2,0xf3,0xe2,0xf3,0x00,0x00,0x00,0x00,0x00,0x00,0x00,0x00,0x00,0x00,0x00,0x00,
    0x00,0x00,0x00,0x00,0x00,0x00,0xe2,0xf3,0xe2,0xf3,0xe2,0xf3,0xe2,0xf3,0xe2,0xf3,
    0xe2,0xf3,0xe2,0xf3,0xe2,0xf3,0xe2,0xf3,0xe2,0xf3,0xe2,0xf3,0xe2,0xf3,0xe2,0xf3,
    0xe2,0xf3,0xe2,0xf3,0xe2,0xf3,0xe2,0xf3,0xe2,0xf3,0xe2,0xf3,0xe2,0xf3,0xe2,0xf3,
    0xe2,0xf3,0xe2,0xf3,0xe2,0xf3,0xe2,0xf3,0xe2,0xf3,0xe2,0xf3,0xe2,0xf3,0xe2,0xf3,
    0xe2,0xf3,0xe2,0xf3,0xe2,0xf3,0x00,0x00,0x00,0x00,0x00,0x00,0x00,0x00,0x00,0x00,
    0x00,0x00,0x00,0x00,0x00,0x00,0x00,0x00,0x00,0x00,0x00,0x00,0xe2,0xf3,0xe2,0xf3,
    0xe2,0xf3,0xe2,0xf3,0xe2,0xf3,0xe2,0xf3,0xe2,0xf3,0xe2,0xf3,0xe2,0xf3,0xe2,0xf3,
    0xe2,0xf3,0xe2,0xf3,0xe2,0xf3,0xe2,0xf3,0xe2,0xf3,0xe2,0xf3,0xe2,0xf3,0xe2,0xf3,
    0xe2,0xf3,0xe2,0xf3,0xe2,0xf3,0xe2,0xf3,0xe2,0xf3,0xe2,0xf3,0xe2,0xf3,0xe2,0xf3,
    0xe2,0xf3,0xe2,0xf3,0xe2,0xf3,0xe2,0xf3,0x00,0x00,0x00,0x00,0x00,0x00,0x00,0x00,
    0x00,0x00,0x00,0x00,0x00,0x00,0x00,0x00,0x00,0x00,0x00,0x00,0x00,0x00,0x00,0x00,
    0x00,0x00,0xe2,0xf3,0xe2,0xf3,0xe2,0xf3,0xe2,0xf3,0xe2,0xf3,0xe2,0xf3,0xe2,0xf3,
    0xe2,0xf3,0xe2,0xf3,0xe2,0xf3,0xe2,0xf3,0xe2,0xf3,0xe2,0xf3,0xe2,0xf3,0xe2,0xf3,
    0xe2,0xf3,0xe2,0xf3,0xe2,0xf3,0xe2,0xf3,0xe2,0xf3,0xe2,0xf3,0xe2,0xf3,0xe2,0xf3,
    0xe2,0xf3,0xe2,0xf3,0xe2,0xf3,0xe2,0xf3,0xe2,0xf3,0x00,0x00,0x00,0x00,0x00,0x00,
    0x00,0x00,0x00,0x00,0x00,0x00,0x00,0x00,0x00,0x00,0x00,0x00,0x00,0x00,0x00,0x00,
    0x00,0x00,0x00,0x00,0x00,0x00,0x00,0x00,0xe2,0xf3,0xe2,0xf3,0xe2,0xf3,0xe2,0xf3,
    0xe2,0xf3,0xe2,0xf3,0xe2,0xf3,0xe2,0xf3,0xe2,0xf3,0xe2,0xf3,0xe2,0xf3,0xe2,0xf3,
    0xe2,0xf3,0xe2,0xf3,0xe2,0xf3,0xe2,0xf3,0xe2,0xf3,0xe2,0xf3,0xe2,0xf3,0xe2,0xf3,
    0xe2,0xf3,0xe2,0xf3,0xe2,0xf3,0xe2,0xf3,0xe2,0xf3,0xe2,0xf3,0x00,0x00,0x00,0x00,
    0x00,0x00,0x00,0x00,0x00,0x00,0x00,0x00,0x00,0x00,0x00,0x00,0x00,0x00,0x00,0x00,
    0x00,0x00,0x00,0x00,0x00,0x00,0x00,0x00,0x00,0x00,0x00,0x00,0x00,0x00,0x00,0x00,
    0xe2,0xf3,0xe2,0xf3,0xe2,0xf3,0xe2,0xf3,0xe2,0xf3,0xe2,0xf3,0xe2,0xf3,0xe2,0xf3,
    0xe2,0xf3,0xe2,0xf3,0xe2,0xf3,0xe2,0xf3,0xe2,0xf3,0xe2,0xf3,0xe2,0xf3,0xe2,0xf3,
    0xe2,0xf3,0xe2,0xf3,0xe2,0xf3,0xe2,0xf3,0xe2,0xf3,0xe2,0xf3,0x00,0x00,0x00,0x00,
    0x00,0x00,0x00,0x00,0x00,0x00,0x00,0x00,0x00,0x00,0x00,0x00,0x00,0x00,0x00,0x00,
    0x00,0x00,0x00,0x00,0x00,0x00,0x00,0x00,0x00,0x00,0x00,0x00,0x00,0x00,0x00,0x00,
    0x00,0x00,0x00,0x00,0x00,0x00,0x00,0x00,0xe2,0xf3,0xe2,0xf3,0xe2,0xf3,0xe2,0xf3,
    0xe2,0xf3,0xe2,0xf3,0xe2,0xf3,0xe2,0xf3,0xe2,0xf3,0xe2,0xf3,0xe2,0xf3,0xe2,0xf3,
    0xe2,0xf3,0xe2,0xf3,0xe2,0xf3,0xe2,0xf3,0xe2,0xf3,0xe2,0xf3,0x00,0x00,0x00,0x00,
    0x00,0x00,0x00,0x00,0x00,0x00,0x00,0x00,0x00,0x00,0x00,0x00,0x00,0x00,0x00,0x00,
    0x00,0x00,0x00,0x00,0x00,0x00,0x00,0x00,0x00,0x00,0x00,0x00,0x00,0x00,0x00,0x00,
    0x00,0x00,0x00,0x00,0x00,0x00,0x00,0x00,0x00,0x00,0x00,0x00,0x00,0x00,0x00,0x00,
    0x00,0x00,0xe2,0xf3,0xe2,0xf3,0xe2,0xf3,0xe2,0xf3,0xe2,0xf3,0xe2,0xf3,0xe2,0xf3,
    0xe2,0xf3,0xe2,0xf3,0xe2,0xf3,0xe2,0xf3,0xe2,0xf3,0x00,0x00,0x00,0x00,0x00,0x00,
    0x00,0x00,0x00,0x00,0x00,0x00,0x00,0x00,0x00,0x00,0x00,0x00,0x00,0x00,0x00,0x00,
    0x00,0x00,0x00,0x00,0x00,0x00,0x00,0x00,0x00,0x00,0x00,0x00,0x00,0x00,0x00,0x00,
    0x00,0x00,0x00,0x00,0x00,0x00,0x00,0x3c,0x80,0xbf,0xcf,0xff,0xff,0xff,0xff,0xcf,
    0xbf,0x80,0x3c,0x00,0x00,0x00,0x00,0x00,0x00,0x00,0x00,0x00,0x00,0x00,0x00,0x00,
    0x00,0x00,0x00,0x00,0x00,0x00,0x00,0x00,0x00,0x00,0x00,0x00,0x00,0x00,0x2d,0x9f,
    0xef,0xff,0xff,0xff,0xff,0xff,0xff,0xff,0xff,0xff,0xff,0xff,0xff,0xef,0x9f,0x2d,
    0x00,0x00,0x00,0x00,0x00,0x00,0x00,0x00,0x00,0x00,0x00,0x00,0x00,0x00,0x00,0x00,
    0x00,0x00,0x00,0x00,0x00,0x00,0x2d,0xbf,0xff,0xff,0xff,0xff,0xff,0xff,0xff,0xff,
    0xff,0xff,0xff,0xff,0xff,0xff,0xff,0xff,0xff,0xff,0xbf,0x2d,0x00,0x00,0x00,0x00,
    0x00,0x00,0x00,0x00,0x00,0x00,0x00,0x00,0x00,0x00,0x00,0x00,0x00,0x00,0x0f,0x8f,
    0xff,0xff,0xff,0xff,0xff,0xff,0xff,0xff,0xff,0xff,0xff,0xff,0xff,0xff,0xff,0xff,
    0xff,0xff,0xff,0xff,0xff,0xff,0x8f,0x0f,0x00,0x00,0x00,0x00,0x00,0x00,0x00,0x00,
    0x00,0x00,0x00,0x00,0x00,0x00,0x00,0x2d,0xcf,0xff,0xff,0xff,0xff,0xff,0xff,0xff,
    0xff,0xff,0xff,0xff,0xff,0xff,0xff,0xff,0xff,0xff,0xff,0xff,0xff,0xff,0xff,0xff,
    0xff,0xcf,0x2d,0x00,0x00,0x00,0x00,0x00,0x00,0x00,0x00,0x00,0x00,0x00,0x00,0x00,
    0x2d,0xef,0xff,0xff,0xff,0xff,0xff,0xff,0xff,0xff,0xff,0xff,0xff,0xff,0xff,0xff,
    0xff,0xff,0xff,0xff,0xff,0xff,0xff,0xff,0xff,0xff,0xff,0xff,0xef,0x2d,0x00,0x00,
    0x00,0x00,0x00,0x00,0x00,0x00,0x00,0x00,0x00,0x2d,0xef,0xff,0xff,0xff,0xff,0xff,
    0xff,0xff,0xff,0xff,0xff,0xff,0xff,0xff,0xff,0xff,0xff,0xff,0xff,0xff,0xff,0xff,
    0xff,0xff,0xff,0xff,0xff,0xff,0xff,0xef,0x2d,0x00,0x00,0x00,0x00,0x00,0x00,0x00,
    0x00,0x00,0x2d,0xef,0xff,0xff,0xff,0xff,0xff,0xff,0xff,0xff,0xff,0xff,0xff,0xff,
    0xff,0xff,0xff,0xff,0xff,0xff,0xff,0xff,0xff,0xff,0xff,0xff,0xff,0xff,0xff,0xff,
    0xff,0xff,0xef,0x2d,0x00,0x00,0x00,0x00,0x00,0x00,0x00,0x0f,0xcf,0xff,0xff,0xff,
    0xff,0xff,0xff,0xff,0xff,0xff,0xff,0xff,0xff,0xff,0xff,0xff,0xff,0xff,0xff,0xff,
    0xff,0xff,0xff,0xff,0xff,0xff,0xff,0xff,0xff,0xff,0xff,0xff,0xff,0xcf,0x0f,0x00,
    0x00,0x00,0x00,0x00,0x00,0x8f,0xff,0xff,0xff,0xff,0xff,0xff,0xff,0xff,0xff,0xff,
    0xff,0xff,0xff,0xff,0xff,0xff,0xff,0xff,0xff,0xff,0xff,0xff,0xff,0xff,0xff,0xff,
    0xff,0xff,0xff,0xff,0xff,0xff,0xff,0xff,0x8f,0x00,0x00,0x00,0x00,0x00,0x2d,0xff,
    0xff,0xff,0xff,0xff,0xff,0xff,0xff,0xff,0xff,0xff,0xff,0xff,0xff,0xff,0xff,0xff,
    0xff,0xff,0xff,0xff,0xff,0xff,0xff,0xff,0xff,0xff,0xff,0xff,0xff,0xff,0xff,0xff,
    0xff,0xff,0xff,0x2d,0x00,0x00,0x00,0x00,0xbf,0xff,0xff,0xff,0xff,0xff,0xff,0xff,
    0xff,0xff,0xff,0xff,0xff,0xff,0xff,0xff,0xff,0xff,0xff,0xff,0xff,0xff,0xff,0xff,
    0xff,0xff,0xff,0xff,0xff,0xff,0xff,0xff,0xff,0xff,0xff,0xff,0xff,0xbf,0x00,0x00,
    0x00,0x2d,0xff,0xff,0xff,0xff,0xff,0xff,0xff,0xff,0xff,0xff,0xff,0xff,0xff,0xff,
    0xff,0xff,0xff,0xff,0xff,0xff,0xff,0xff,0xff,0xff,0xff,0xff,0xff,0xff,0xff,0xff,
    0xff,0xff,0xff,0xff,0xff,0xff,0xff,0xff,0x2d,0x00,0x00,0x9f,0xff,0xff,0xff,0xff,
    0xff,0xff,0xff,0xff,0xff,0xff,0xff,0xff,0xff,0xff,0xff,0xff,0xff,0xff,0xff,0xff,
    0xff,0xff,0xff,0xff,0xff,0xff,0xff,0xff,0xff,0xff,0xff,0xff,0xff,0xff,0xff,0xff,
    0xff,0xff,0x9f,0x00,0x00,0xef,0xff,0xff,0xff,0xff,0xff,0xff,0xff,0xff,0xff,0xff,
    0xff,0xff,0xff,0xff,0xff,0xff,0xff,0xff,0xff,0xff,0xff,0xff,0xff,0xff,0xff,0xff,
    0xff,0xff,0xff,0xff,0xff,0xff,0xff,0xff,0xff,0xff,0xff,0xff,0xef,0x00,0x3c,0xff,
    0xff,0xff,0xff,0xff,0xff,0xff,0xff,0xff,0xff,0xff,0xff,0xff,0xff,0xff,0xff,0xff,
    0xff,0xff,0xff,0xff,0xff,0xff,0xff,0xff,0xff,0xff,0xff,0xff,0xff,0xff,0xff,0xff,
    0xff,0xff,0xff,0xff,0xff,0xff,0xff,0x3c,0x80,0xff,0xff,0xff,0xff,0xff,0xff,0xff,
    0xff,0xff,0xff,0xff,0xff,0xff,0xff,0xff,0xff,0xff,0xff,0xff,0xff,0xff,0xff,0xff,
    0xff,0xff,0xff,0xff,0xff,0xff,0xff,0xff,0xff,0xff,0xff,0xff,0xff,0xff,0xff,0xff,
    0xff,0x80,0xbf,0xff,0xff,0xff,0xff,0xff,0xff,0xff,0xff,0xff,0xff,0xff,0xff,0xff,
    0xff,0xff,0xff,0xff,0xff,0xff,0xff,0xff,0xff,0xff,0xff,0xff,0xff,0xff,0xff,0xff,
    0xff,0xff,0xff,0xff,0xff,0xff,0xff,0xff,0xff,0xff,0xff,0xbf,0xcf,0xff,0xff,0xff,
    0xff,0xff,0xff,0xff,0xff,0xff,0xff,0xff,0xff,0xff,0xff,0xff,0xff,0xff,0xff,0xff,
    0xff,0xff,0xff,0xff,0xff,0xff,0xff,0xff,0xff,0xff,0xff,0xff,0xff,0xff,0xff,0xff,
    0xff,0xff,0xff,0xff,0xff,0xcf,0xff,0xff,0xff,0xff,0xff,0xff,0xff,0xff,0xff,0xff,
    0xff,0xff,0xff,0xff,0xff,0xff,0xff,0xff,0xff,0xff,0xff,0xff,0xff,0xff,0xff,0xff,
    0xff,0xff,0xff,0xff,0xff,0xff,0xff,0xff,0xff,0xff,0xff,0xff,0xff,0xff,0xff,0xff,
    0xff,0xff,0xff,0xff,0xff,0xff,0xff,0xff,0xff,0xff,0xff,0xff,0xff,0xff,0xff,0xff,
    0xff,0xff,0xff,0xff,0xff,0xff,0xff,0xff,0xff,0xff,0xff,0xff,0xff,0xff,0xff,0xff,
    0xff,0xff,0xff,0xff,0xff,0xff,0xff,0xff,0xff,0xff,0xff,0xff,0xff,0xff,0xff,0xff,
    0xff,0xff,0xff,0xff,0xff,0xff,0xff,0xff,0xff,0xff,0xff,0xff,0xff,0xff,0xff,0xff,
    0xff,0xff,0xff,0xff,0xff,0xff,0xff,0xff,0xff,0xff,0xff,0xff,0xff,0xff,0xff,0xff,
    0xff,0xff,0xff,0xff,0xff,0xff,0xff,0xff,0xff,0xff,0xff,0xff,0xff,0xff,0xff,0xff,
    0xff,0xff,0xff,0xff,0xff,0xff,0xff,0xff,0xff,0xff,0xff,0xff,0xff,0xff,0xff,0xff,
    0xff,0xff,0xff,0xff,0xff,0xff,0xff,0xff,0xff,0xff,0xff,0xff,0xff,0xff,0xcf,0xff,
    0xff,0xff,0xff,0xff,0xff,0xff,0xff,0xff,0xff,0xff,0xff,0xff,0xff,0xff,0xff,0xff,
    0xff,0xff,0xff,0xff,0xff,0xff,0xff,0xff,0xff,0xff,0xff,0xff,0xff,0xff,0xff,0xff,
    0xff,0xff,0xff,0xff,0xff,0xff,0xff,0xcf,0xbf,0xff,0xff,0xff,0xff,0xff,0xff,0xff,
    0xff,0xff,0xff,0xff,0xff,0xff,0xff,0xff,0xff,0xff,0xff,0xff,0xff,0xff,0xff,0xff,
    0xff,0xff,0xff,0xff,0xff,0xff,0xff,0xff,0xff,0xff,0xff,0xff,0xff,0xff,0xff,0xff,
    0xff,0xbf,0x80,0xff,0xff,0xff,0xff,0xff,0xff,0xff,0xff,0xff,0xff,0xff,0xff,0xff,
    0xff,0xff,0xff,0xff,0xff,0xff,0xff,0xff,0xff,0xff,0xff,0xff,0xff,0xff,0xff,0xff,
    0xff,0xff,0xff,0xff,0xff,0xff,0xff,0xff,0xff,0xff,0xff,0x80,0x3c,0xff,0xff,0xff,
    0xff,0xff,0xff,0xff,0xff,0xff,0xff,0xff,0xff,0xff,0xff,0xff,0xff,0xff,0xff,0xff,
    0xff,0xff,0xff,0xff,0xff,0xff,0xff,0xff,0xff,0xff,0xff,0xff,0xff,0xff,0xff,0xff,
    0xff,0xff,0xff,0xff,0xff,0x3c,0x00,0xef,0xff,0xff,0xff,0xff,0xff,0xff,0xff,0xff,
    0xff,0xff,0xff,0xff,0xff,0xff,0xff,0xff,0xff,0xff,0xff,0xff,0xff,0xff,0xff,0xff,
    0xff,0xff,0xff,0xff,0xff,0xff,0xff,0xff,0xff,0xff,0xff,0xff,0xff,0xff,0xef,0x00,
    0x00,0x9f,0xff,0xff,0xff,0xff,0xff,0xff,0xff,0xff,0xff,0xff,0xff,0xff,0xff,0xff,
    0xff,0xff,0xff,0xff,0xff,0xff,0xff,0xff,0xff,0xff,0xff,0xff,0xff,0xff,0xff,0xff,
    0xff,0xff,0xff,0xff,0xff,0xff,0xff,0xff,0x9f,0x00,0x00,0x2d,0xff,0xff,0xff,0xff,
    0xff,0xff,0xff,0xff,0xff,0xff,0xff,0xff,0xff,0xff,0xff,0xff,0xff,0xff,0xff,0xff,
    0xff,0xff,0xff,0xff,0xff,0xff,0xff,0xff,0xff,0xff,0xff,0xff,0xff,0xff,0xff,0xff,
    0xff,0xff,0x2d,0x00,0x00,0x00,0xbf,0xff,0xff,0xff,0xff,0xff,0xff,0xff,0xff,0xff,
    0xff,0xff,0xff,0xff,0xff,0xff,0xff,0xff,0xff,0xff,0xff,0xff,0xff,0xff,0xff,0xff,
    0xff,0xff,0xff,0xff,0xff,0xff,0xff,0xff,0xff,0xff,0xff,0xbf,0x00,0x00,0x00,0x00,
    0x2d,0xff,0xff,0xff,0xff,0xff,0xff,0xff,0xff,0xff,0xff,0xff,0xff,0xff,0xff,0xff,
    0xff,0xff,0xff,0xff,0xff,0xff,0xff,0xff,0xff,0xff,0xff,0xff,0xff,0xff,0xff,0xff,
    0xff,0xff,0xff,0xff,0xff,0x2d,0x00,0x00,0x00,0x00,0x00,0x8f,0xff,0xff,0xff,0xff,
    0xff,0xff,0xff,0xff,0xff,0xff,0xff,0xff,0xff,0xff,0xff,0xff,0xff,0xff,0xff,0xff,
    0xff,0xff,0xff,0xff,0xff,0xff,0xff,0xff,0xff,0xff,0xff,0xff,0xff,0xff,0x8f,0x00,
    0x00,0x00,0x00,0x00,0x00,0x0f,0xcf,0xff,0xff,0xff,0xff,0xff,0xff,0xff,0xff,0xff,
    0xff,0xff,0xff,0xff,0xff,0xff,0xff,0xff,0xff,0xff,0xff,0xff,0xff,0xff,0xff,0xff,
    0xff,0xff,0xff,0xff,0xff,0xff,0xff,0xcf,0x0f,0x00,0x00,0x00,0x00,0x00,0x00,0x00,
    0x2d,0xef,0xff,0xff,0xff,0xff,0xff,0xff,0xff,0xff,0xff,0xff,0xff,0xff,0xff,0xff,
    0xff,0xff,0xff,0xff,0xff,0xff,0xff,0xff,0xff,0xff,0xff,0xff,0xff,0xff,0xff,0xff,
    0xef,0x2d,0x00,0x00,0x00,0x00,0x00,0x00,0x00,0x00,0x00,0x2d,0xef,0xff,0xff,0xff,
    0xff,0xff,0xff,0xff,0xff,0xff,0xff,0xff,0xff,0xff,0xff,0xff,0xff,0xff,0xff,0xff,
    0xff,0xff,0xff,0xff,0xff,0xff,0xff,0xff,0xff,0xef,0x2d,0x00,0x00,0x00,0x00,0x00,
    0x00,0x00,0x00,0x00,0x00,0x00,0x2d,0xef,0xff,0xff,0xff,0xff,0xff,0xff,0xff,0xff,
    0xff,0xff,0xff,0xff,0xff,0xff,0xff,0xff,0xff,0xff,0xff,0xff,0xff,0xff,0xff,0xff,
    0xff,0xff,0xef,0x2d,0x00,0x00,0x00,0x00,0x00,0x00,0x00,0x00,0x00,0x00,0x00,0x00,
    0x00,0x2d,0xcf,0xff,0xff,0xff,0xff,0xff,0xff,0xff,0xff,0xff,0xff,0xff,0xff,0xff,
    0xff,0xff,0xff,0xff,0xff,0xff,0xff,0xff,0xff,0xff,0xff,0xcf,0x2d,0x00,0x00,0x00,
    0x00,0x00,0x00,0x00,0x00,0x00,0x00,0x00,0x00,0x00,0x00,0x00,0x0f,0x8f,0xff,0xff,
    0xff,0xff,0xff,0xff,0xff,0xff,0xff,0xff,0xff,0xff,0xff,0xff,0xff,0xff,0xff,0xff,
    0xff,0xff,0xff,0xff,0x8f,0x0f,0x00,0x00,0x00,0x00,0x00,0x00,0x00,0x00,0x00,0x00,
    0x00,0x00,0x00,0x00,0x00,0x00,0x00,0x00,0x2d,0xbf,0xff,0xff,0xff,0xff,0xff,0xff,
    0xff,0xff,0xff,0xff,0xff,0xff,0xff,0xff,0xff,0xff,0xff,0xff,0xbf,0x2d,0x00,0x00,
    0x00,0x00,0x00,0x00,0x00,0x00,0x00,0x00,0x00,0x00,0x00,0x00,0x00,0x00,0x00,0x00,
    0x00,0x00,0x00,0x00,0x2d,0x9f,0xef,0xff,0xff,0xff,0xff,0xff,0xff,0xff,0xff,0xff,
    0xff,0xff,0xff,0xef,0x9f,0x2d,0x00,0x00,0x00,0x00,0x00,0x00,0x00,0x00,0x00,0x00,
    0x00,0x00,0x00,0x00,0x00,0x00,0x00,0x00,0x00,0x00,0x00,0x00,0x00,0x00,0x00,0x00,
    0x00,0x3c,0x80,0xbf,0xcf,0xff,0xff,0xff,0xff,0xcf,0xbf,0x80,0x3c,0x00,0x00,0x00,
    0x00,0x00,0x00,0x00,0x00,0x00,0x00,0x00,0x00,0x00,0x00,0x00,
};

const lv_image_dsc_t icon_rfid = {
    .header = {
        .magic = LV_IMAGE_HEADER_MAGIC,
        .cf = LV_COLOR_FORMAT_RGB565A8,
        .flags = 0,
        .w = 42,
        .h = 42,
        .stride = 84,
        .reserved_2 = 0,
    },
    .data_size = sizeof(icon_rfid_map),
    .data = icon_rfid_map,
    .reserved = NULL,
    .reserved_2 = NULL,
};

// Converted from SceneSelector.png (42x42, RGB565A8: RGB565 plane + A8 alpha plane)
static const uint8_t icon_sceneselector_map[] = {
    0x00,0x00,0x00,0x00,0x00,0x00,0x00,0x00,0x00,0x00,0x00,0x00,0x00,0x00,0x00,0x00,
    0x00,0x00,0x00,0x00,0x00,0x00,0x00,0x00,0x00,0x00,0x00,0x00,0x00,0x00,0xe4,0x1a,
    0xe4,0x1a,0xe4,0x1a,0xe4,0x1a,0xe4,0x1a,0xe4,0x1a,0xe4,0x1a,0xe4,0x1a,0xe4,0x1a,
    0xe4,0x1a,0xe4,0x1a,0xe4,0x1a,0x00,0x00,0x00,0x00,0x00,0x00,0x00,0x00,0x00,0x00,
    0x00,0x00,0x00,0x00,0x00,0x00,0x00,0x00,0x00,0x00,0x00,0x00,0x00,0x00,0x00,0x00,
    0x00,0x00,0x00,0x00,0x00,0x00,0x00,0x00,0x00,0x00,0x00,0x00,0x00,0x00,0x00,0x00,
    0x00,0x00,0x00,0x00,0x00,0x00,0x00,0x00,0x00,0x00,0x00,0x00,0xe4,0x1a,0xe4,0x1a,
    0xe4,0x1a,0xe4,0x1a,0xe4,0x1a,0xe4,0x1a,0xe4,0x1a,0xe4,0x1a,0xe4,0x1a,0xe4,0x1a,
    0xe4,0x1a,0xe4,0x1a,0xe4,0x1a,0xe4,0x1a,0xe4,0x1a,0xe4,0x1a,0xe4,0x1a,0xe4,0x1a,
    0x00,0x00,0x00,0x00,0x00,0x00,0x00,0x00,0x00,0x00,0x00,0x00,0x00,0x00,0x00,0x00,
    0x00,0x00,0x00,0x00,0x00,0x00,0x00,0x00,0x00,0x00,0x00,0x00,0x00,0x00,0x00,0x00,
    0x00,0x00,0x00,0x00,0x00,0x00,0x00,0x00,0x00,0x00,0x00,0x00,0xe4,0x1a,0xe4,0x1a,
    0xe4,0x1a,0xe4,0x1a,0xe4,0x1a,0xe4,0x1a,0xe4,0x1a,0xe4,0x1a,0xe4,0x1a,0xe4,0x1a,
    0xe4,0x1a,0xe4,0x1a,0xe4,0x1a,0xe4,0x1a,0xe4,0x1a,0xe4,0x1a,0xe4,0x1a,0xe4,0x1a,
    0xe4,0x1a,0xe4,0x1a,0xe4,0x1a,0xe4,0x1a,0x00,0x00,0x00,0x00,0x00,0x00,0x00,0x00,
    0x00,0x00,0x00,0x00,0x00,0x00,0x00,0x00,0x00,0x00,0x00,0x00,0x00,0x00,0x00,0x00,
    0x00,0x00,0x00,0x00,0x00,0x00,0x00,0x00,0x00,0x00,0x00,0x00,0xe4,0x1a,0xe4,0x1a,
    0xe4,0x1a,0xe4,0x1a,0xe4,0x1a,0xe4,0x1a,0xe4,0x1a,0xe4,0x1a,0xe4,0x1a,0xe4,0x1a,
    0xe4,0x1a,0xe4,0x1a,0xe4,0x1a,0xe4,0x1a,0xe4,0x1a,0xe4,0x1a,0xe4,0x1a,0xe4,0x1a,
    0xe4,0x1a,0xe4,0x1a,0xe4,0x1a,0xe4,0x1a,0xe4,0x1a,0xe4,0x1a,0xe4,0x1a,0xe4,0x1a,
    0x00,0x00,0x00,0x00,0x00,0x00,0x00,0x00,0x00,0x00,0x00,0x00,0x00,0x00,0x00,0x00,
    0x00,0x00,0x00,0x00,0x00,0x00,0x00,0x00,0x00,0x00,0x00,0x00,0x00,0x00,0xe4,0x1a,
    0xe4,0x1a,0xe4,0x1a,0xe4,0x1a,0xe4,0x1a,0xe4,0x1a,0xe4,0x1a,0xe4,0x1a,0xe4,0x1a,
    0xe4,0x1a,0xe4,0x1a,0xe4,0x1a,0xe4,0x1a,0xe4,0x1a,0xe4,0x1a,0xe4,0x1a,0xe4,0x1a,
    0xe4,0x1a,0xe4,0x1a,0xe4,0x1a,0xe4,0x1a,0xe4,0x1a,0xe4,0x1a,0xe4,0x1a,0xe4,0x1a,
    0xe4,0x1a,0xe4,0x1a,0xe4,0x1a,0x00,0x00,0x00,0x00,0x00,0x00,0x00,0x00,0x00,0x00,
    0x00,0x00,0x00,0x00,0x00,0x00,0x00,0x00,0x00,0x00,0x00,0x00,0x00,0x00,0x00,0x00,
    0xe4,0x1a,0xe4,0x1a,0xe4,0x1a,0xe4,0x1a,0xe4,0x1a,0xe4,0x1a,0xe4,0x1a,0xe4,0x1a,
    0xe4,0x1a,0xe4,0x1a,0xe4,0x1a,0xe4,0x1a,0xe4,0x1a,0xe4,0x1a,0xe4,0x1a,0xe4,0x1a,
    0xe4,0x1a,0xe4,0x1a,0xe4,0x1a,0xe4,0x1a,0xe4,0x1a,0xe4,0x1a,0xe4,0x1a,0xe4,0x1a,
    0xe4,0x1a,0xe4,0x1a,0xe4,0x1a,0xe4,0x1a,0xe4,0x1a,0xe4,0x1a,0x00,0x00,0x00,0x00,
    0x00,0x00,0x00,0x00,0x00,0x00,0x00,0x00,0x00,0x00,0x00,0x00,0x00,0x00,0x00,0x00,
    0x00,0x00,0xe4,0x1a,0xe4,0x1a,0xe4,0x1a,0xe4,0x1a,0xe4,0x1a,0xe4,0x1a,0xe4,0x1a,
    0xe4,0x1a,0xe4,0x1a,0xe4,0x1a,0xe4,0x1a,0xe4,0x1a,0xe4,0x1a,0xe4,0x1a,0xe4,0x1a,
    0xe4,0x1a,0xe4,0x1a,0xe4,0x1a,0xe4,0x1a,0xe4,0x1a,0xe4,0x1a,0xe4,0x1a,0xe4,0x1a,
    0xe4,0x1a,0xe4,0x1a,0xe4,0x1a,0xe4,0x1a,0xe4,0x1a,0xe4,0x1a,0xe4,0x1a,0xe4,0x1a,
    0xe4,0x1a,0x00,0x00,0x00,0x00,0x00,0x00,0x00,0x00,0x00,0x00,0x00,0x00,0x00,0x00,
    0x00,0x00,0x00,0x00,0xe4,0x1a,0xe4,0x1a,0xe4,0x1a,0xe4,0x1a,0xe4,0x1a,0xe4,0x1a,
    0xe4,0x1a,0xe4,0x1a,0xe4,0x1a,0xe4,0x1a,0xe4,0x1a,0xe4,0x1a,0xe4,0x1a,0xe4,0x1a,
    0xe4,0x1a,0xe4,0x1a,0xe4,0x1a,0xe4,0x1a,0xe4,0x1a,0xe4,0x1a,0xe4,0x1a,0xe4,0x1a,
    0xe4,0x1a,0xe4,0x1a,0xe4,0x1a,0xe4,0x1a,0xe4,0x1a,0xe4,0x1a,0xe4,0x1a,0xe4,0x1a,
    0xe4,0x1a,0xe4,0x1a,0xe4,0x1a,0xe4,0x1a,0x00,0x00,0x00,0x00,0x00,0x00,0x00,0x00,
    0x00,0x00,0x00,0x00,0x00,0x00,0xe4,0x1a,0xe4,0x1a,0xe4,0x1a,0xe4,0x1a,0xe4,0x1a,
    0xe4,0x1a,0xe4,0x1a,0xe4,0x1a,0xe4,0x1a,0xe4,0x1a,0xe4,0x1a,0xe4,0x1a,0xe4,0x1a,
    0xe4,0x1a,0xe4,0x1a,0xe4,0x1a,0xe4,0x1a,0xe4,0x1a,0xe4,0x1a,0xe4,0x1a,0xe4,0x1a,
    0xe4,0x1a,0xe4,0x1a,0xe4,0x1a,0xe4,0x1a,0xe4,0x1a,0xe4,0x1a,0xe4,0x1a,0xe4,0x1a,
    0xe4,0x1a,0xe4,0x1a,0xe4,0x1a,0xe4,0x1a,0xe4,0x1a,0xe4,0x1a,0xe4,0x1a,0x00,0x00,
    0x00,0x00,0x00,0x00,0x00,0x00,0x00,0x00,0x00,0x00,0xe4,0x1a,0xe4,0x1a,0xe4,0x1a,
    0xe4,0x1a,0xe4,0x1a,0xe4,0x1a,0xe4,0x1a,0xe4,0x1a,0xe4,0x1a,0xe4,0x1a,0xe4,0x1a,
    0xe4,0x1a,0xe4,0x1a,0xe4,0x1a,0xe4,0x1a,0xe4,0x1a,0xe4,0x1a,0xe4,0x1a,0xe4,0x1a,
    0xe4,0x1a,0xe4,0x1a,0xe4,0x1a,0xe4,0x1a,0xe4,0x1a,0xe4,0x1a,0xe4,0x1a,0xe4,0x1a,
    0xe4,0x1a,0xe4,0x1a,0xe4,0x1a,0xe4,0x1a,0xe4,0x1a,0xe4,0x1a,0xe4,0x1a,0xe4,0x1a,
    0xe4,0x1a,0x00,0x00,0x00,0x00,0x00,0x00,0x00,0x00,0x00,0x00,0xe4,0x1a,0xe4,0x1a,
    0xe4,0x1a,0xe4,0x1a,0xe4,0x1a,0xe4,0x1a,0xe4,0x1a,0xe4,0x1a,0xe4,0x1a,0xe4,0x1a,
    0xe4,0x1a,0xe4,0x1a,0xe4,0x1a,0xe4,0x1a,0xe4,0x1a,0xe4,0x1a,0xe4,0x1a,0xe4,0x1a,
    0xe4,0x1a,0xe4,0x1a,0xe4,0x1a,0xe4,0x1a,0xe4,0x1a,0xe4,0x1a,0xe4,0x1a,0xe4,0x1a,
    0xe4,0x1a,0xe4,0x1a,0xe4,0x1a,0xe4,0x1a,0xe4,0x1a,0xe4,0x1a,0xe4,0x1a,0xe4,0x1a,
    0xe4,0x1a,0xe4,0x1a,0xe4,0x1a,0xe4,0x1a,0x00,0x00,0x00,0x00,0x00,0x00,0x00,0x00,
    0xe4,0x1a,0xe4,0x1a,0xe4,0x1a,0xe4,0x1a,0xe4,0x1a,0xe4,0x1a,0xe4,0x1a,0xe4,0x1a,
    0xe4,0x1a,0xe4,0x1a,0xe4,0x1a,0xe4,0x1a,0xe4,0x1a,0xe4,0x1a,0xe4,0x1a,0xe4,0x1a,
    0xe4,0x1a,0xe4,0x1a,0xe4,0x1a,0xe4,0x1a,0xe4,0x1a,0xe4,0x1a,0x78,0xc6,0xe4,0x1a,
    0xe4,0x1a,0xe4,0x1a,0xe4,0x1a,0xe4,0x1a,0xe4,0x1a,0xe4,0x1a,0xe4,0x1a,0xe4,0x1a,
    0xe4,0x1a,0xe4,0x1a,0xe4,0x1a,0xe4,0x1a,0xe4,0x1a,0xe4,0x1a,0x00,0x00,0x00,0x00,
    0x00,0x00,0xe4,0x1a,0xe4,0x1a,0xe4,0x1a,0xe4,0x1a,0xe4,0x1a,0xe4,0x1a,0xe4,0x1a,
    0xe4,0x1a,0xe4,0x1a,0xe4,0x1a,0xe4,0x1a,0xe4,0x1a,0xe4,0x1a,0xe4,0x1a,0xe4,0x1a,
    0xe4,0x1a,0xe4,0x1a,0xe4,0x1a,0xe4,0x1a,0xe4,0x1a,0xe4,0x1a,0xe4,0x1a,0xef,0x7c,
    0x1c,0xe7,0xb9,0xce,0xe4,0x1a,0xe4,0x1a,0xe4,0x1a,0xe4,0x1a,0xe4,0x1a,0xe4,0x1a,
    0xe4,0x1a,0xe4,0x1a,0xe4,0x1a,0xe4,0x1a,0xe4,0x1a,0xe4,0x1a,0xe4,0x1a,0xe4,0x1a,
    0xe4,0x1a,0x00,0x00,0x00,0x00,0xe4,0x1a,0xe4,0x1a,0xe4,0x1a,0xe4,0x1a,0xe4,0x1a,
    0xe4,0x1a,0xe4,0x1a,0xe4,0x1a,0xe4,0x1a,0xe4,0x1a,0xe4,0x1a,0xe4,0x1a,0xe4,0x1a,
    0xe4,0x1a,0xe4,0x1a,0xe4,0x1a,0xe4,0x1a,0xe4,0x1a,0xe4,0x1a,0xe4,0x1a,0xe4,0x1a,
    0x46,0x2b,0x1c,0xe7,0x1c,0xe7,0x1c,0xe7,0x10,0x85,0xe4,0x1a,0xe4,0x1a,0xe4,0x1a,
    0xe4,0x1a,0xe4,0x1a,0xe4,0x1a,0xe4,0x1a,0xe4,0x1a,0xe4,0x1a,0xe4,0x1a,0xe4,0x1a,
    0xe4,0x1a,0xe4,0x1a,0xe4,0x1a,0x00,0x00,0x00,0x00,0xe4,0x1a,0xe4,0x1a,0xe4,0x1a,
    0xe4,0x1a,0xe4,0x1a,0xe4,0x1a,0xe4,0x1a,0xe4,0x1a,0xe4,0x1a,0xe4,0x1a,0xe4,0x1a,
    0xe4,0x1a,0xe4,0x1a,0xe4,0x1a,0xe4,0x1a,0xe4,0x1a,0xe4,0x1a,0xe4,0x1a,0xe4,0x1a,
    0xe4,0x1a,0xe4,0x1a,0x1c,0xe7,0x1c,0xe7,0x1c,0xe7,0x1c,0xe7,0x1c,0xe7,0x67,0x33,
    0xe4,0x1a,0xe4,0x1a,0xe4,0x1a,0xe4,0x1a,0xe4,0x1a,0xe4,0x1a,0xe4,0x1a,0xe4,0x1a,
    0xe4,0x1a,0xe4,0x1a,0xe4,0x1a,0xe4,0x1a,0xe4,0x1a,0x00,0x00,0xe4,0x1a,0xe4,0x1a,
    0xe4,0x1a,0xe4,0x1a,0xe4,0x1a,0xe4,0x1a,0xe4,0x1a,0xe4,0x1a,0xe4,0x1a,0xe4,0x1a,
    0xe4,0x1a,0xe4,0x1a,0xe4,0x1a,0xe4,0x1a,0xe4,0x1a,0xe4,0x1a,0xe4,0x1a,0xe4,0x1a,
    0xe4,0x1a,0xe4,0x1a,0xe4,0x1a,0x99,0xce,0x1c,0xe7,0x1c,0xe7,0xe4,0x1a,0xba,0xd6,
    0x1c,0xe7,0x1c,0xe7,0xe4,0x1a,0xe4,0x1a,0xe4,0x1a,0xe4,0x1a,0xe4,0x1a,0xe4,0x1a,
    0xe4,0x1a,0xe4,0x1a,0xe4,0x1a,0xe4,0x1a,0xe4,0x1a,0xe4,0x1a,0xe4,0x1a,0xe4,0x1a,
    0xe4,0x1a,0xe4,0x1a,0xe4,0x1a,0xe4,0x1a,0xe4,0x1a,0xe4,0x1a,0xe4,0x1a,0xe4,0x1a,
    0xe4,0x1a,0xe4,0x1a,0xe4,0x1a,0xe4,0x1a,0xe4,0x1a,0xe4,0x1a,0xe4,0x1a,0x6c,0x64,
    0xe4,0x1a,0xe4,0x1a,0xe4,0x1a,0xe4,0x1a,0xad,0x6c,0x1c,0xe7,0x1c,0xe7,0xc8,0x43,
    0xe4,0x1a,0xe4,0x1a,0x1c,0xe7,0x1c,0xe7,0xda,0xd6,0xe4,0x1a,0xe4,0x1a,0xe4,0x1a,
    0xe4,0x1a,0xe4,0x1a,0xe4,0x1a,0xe4,0x1a,0xe4,0x1a,0xe4,0x1a,0xe4,0x1a,0xe4,0x1a,
    0xe4,0x1a,0xe4,0x1a,0xe4,0x1a,0xe4,0x1a,0xe4,0x1a,0xe4,0x1a,0xe4,0x1a,0xe4,0x1a,
    0xe4,0x1a,0xe4,0x1a,0xe4,0x1a,0xe4,0x1a,0xe4,0x1a,0xe4,0x1a,0xe4,0x1a,0xe4,0x1a,
    0x72,0x95,0x1c,0xe7,0x25,0x2b,0xe4,0x1a,0xe4,0x1a,0x46,0x2b,0x1c,0xe7,0x1c,0xe7,
    0x72,0x95,0xe4,0x1a,0xe4,0x1a,0xe4,0x1a,0x87,0x33,0x1c,0xe7,0x1c,0xe7,0x10,0x85,
    0xe4,0x1a,0xe4,0x1a,0xe4,0x1a,0xe4,0x1a,0xe4,0x1a,0xe4,0x1a,0xe4,0x1a,0xe4,0x1a,
    0xe4,0x1a,0xe4,0x1a,0xe4,0x1a,0xe4,0x1a,0xe4,0x1a,0xe4,0x1a,0xe4,0x1a,0xe4,0x1a,
    0xe4,0x1a,0xe4,0x1a,0xe4,0x1a,0xe4,0x1a,0xe4,0x1a,0xe4,0x1a,0xe4,0x1a,0xe4,0x1a,
    0xe4,0x1a,0xa8,0x3b,0x1c,0xe7,0x1c,0xe7,0x1c,0xe7,0xe4,0x1a,0xe4,0x1a,0x87,0x3b,
    0x1c,0xe7,0xda,0xd6,0xe4,0x1a,0xe4,0x1a,0xe4,0x1a,0xe4,0x1a,0xe4,0x1a,0x31,0x85,
    0x1c,0xe7,0x1c,0xe7,0x67,0x33,0xe4,0x1a,0xe4,0x1a,0xe4,0x1a,0xe4,0x1a,0xe4,0x1a,
    0xe4,0x1a,0xe4,0x1a,0xe4,0x1a,0xe4,0x1a,0xe4,0x1a,0xe4,0x1a,0xe4,0x1a,0xe4,0x1a,
    0xe4,0x1a,0xe4,0x1a,0xe4,0x1a,0xe4,0x1a,0xe4,0x1a,0xe4,0x1a,0xe4,0x1a,0xe4,0x1a,
    0xe4,0x1a,0xe4,0x1a,0xe4,0x1a,0x1c,0xe7,0x1c,0xe7,0x1c,0xe7,0x1c,0xe7,0x78,0xc6,
    0xe4,0x1a,0xe4,0x1a,0x52,0x8d,0xe4,0x1a,0xe4,0x1a,0xe4,0x1a,0xe4,0x1a,0xe4,0x1a,
    0xe4,0x1a,0xe4,0x1a,0xda,0xd6,0x1c,0xe7,0x1c,0xe7,0xe4,0x1a,0xe4,0x1a,0xe4,0x1a,
    0xe4,0x1a,0xe4,0x1a,0xe4,0x1a,0xe4,0x1a,0xe4,0x1a,0xe4,0x1a,0xe4,0x1a,0xe4,0x1a,
    0xe4,0x1a,0xe4,0x1a,0xe4,0x1a,0xe4,0x1a,0xe4,0x1a,0xe4,0x1a,0xe4,0x1a,0xe4,0x1a,
    0xe4,0x1a,0xe4,0x1a,0xe4,0x1a,0xe4,0x1a,0xda,0xd6,0x1c,0xe7,0x1c,0xe7,0xe9,0x4b,
    0x1c,0xe7,0x1c,0xe7,0x6d,0x64,0xe4,0x1a,0xe4,0x1a,0xe4,0x1a,0xe4,0x1a,0xe4,0x1a,
    0xe4,0x1a,0xe4,0x1a,0xe4,0x1a,0xe4,0x1a,0xe4,0x1a,0x1c,0xe7,0x1c,0xe7,0xda,0xd6,
    0xe4,0x1a,0xe4,0x1a,0xe4,0x1a,0xe4,0x1a,0xe4,0x1a,0xe4,0x1a,0xe4,0x1a,0xe4,0x1a,
    0xe4,0x1a,0xe4,0x1a,0xe4,0x1a,0xe4,0x1a,0xe4,0x1a,0xe4,0x1a,0xe4,0x1a,0xe4,0x1a,
    0xe4,0x1a,0xe4,0x1a,0xe4,0x1a,0xe4,0x1a,0xe4,0x1a,0x72,0x95,0x1c,0xe7,0x1c,0xe7,
    0x46,0x2b,0xe4,0x1a,0xb3,0x9d,0x1c,0xe7,0x1c,0xe7,0x25,0x2b,0xe4,0x1a,0xe4,0x1a,
    0xe4,0x1a,0xe4,0x1a,0xe4,0x1a,0xe4,0x1a,0xe4,0x1a,0xe4,0x1a,0xe4,0x1a,0x66,0x33,
    0x1c,0xe7,0x1c,0xe7,0x10,0x85,0xe4,0x1a,0xe4,0x1a,0xe4,0x1a,0xe4,0x1a,0xe4,0x1a,
    0xe4,0x1a,0xe4,0x1a,0xe4,0x1a,0xe4,0x1a,0xe4,0x1a,0xe4,0x1a,0xe4,0x1a,0xe4,0x1a,
    0xe4,0x1a,0xe4,0x1a,0xe4,0x1a,0xe4,0x1a,0xe4,0x1a,0xe4,0x1a,0xa8,0x3b,0x1c,0xe7,
    0x1c,0xe7,0xae,0x74,0xe4,0x1a,0xe4,0x1a,0xe4,0x1a,0xda,0xd6,0x1c,0xe7,0x1c,0xe7,
    0xe4,0x1a,0xe4,0x1a,0xe4,0x1a,0xe4,0x1a,0xe4,0x1a,0xe4,0x1a,0xe4,0x1a,0xe4,0x1a,
    0xe4,0x1a,0xe4,0x1a,0x10,0x85,0x1c,0xe7,0x1c,0xe7,0x67,0x33,0xe4,0x1a,0xe4,0x1a,
    0xe4,0x1a,0xe4,0x1a,0xe4,0x1a,0xe4,0x1a,0xe4,0x1a,0xe4,0x1a,0xe4,0x1a,0xe4,0x1a,
    0xe4,0x1a,0xe4,0x1a,0xe4,0x1a,0xe4,0x1a,0xe4,0x1a,0xe4,0x1a,0xe4,0x1a,0xe4,0x1a,
    0x1c,0xe7,0x1c,0xe7,0x78,0xc6,0xe4,0x1a,0xe4,0x1a,0xe4,0x1a,0xe4,0x1a,0xe4,0x1a,
    0x1c,0xe7,0x1c,0xe7,0x57,0xbe,0xe4,0x1a,0xe4,0x1a,0xe4,0x1a,0xe4,0x1a,0xe4,0x1a,
    0xe4,0x1a,0xe4,0x1a,0xe4,0x1a,0xe4,0x1a,0xe4,0x1a,0xb9,0xce,0x1c,0xe7,0x1c,0xe7,
    0xe4,0x1a,0xe4,0x1a,0xe4,0x1a,0xe4,0x1a,0xe4,0x1a,0xe4,0x1a,0xe4,0x1a,0xe4,0x1a,
    0xe4,0x1a,0xe4,0x1a,0xe4,0x1a,0xe4,0x1a,0xe4,0x1a,0xe4,0x1a,0xe4,0x1a,0xe4,0x1a,
    0xe4,0x1a,0xda,0xd6,0x1c,0xe7,0x1c,0xe7,0xe4,0x1a,0xe4,0x1a,0xe4,0x1a,0xe4,0x1a,
    0xe4,0x1a,0xe4,0x1a,0xc9,0x43,0x1c,0xe7,0x1c,0xe7,0x8d,0x64,0xe4,0x1a,0xe4,0x1a,
    0xe4,0x1a,0xe4,0x1a,0xe4,0x1a,0xe4,0x1a,0xe4,0x1a,0xe4,0x1a,0xe4,0x1a,0xe4,0x1a,
    0x1c,0xe7,0x1c,0xe7,0xb9,0xce,0xe4,0x1a,0xe4,0x1a,0xe4,0x1a,0xe4,0x1a,0xe4,0x1a,
    0xe4,0x1a,0xe4,0x1a,0xe4,0x1a,0xe4,0x1a,0xe4,0x1a,0xe4,0x1a,0xe4,0x1a,0xe4,0x1a,
    0xe4,0x1a,0xe4,0x1a,0x72,0x95,0x1c,0xe7,0x1c,0xe7,0x1c,0xe7,0x1c,0xe7,0x1c,0xe7,
    0x1c,0xe7,0x1c,0xe7,0x1c,0xe7,0x1c,0xe7,0x1c,0xe7,0x1c,0xe7,0x1c,0xe7,0x1c,0xe7,
    0x1c,0xe7,0x1c,0xe7,0x1c,0xe7,0x1c,0xe7,0x1c,0xe7,0x1c,0xe7,0x1c,0xe7,0x1c,0xe7,
    0x1c,0xe7,0x1c,0xe7,0x1c,0xe7,0x1c,0xe7,0x1c,0xe7,0x10,0x85,0xe4,0x1a,0xe4,0x1a,
    0xe4,0x1a,0xe4,0x1a,0xe4,0x1a,0xe4,0x1a,0xe4,0x1a,0xe4,0x1a,0xe4,0x1a,0xe4,0x1a,
    0xe4,0x1a,0xe4,0x1a,0xe4,0x1a,0xa8,0x3b,0x1c,0xe7,0x1c,0xe7,0x1c,0xe7,0x1c,0xe7,
    0x1c,0xe7,0x1c,0xe7,0x1c,0xe7,0x1c,0xe7,0x1c,0xe7,0x1c,0xe7,0x1c,0xe7,0x1c,0xe7,
    0x1c,0xe7,0x1c,0xe7,0x1c,0xe7,0x1c,0xe7,0x1c,0xe7,0x1c,0xe7,0x1c,0xe7,0x1c,0xe7,
    0x1c,0xe7,0x1c,0xe7,0x1c,0xe7,0x1c,0xe7,0x1c,0xe7,0x1c,0xe7,0x1c,0xe7,0x1c,0xe7,
    0x67,0x33,0xe4,0x1a,0xe4,0x1a,0xe4,0x1a,0xe4,0x1a,0xe4,0x1a,0x00,0x00,0xe4,0x1a,
    0xe4,0x1a,0xe4,0x1a,0xe4,0x1a,0xe4,0x1a,0xe4,0x1a,0xe4,0x1a,0xe4,0x1a,0xe4,0x1a,
    0xe4,0x1a,0xe4,0x1a,0xe4,0x1a,0xe4,0x1a,0xe4,0x1a,0xe4,0x1a,0xe4,0x1a,0xe4,0x1a,
    0xe4,0x1a,0xe4,0x1a,0xe4,0x1a,0xe4,0x1a,0xe4,0x1a,0xe4,0x1a,0xe4,0x1a,0xe4,0x1a,
    0xe4,0x1a,0xe4,0x1a,0xe4,0x1a,0xe4,0x1a,0xe4,0x1a,0xe4,0x1a,0xe4,0x1a,0xe4,0x1a,
    0xe4,0x1a,0xe4,0x1a,0xe4,0x1a,0xe4,0x1a,0xe4,0x1a,0xe4,0x1a,0xe4,0x1a,0x00,0x00,
    0x00,0x00,0xe4,0x1a,0xe4,0x1a,0xe4,0x1a,0xe4,0x1a,0xe4,0x1a,0xe4,0x1a,0xe4,0x1a,
    0xe4,0x1a,0xe4,0x1a,0xe4,0x1a,0xe4,0x1a,0xe4,0x1a,0xe4,0x1a,0xe4,0x1a,0xe4,0x1a,
    0xe4,0x1a,0xe4,0x1a,0xe4,0x1a,0xe4,0x1a,0xe4,0x1a,0xe4,0x1a,0xe4,0x1a,0xe4,0x1a,
    0xe4,0x1a,0xe4,0x1a,0xe4,0x1a,0xe4,0x1a,0xe4,0x1a,0xe4,0x1a,0xe4,0x1a,0xe4,0x1a,
    0xe4,0x1a,0xe4,0x1a,0xe4,0x1a,0xe4,0x1a,0xe4,0x1a,0xe4,0x1a,0xe4,0x1a,0xe4,0x1a,
    0xe4,0x1a,0x00,0x00,0x00,0x00,0xe4,0x1a,0xe4,0x1a,0xe4,0x1a,0xe4,0x1a,0xe4,0x1a,
    0xe4,0x1a,0xe4,0x1a,0xe4,0x1a,0xe4,0x1a,0xe4,0x1a,0xe4,0x1a,0xe4,0x1a,0xe4,0x1a,
    0xe4,0x1a,0xe4,0x1a,0xe4,0x1a,0xe4,0x1a,0xe4,0x1a,0xe4,0x1a,0xe4,0x1a,0xe4,0x1a,
    0xe4,0x1a,0xe4,0x1a,0xe4,0x1a,0xe4,0x1a,0xe4,0x1a,0xe4,0x1a,0xe4,0x1a,0xe4,0x1a,
    0xe4,0x1a,0xe4,0x1a,0xe4,0x1a,0xe4,0x1a,0xe4,0x1a,0xe4,0x1a,0xe4,0x1a,0xe4,0x1a,
    0xe4,0x1a,0xe4,0x1a,0xe4,0x1a,0x00,0x00,0x00,0x00,0x00,0x00,0xe4,0x1a,0xe4,0x1a,
    0xe4,0x1a,0xe4,0x1a,0xe4,0x1a,0xe4,0x1a,0xe4,0x1a,0xe4,0x1a,0xe4,0x1a,0xe4,0x1a,
    0xe4,0x1a,0xe4,0x1a,0xe4,0x1a,0xe4,0x1a,0xe4,0x1a,0xe4,0x1a,0xe4,0x1a,0xe4,0x1a,
    0xe4,0x1a,0xe4,0x1a,0xe4,0x1a,0xe4,0x1a,0xe4,0x1a,0xe4,0x1a,0xe4,0x1a,0xe4,0x1a,
    0xe4,0x1a,0xe4,0x1a,0xe4,0x1a,0xe4,0x1a,0xe4,0x1a,0xe4,0x1a,0xe4,0x1a,0xe4,0x1a,
    0xe4,0x1a,0xe4,0x1a,0xe4,0x1a,0xe4,0x1a,0x00,0x00,0x00,0x00,0x00,0x00,0x00,0x00,
    0xe4,0x1a,0xe4,0x1a,0xe4,0x1a,0xe4,0x1a,0xe4,0x1a,0xe4,0x1a,0xe4,0x1a,0xe4,0x1a,
    0xe4,0x1a,0xe4,0x1a,0xe4,0x1a,0xe4,0x1a,0xe4,0x1a,0xe4,0x1a,0xe4,0x1a,0xe4,0x1a,
    0xe4,0x1a,0xe4,0x1a,0xe4,0x1a,0xe4,0x1a,0xe4,0x1a,0xe4,0x1a,0xe4,0x1a,0xe4,0x1a,
    0xe4,0x1a,0xe4,0x1a,0xe4,0x1a,0xe4,0x1a,0xe4,0x1a,0xe4,0x1a,0xe4,0x1a,0xe4,0x1a,
    0xe4,0x1a,0xe4,0x1a,0xe4,0x1a,0xe4,0x1a,0xe4,0x1a,0xe4,0x1a,0x00,0x00,0x00,0x00,
    0x00,0x00,0x00,0x00,0x00,0x00,0xe4,0x1a,0xe4,0x1a,0xe4,0x1a,0xe4,0x1a,0xe4,0x1a,
    0xe4,0x1a,0xe4,0x1a,0xe4,0x1a,0xe4,0x1a,0xe4,0x1a,0xe4,0x1a,0xe4,0x1a,0xe4,0x1a,
    0xe4,0x1a,0xe4,0x1a,0xe4,0x1a,0xe4,0x1a,0xe4,0x1a,0xe4,0x1a,0xe4,0x1a,0xe4,0x1a,
    0xe4,0x1a,0xe4,0x1a,0xe4,0x1a,0xe4,0x1a,0xe4,0x1a,0xe4,0x1a,0xe4,0x1a,0xe4,0x1a,
    0xe4,0x1a,0xe4,0x1a,0xe4,0x1a,0xe4,0x1a,0xe4,0x1a,0xe4,0x1a,0xe4,0x1a,0x00,0x00,
    0x00,0x00,0x00,0x00,0x00,0x00,0x00,0x00,0x00,0x00,0xe4,0x1a,0xe4,0x1a,0xe4,0x1a,
    0xe4,0x1a,0xe4,0x1a,0xe4,0x1a,0xe4,0x1a,0xe4,0x1a,0xe4,0x1a,0xe4,0x1a,0xe4,0x1a,
    0xe4,0x1a,0xe4,0x1a,0xe4,0x1a,0xe4,0x1a,0xe4,0x1a,0xe4,0x1a,0xe4,0x1a,0xe4,0x1a,
    0xe4,0x1a,0xe4,0x1a,0xe4,0x1a,0xe4,0x1a,0xe4,0x1a,0xe4,0x1a,0xe4,0x1a,0xe4,0x1a,
    0xe4,0x1a,0xe4,0x1a,0xe4,0x1a,0xe4,0x1a,0xe4,0x1a,0xe4,0x1a,0xe4,0x1a,0xe4,0x1a,
    0xe4,0x1a,0x00,0x00,0x00,0x00,0x00,0x00,0x00,0x00,0x00,0x00,0x00,0x00,0x00,0x00,
    0xe4,0x1a,0xe4,0x1a,0xe4,0x1a,0xe4,0x1a,0xe4,0x1a,0xe4,0x1a,0xe4,0x1a,0xe4,0x1a,
    0xe4,0x1a,0xe4,0x1a,0xe4,0x1a,0xe4,0x1a,0xe4,0x1a,0xe4,0x1a,0xe4,0x1a,0xe4,0x1a,
    0xe4,0x1a,0xe4,0x1a,0xe4,0x1a,0xe4,0x1a,0xe4,0x1a,0xe4,0x1a,0xe4,0x1a,0xe4,0x1a,
    0xe4,0x1a,0xe4,0x1a,0xe4,0x1a,0xe4,0x1a,0xe4,0x1a,0xe4,0x1a,0xe4,0x1a,0xe4,0x1a,
    0xe4,0x1a,0xe4,0x1a,0x00,0x00,0x00,0x00,0x00,0x00,0x00,0x00,0x00,0x00,0x00,0x00,
    0x00,0x00,0x00,0x00,0x00,0x00,0xe4,0x1a,0xe4,0x1a,0xe4,0x1a,0xe4,0x1a,0xe4,0x1a,
    0xe4,0x1a,0xe4,0x1a,0xe4,0x1a,0xe4,0x1a,0xe4,0x1a,0xe4,0x1a,0xe4,0x1a,0xe4,0x1a,
    0xe4,0x1a,0xe4,0x1a,0xe4,0x1a,0xe4,0x1a,0xe4,0x1a,0xe4,0x1a,0xe4,0x1a,0xe4,0x1a,
    0xe4,0x1a,0xe4,0x1a,0xe4,0x1a,0xe4,0x1a,0xe4,0x1a,0xe4,0x1a,0xe4,0x1a,0xe4,0x1a,
    0xe4,0x1a,0xe4,0x1a,0xe4,0x1a,0x00,0x00,0x00,0x00,0x00,0x00,0x00,0x00,0x00,0x00,
    0x00,0x00,0x00,0x00,0x00,0x00,0x00,0x00,0x00,0x00,0x00,0x00,0xe4,0x1a,0xe4,0x1a,
    0xe4,0x1a,0xe4,0x1a,0xe4,0x1a,0xe4,0x1a,0xe4,0x1a,0xe4,0x1a,0xe4,0x1a,0xe4,0x1a,
    0xe4,0x1a,0xe4,0x1a,0xe4,0x1a,0xe4,0x1a,0xe4,0x1a,0xe4,0x1a,0xe4,0x1a,0xe4,0x1a,
    0xe4,0x1a,0xe4,0x1a,0xe4,0x1a,0xe4,0x1a,0xe4,0x1a,0xe4,0x1a,0xe4,0x1a,0xe4,0x1a,
    0xe4,0x1a,0xe4,0x1a,0xe4,0x1a,0xe4,0x1a,0x00,0x00,0x00,0x00,0x00,0x00,0x00,0x00,
    0x00,0x00,0x00,0x00,0x00,0x00,0x00,0x00,0x00,0x00,0x00,0x00,0x00,0x00,0x00,0x00,
    0x00,0x00,0xe4,0x1a,0xe4,0x1a,0xe4,0x1a,0xe4,0x1a,0xe4,0x1a,0xe4,0x1a,0xe4,0x1a,
    0xe4,0x1a,0xe4,0x1a,0xe4,0x1a,0xe4,0x1a,0xe4,0x1a,0xe4,0x1a,0xe4,0x1a,0xe4,0x1a,
    0xe4,0x1a,0xe4,0x1a,0xe4,0x1a,0xe4,0x1a,0xe4,0x1a,0xe4,0x1a,0xe4,0x1a,0xe4,0x1a,
    0xe4,0x1a,0xe4,0x1a,0xe4,0x1a,0xe4,0x1a,0xe4,0x1a,0x00,0x00,0x00,0x00,0x00,0x00,
    0x00,0x00,0x00,0x00,0x00,0x00,0x00,0x00,0x00,0x00,0x00,0x00,0x00,0x00,0x00,0x00,
    0x00,0x00,0x00,0x00,0x00,0x00,0x00,0x00,0xe4,0x1a,0xe4,0x1a,0xe4,0x1a,0xe4,0x1a,
    0xe4,0x1a,0xe4,0x1a,0xe4,0x1a,0xe4,0x1a,0xe4,0x1a,0xe4,0x1a,0xe4,0x1a,0xe4,0x1a,
    0xe4,0x1a,0xe4,0x1a,0xe4,0x1a,0xe4,0x1a,0xe4,0x1a,0xe4,0x1a,0xe4,0x1a,0xe4,0x1a,
    0xe4,0x1a,0xe4,0x1a,0xe4,0x1a,0xe4,0x1a,0xe4,0x1a,0xe4,0x1a,0x00,0x00,0x00,0x00,
    0x00,0x00,0x00,0x00,0x00,0x00,0x00,0x00,0x00,0x00,0x00,0x00,0x00,0x00,0x00,0x00,
    0x00,0x00,0x00,0x00,0x00,0x00,0x00,0x00,0x00,0x00,0x00,0x00,0x00,0x00,0x00,0x00,
    0xe4,0x1a,0xe4,0x1a,0xe4,0x1a,0xe4,0x1a,0xe4,0x1a,0xe4,0x1a,0xe4,0x1a,0xe4,0x1a,
    0xe4,0x1a,0xe4,0x1a,0xe4,0x1a,0xe4,0x1a,0xe4,0x1a,0xe4,0x1a,0xe4,0x1a,0xe4,0x1a,
    0xe4,0x1a,0xe4,0x1a,0xe4,0x1a,0xe4,0x1a,0xe4,0x1a,0xe4,0x1a,0x00,0x00,0x00,0x00,
    0x00,0x00,0x00,0x00,0x00,0x00,0x00,0x00,0x00,0x00,0x00,0x00,0x00,0x00,0x00,0x00,
    0x00,0x00,0x00,0x00,0x00,0x00,0x00,0x00,0x00,0x00,0x00,0x00,0x00,0x00,0x00,0x00,
    0x00,0x00,0x00,0x00,0x00,0x00,0x00,0x00,0xe4,0x1a,0xe4,0x1a,0xe4,0x1a,0xe4,0x1a,
    0xe4,0x1a,0xe4,0x1a,0xe4,0x1a,0xe4,0x1a,0xe4,0x1a,0xe4,0x1a,0xe4,0x1a,0xe4,0x1a,
    0xe4,0x1a,0xe4,0x1a,0xe4,0x1a,0xe4,0x1a,0xe4,0x1a,0xe4,0x1a,0x00,0x00,0x00,0x00,
    0x00,0x00,0x00,0x00,0x00,0x00,0x00,0x00,0x00,0x00,0x00,0x00,0x00,0x00,0x00,0x00,
    0x00,0x00,0x00,0x00,0x00,0x00,0x00,0x00,0x00,0x00,0x00,0x00,0x00,0x00,0x00,0x00,
    0x00,0x00,0x00,0x00,0x00,0x00,0x00,0x00,0x00,0x00,0x00,0x00,0x00,0x00,0x00,0x00,
    0x00,0x00,0xe4,0x1a,0xe4,0x1a,0xe4,0x1a,0xe4,0x1a,0xe4,0x1a,0xe4,0x1a,0xe4,0x1a,
    0xe4,0x1a,0xe4,0x1a,0xe4,0x1a,0xe4,0x1a,0xe4,0x1a,0x00,0x00,0x00,0x00,0x00,0x00,
    0x00,0x00,0x00,0x00,0x00,0x00,0x00,0x00,0x00,0x00,0x00,0x00,0x00,0x00,0x00,0x00,
    0x00,0x00,0x00,0x00,0x00,0x00,0x00,0x00,0x00,0x00,0x00,0x00,0x00,0x00,0x00,0x00,
    0x00,0x00,0x00,0x00,0x00,0x00,0x00,0x3c,0x80,0xbf,0xcf,0xff,0xff,0xff,0xff,0xcf,
    0xbf,0x80,0x3c,0x00,0x00,0x00,0x00,0x00,0x00,0x00,0x00,0x00,0x00,0x00,0x00,0x00,
    0x00,0x00,0x00,0x00,0x00,0x00,0x00,0x00,0x00,0x00,0x00,0x00,0x00,0x00,0x2d,0x9f,
    0xef,0xff,0xff,0xff,0xff,0xff,0xff,0xff,0xff,0xff,0xff,0xff,0xff,0xef,0x9f,0x2d,
    0x00,0x00,0x00,0x00,0x00,0x00,0x00,0x00,0x00,0x00,0x00,0x00,0x00,0x00,0x00,0x00,
    0x00,0x00,0x00,0x00,0x00,0x00,0x2d,0xbf,0xff,0xff,0xff,0xff,0xff,0xff,0xff,0xff,
    0xff,0xff,0xff,0xff,0xff,0xff,0xff,0xff,0xff,0xff,0xbf,0x2d,0x00,0x00,0x00,0x00,
    0x00,0x00,0x00,0x00,0x00,0x00,0x00,0x00,0x00,0x00,0x00,0x00,0x00,0x00,0x0f,0x8f,
    0xff,0xff,0xff,0xff,0xff,0xff,0xff,0xff,0xff,0xff,0xff,0xff,0xff,0xff,0xff,0xff,
    0xff,0xff,0xff,0xff,0xff,0xff,0x8f,0x0f,0x00,0x00,0x00,0x00,0x00,0x00,0x00,0x00,
    0x00,0x00,0x00,0x00,0x00,0x00,0x00,0x2d,0xcf,0xff,0xff,0xff,0xff,0xff,0xff,0xff,
    0xff,0xff,0xff,0xff,0xff,0xff,0xff,0xff,0xff,0xff,0xff,0xff,0xff,0xff,0xff,0xff,
    0xff,0xcf,0x2d,0x00,0x00,0x00,0x00,0x00,0x00,0x00,0x00,0x00,0x00,0x00,0x00,0x00,
    0x2d,0xef,0xff,0xff,0xff,0xff,0xff,0xff,0xff,0xff,0xff,0xff,0xff,0xff,0xff,0xff,
    0xff,0xff,0xff,0xff,0xff,0xff,0xff,0xff,0xff,0xff,0xff,0xff,0xef,0x2d,0x00,0x00,
    0x00,0x00,0x00,0x00,0x00,0x00,0x00,0x00,0x00,0x2d,0xef,0xff,0xff,0xff,0xff,0xff,
    0xff,0xff,0xff,0xff,0xff,0xff,0xff,0xff,0xff,0xff,0xff,0xff,0xff,0xff,0xff,0xff,
    0xff,0xff,0xff,0xff,0xff,0xff,0xff,0xef,0x2d,0x00,0x00,0x00,0x00,0x00,0x00,0x00,
    0x00,0x00,0x2d,0xef,0xff,0xff,0xff,0xff,0xff,0xff,0xff,0xff,0xff,0xff,0xff,0xff,
    0xff,0xff,0xff,0xff,0xff,0xff,0xff,0xff,0xff,0xff,0xff,0xff,0xff,0xff,0xff,0xff,
    0xff,0xff,0xef,0x2d,0x00,0x00,0x00,0x00,0x00,0x00,0x00,0x0f,0xcf,0xff,0xff,0xff,
    0xff,0xff,0xff,0xff,0xff,0xff,0xff,0xff,0xff,0xff,0xff,0xff,0xff,0xff,0xff,0xff,
    0xff,0xff,0xff,0xff,0xff,0xff,0xff,0xff,0xff,0xff,0xff,0xff,0xff,0xcf,0x0f,0x00,
    0x00,0x00,0x00,0x00,0x00,0x8f,0xff,0xff,0xff,0xff,0xff,0xff,0xff,0xff,0xff,0xff,
    0xff,0xff,0xff,0xff,0xff,0xff,0xff,0xff,0xff,0xff,0xff,0xff,0xff,0xff,0xff,0xff,
    0xff,0xff,0xff,0xff,0xff,0xff,0xff,0xff,0x8f,0x00,0x00,0x00,0x00,0x00,0x2d,0xff,
    0xff,0xff,0xff,0xff,0xff,0xff,0xff,0xff,0xff,0xff,0xff,0xff,0xff,0xff,0xff,0xff,
    0xff,0xff,0xff,0xff,0xff,0xff,0xff,0xff,0xff,0xff,0xff,0xff,0xff,0xff,0xff,0xff,
    0xff,0xff,0xff,0x2d,0x00,0x00,0x00,0x00,0xbf,0xff,0xff,0xff,0xff,0xff,0xff,0xff,
    0xff,0xff,0xff,0xff,0xff,0xff,0xff,0xff,0xff,0xff,0xff,0xff,0xff,0xff,0xff,0xff,
    0xff,0xff,0xff,0xff,0xff,0xff,0xff,0xff,0xff,0xff,0xff,0xff,0xff,0xbf,0x00,0x00,
    0x00,0x2d,0xff,0xff,0xff,0xff,0xff,0xff,0xff,0xff,0xff,0xff,0xff,0xff,0xff,0xff,
    0xff,0xff,0xff,0xff,0xff,0xff,0xff,0xff,0xff,0xff,0xff,0xff,0xff,0xff,0xff,0xff,
    0xff,0xff,0xff,0xff,0xff,0xff,0xff,0xff,0x2d,0x00,0x00,0x9f,0xff,0xff,0xff,0xff,
    0xff,0xff,0xff,0xff,0xff,0xff,0xff,0xff,0xff,0xff,0xff,0xff,0xff,0xff,0xff,0xff,
    0xff,0xff,0xff,0xff,0xff,0xff,0xff,0xff,0xff,0xff,0xff,0xff,0xff,0xff,0xff,0xff,
    0xff,0xff,0x9f,0x00,0x00,0xef,0xff,0xff,0xff,0xff,0xff,0xff,0xff,0xff,0xff,0xff,
    0xff,0xff,0xff,0xff,0xff,0xff,0xff,0xff,0xff,0xff,0xff,0xff,0xff,0xff,0xff,0xff,
    0xff,0xff,0xff,0xff,0xff,0xff,0xff,0xff,0xff,0xff,0xff,0xff,0xef,0x00,0x3c,0xff,
    0xff,0xff,0xff,0xff,0xff,0xff,0xff,0xff,0xff,0xff,0xff,0xff,0xff,0xff,0xff,0xff,
    0xff,0xff,0xff,0xff,0xff,0xff,0xff,0xff,0xff,0xff,0xff,0xff,0xff,0xff,0xff,0xff,
    0xff,0xff,0xff,0xff,0xff,0xff,0xff,0x3c,0x80,0xff,0xff,0xff,0xff,0xff,0xff,0xff,
    0xff,0xff,0xff,0xff,0xff,0xff,0xff,0xff,0xff,0xff,0xff,0xff,0xff,0xff,0xff,0xff,
    0xff,0xff,0xff,0xff,0xff,0xff,0xff,0xff,0xff,0xff,0xff,0xff,0xff,0xff,0xff,0xff,
    0xff,0x80,0xbf,0xff,0xff,0xff,0xff,0xff,0xff,0xff,0xff,0xff,0xff,0xff,0xff,0xff,
    0xff,0xff,0xff,0xff,0xff,0xff,0xff,0xff,0xff,0xff,0xff,0xff,0xff,0xff,0xff,0xff,
    0xff,0xff,0xff,0xff,0xff,0xff,0xff,0xff,0xff,0xff,0xff,0xbf,0xcf,0xff,0xff,0xff,
    0xff,0xff,0xff,0xff,0xff,0xff,0xff,0xff,0xff,0xff,0xff,0xff,0xff,0xff,0xff,0xff,
    0xff,0xff,0xff,0xff,0xff,0xff,0xff,0xff,0xff,0xff,0xff,0xff,0xff,0xff,0xff,0xff,
    0xff,0xff,0xff,0xff,0xff,0xcf,0xff,0xff,0xff,0xff,0xff,0xff,0xff,0xff,0xff,0xff,
    0xff,0xff,0xff,0xff,0xff,0xff,0xff,0xff,0xff,0xff,0xff,0xff,0xff,0xff,0xff,0xff,
    0xff,0xff,0xff,0xff,0xff,0xff,0xff,0xff,0xff,0xff,0xff,0xff,0xff,0xff,0xff,0xff,
    0xff,0xff,0xff,0xff,0xff,0xff,0xff,0xff,0xff,0xff,0xff,0xff,0xff,0xff,0xff,0xff,
    0xff,0xff,0xff,0xff,0xff,0xff,0xff,0xff,0xff,0xff,0xff,0xff,0xff,0xff,0xff,0xff,
    0xff,0xff,0xff,0xff,0xff,0xff,0xff,0xff,0xff,0xff,0xff,0xff,0xff,0xff,0xff,0xff,
    0xff,0xff,0xff,0xff,0xff,0xff,0xff,0xff,0xff,0xff,0xff,0xff,0xff,0xff,0xff,0xff,
    0xff,0xff,0xff,0xff,0xff,0xff,0xff,0xff,0xff,0xff,0xff,0xff,0xff,0xff,0xff,0xff,
    0xff,0xff,0xff,0xff,0xff,0xff,0xff,0xff,0xff,0xff,0xff,0xff,0xff,0xff,0xff,0xff,
    0xff,0xff,0xff,0xff,0xff,0xff,0xff,0xff,0xff,0xff,0xff,0xff,0xff,0xff,0xff,0xff,
    0xff,0xff,0xff,0xff,0xff,0xff,0xff,0xff,0xff,0xff,0xff,0xff,0xff,0xff,0xcf,0xff,
    0xff,0xff,0xff,0xff,0xff,0xff,0xff,0xff,0xff,0xff,0xff,0xff,0xff,0xff,0xff,0xff,
    0xff,0xff,0xff,0xff,0xff,0xff,0xff,0xff,0xff,0xff,0xff,0xff,0xff,0xff,0xff,0xff,
    0xff,0xff,0xff,0xff,0xff,0xff,0xff,0xcf,0xbf,0xff,0xff,0xff,0xff,0xff,0xff,0xff,
    0xff,0xff,0xff,0xff,0xff,0xff,0xff,0xff,0xff,0xff,0xff,0xff,0xff,0xff,0xff,0xff,
    0xff,0xff,0xff,0xff,0xff,0xff,0xff,0xff,0xff,0xff,0xff,0xff,0xff,0xff,0xff,0xff,
    0xff,0xbf,0x80,0xff,0xff,0xff,0xff,0xff,0xff,0xff,0xff,0xff,0xff,0xff,0xff,0xff,
    0xff,0xff,0xff,0xff,0xff,0xff,0xff,0xff,0xff,0xff,0xff,0xff,0xff,0xff,0xff,0xff,
    0xff,0xff,0xff,0xff,0xff,0xff,0xff,0xff,0xff,0xff,0xff,0x80,0x3c,0xff,0xff,0xff,
    0xff,0xff,0xff,0xff,0xff,0xff,0xff,0xff,0xff,0xff,0xff,0xff,0xff,0xff,0xff,0xff,
    0xff,0xff,0xff,0xff,0xff,0xff,0xff,0xff,0xff,0xff,0xff,0xff,0xff,0xff,0xff,0xff,
    0xff,0xff,0xff,0xff,0xff,0x3c,0x00,0xef,0xff,0xff,0xff,0xff,0xff,0xff,0xff,0xff,
    0xff,0xff,0xff,0xff,0xff,0xff,0xff,0xff,0xff,0xff,0xff,0xff,0xff,0xff,0xff,0xff,
    0xff,0xff,0xff,0xff,0xff,0xff,0xff,0xff,0xff,0xff,0xff,0xff,0xff,0xff,0xef,0x00,
    0x00,0x9f,0xff,0xff,0xff,0xff,0xff,0xff,0xff,0xff,0xff,0xff,0xff,0xff,0xff,0xff,
    0xff,0xff,0xff,0xff,0xff,0xff,0xff,0xff,0xff,0xff,0xff,0xff,0xff,0xff,0xff,0xff,
    0xff,0xff,0xff,0xff,0xff,0xff,0xff,0xff,0x9f,0x00,0x00,0x2d,0xff,0xff,0xff,0xff,
    0xff,0xff,0xff,0xff,0xff,0xff,0xff,0xff,0xff,0xff,0xff,0xff,0xff,0xff,0xff,0xff,
    0xff,0xff,0xff,0xff,0xff,0xff,0xff,0xff,0xff,0xff,0xff,0xff,0xff,0xff,0xff,0xff,
    0xff,0xff,0x2d,0x00,0x00,0x00,0xbf,0xff,0xff,0xff,0xff,0xff,0xff,0xff,0xff,0xff,
    0xff,0xff,0xff,0xff,0xff,0xff,0xff,0xff,0xff,0xff,0xff,0xff,0xff,0xff,0xff,0xff,
    0xff,0xff,0xff,0xff,0xff,0xff,0xff,0xff,0xff,0xff,0xff,0xbf,0x00,0x00,0x00,0x00,
    0x2d,0xff,0xff,0xff,0xff,0xff,0xff,0xff,0xff,0xff,0xff,0xff,0xff,0xff,0xff,0xff,
    0xff,0xff,0xff,0xff,0xff,0xff,0xff,0xff,0xff,0xff,0xff,0xff,0xff,0xff,0xff,0xff,
    0xff,0xff,0xff,0xff,0xff,0x2d,0x00,0x00,0x00,0x00,0x00,0x8f,0xff,0xff,0xff,0xff,
    0xff,0xff,0xff,0xff,0xff,0xff,0xff,0xff,0xff,0xff,0xff,0xff,0xff,0xff,0xff,0xff,
    0xff,0xff,0xff,0xff,0xff,0xff,0xff,0xff,0xff,0xff,0xff,0xff,0xff,0xff,0x8f,0x00,
    0x00,0x00,0x00,0x00,0x00,0x0f,0xcf,0xff,0xff,0xff,0xff,0xff,0xff,0xff,0xff,0xff,
    0xff,0xff,0xff,0xff,0xff,0xff,0xff,0xff,0xff,0xff,0xff,0xff,0xff,0xff,0xff,0xff,
    0xff,0xff,0xff,0xff,0xff,0xff,0xff,0xcf,0x0f,0x00,0x00,0x00,0x00,0x00,0x00,0x00,
    0x2d,0xef,0xff,0xff,0xff,0xff,0xff,0xff,0xff,0xff,0xff,0xff,0xff,0xff,0xff,0xff,
    0xff,0xff,0xff,0xff,0xff,0xff,0xff,0xff,0xff,0xff,0xff,0xff,0xff,0xff,0xff,0xff,
    0xef,0x2d,0x00,0x00,0x00,0x00,0x00,0x00,0x00,0x00,0x00,0x2d,0xef,0xff,0xff,0xff,
    0xff,0xff,0xff,0xff,0xff,0xff,0xff,0xff,0xff,0xff,0xff,0xff,0xff,0xff,0xff,0xff,
    0xff,0xff,0xff,0xff,0xff,0xff,0xff,0xff,0xff,0xef,0x2d,0x00,0x00,0x00,0x00,0x00,
    0x00,0x00,0x00,0x00,0x00,0x00,0x2d,0xef,0xff,0xff,0xff,0xff,0xff,0xff,0xff,0xff,
    0xff,0xff,0xff,0xff,0xff,0xff,0xff,0xff,0xff,0xff,0xff,0xff,0xff,0xff,0xff,0xff,
    0xff,0xff,0xef,0x2d,0x00,0x00,0x00,0x00,0x00,0x00,0x00,0x00,0x00,0x00,0x00,0x00,
    0x00,0x2d,0xcf,0xff,0xff,0xff,0xff,0xff,0xff,0xff,0xff,0xff,0xff,0xff,0xff,0xff,
    0xff,0xff,0xff,0xff,0xff,0xff,0xff,0xff,0xff,0xff,0xff,0xcf,0x2d,0x00,0x00,0x00,
    0x00,0x00,0x00,0x00,0x00,0x00,0x00,0x00,0x00,0x00,0x00,0x00,0x0f,0x8f,0xff,0xff,
    0xff,0xff,0xff,0xff,0xff,0xff,0xff,0xff,0xff,0xff,0xff,0xff,0xff,0xff,0xff,0xff,
    0xff,0xff,0xff,0xff,0x8f,0x0f,0x00,0x00,0x00,0x00,0x00,0x00,0x00,0x00,0x00,0x00,
    0x00,0x00,0x00,0x00,0x00,0x00,0x00,0x00,0x2d,0xbf,0xff,0xff,0xff,0xff,0xff,0xff,
    0xff,0xff,0xff,0xff,0xff,0xff,0xff,0xff,0xff,0xff,0xff,0xff,0xbf,0x2d,0x00,0x00,
    0x00,0x00,0x00,0x00,0x00,0x00,0x00,0x00,0x00,0x00,0x00,0x00,0x00,0x00,0x00,0x00,
    0x00,0x00,0x00,0x00,0x2d,0x9f,0xef,0xff,0xff,0xff,0xff,0xff,0xff,0xff,0xff,0xff,
    0xff,0xff,0xff,0xef,0x9f,0x2d,0x00,0x00,0x00,0x00,0x00,0x00,0x00,0x00,0x00,0x00,
    0x00,0x00,0x00,0x00,0x00,0x00,0x00,0x00,0x00,0x00,0x00,0x00,0x00,0x00,0x00,0x00,
    0x00,0x3c,0x80,0xbf,0xcf,0xff,0xff,0xff,0xff,0xcf,0xbf,0x80,0x3c,0x00,0x00,0x00,
    0x00,0x00,0x00,0x00,0x00,0x00,0x00,0x00,0x00,0x00,0x00,0x00,
};

const lv_image_dsc_t icon_sceneselector = {
    .header = {
        .magic = LV_IMAGE_HEADER_MAGIC,
        .cf = LV_COLOR_FORMAT_RGB565A8,
        .flags = 0,
        .w = 42,
        .h = 42,
        .stride = 84,
        .reserved_2 = 0,
    },
    .data_size = sizeof(icon_sceneselector_map),
    .data = icon_sceneselector_map,
    .reserved = NULL,
    .reserved_2 = NULL,
};

// Converted from Slider.png (42x42, RGB565A8: RGB565 plane + A8 alpha plane)
static const uint8_t icon_slider_map[] = {
    0x00,0x00,0x00,0x00,0x00,0x00,0x00,0x00,0x00,0x00,0x00,0x00,0x00,0x00,0x00,0x00,
    0x00,0x00,0x00,0x00,0x00,0x00,0x00,0x00,0x00,0x00,0x00,0x00,0x00,0x00,0xa1,0xb9,
    0xa1,0xb9,0xa1,0xb9,0xa1,0xb9,0xa1,0xb9,0xa1,0xb9,0xa1,0xb9,0xa1,0xb9,0xa1,0xb9,
    0xa1,0xb9,0xa1,0xb9,0xa1,0xb9,0x00,0x00,0x00,0x00,0x00,0x00,0x00,0x00,0x00,0x00,
    0x00,0x00,0x00,0x00,0x00,0x00,0x00,0x00,0x00,0x00,0x00,0x00,0x00,0x00,0x00,0x00,
    0x00,0x00,0x00,0x00,0x00,0x00,0x00,0x00,0x00,0x00,0x00,0x00,0x00,0x00,0x00,0x00,
    0x00,0x00,0x00,0x00,0x00,0x00,0x00,0x00,0x00,0x00,0x00,0x00,0xa1,0xb9,0xa1,0xb9,
    0xa1,0xb9,0xa1,0xb9,0xa1,0xb9,0xa1,0xb9,0xa1,0xb9,0xa1,0xb9,0xa1,0xb9,0xa1,0xb9,
    0xa1,0xb9,0xa1,0xb9,0xa1,0xb9,0xa1,0xb9,0xa1,0xb9,0xa1,0xb9,0xa1,0xb9,0xa1,0xb9,
    0x00,0x00,0x00,0x00,0x00,0x00,0x00,0x00,0x00,0x00,0x00,0x00,0x00,0x00,0x00,0x00,
    0x00,0x00,0x00,0x00,0x00,0x00,0x00,0x00,0x00,0x00,0x00,0x00,0x00,0x00,0x00,0x00,
    0x00,0x00,0x00,0x00,0x00,0x00,0x00,0x00,0x00,0x00,0x00,0x00,0xa1,0xb9,0xa1,0xb9,
    0xa1,0xb9,0xa1,0xb9,0xa1,0xb9,0xa1,0xb9,0xa1,0xb9,0xa1,0xb9,0xa1,0xb9,0xa1,0xb9,
    0xa1,0xb9,0xa1,0xb9,0xa1,0xb9,0xa1,0xb9,0xa1,0xb9,0xa1,0xb9,0xa1,0xb9,0xa1,0xb9,
    0xa1,0xb9,0xa1,0xb9,0xa1,0xb9,0xa1,0xb9,0x00,0x00,0x00,0x00,0x00,0x00,0x00,0x00,
    0x00,0x00,0x00,0x00,0x00,0x00,0x00,0x00,0x00,0x00,0x00,0x00,0x00,0x00,0x00,0x00,
    0x00,0x00,0x00,0x00,0x00,0x00,0x00,0x00,0x00,0x00,0x00,0x00,0xa1,0xb9,0xa1,0xb9,
    0xa1,0xb9,0xa1,0xb9,0xa1,0xb9,0xa1,0xb9,0xa1,0xb9,0xa1,0xb9,0xa1,0xb9,0xa1,0xb9,
    0xa1,0xb9,0xa1,0xb9,0xa1,0xb9,0xa1,0xb9,0xa1,0xb9,0xa1,0xb9,0xa1,0xb9,0xa1,0xb9,
    0xa1,0xb9,0xa1,0xb9,0xa1,0xb9,0xa1,0xb9,0xa1,0xb9,0xa1,0xb9,0xa1,0xb9,0xa1,0xb9,
    0x00,0x00,0x00,0x00,0x00,0x00,0x00,0x00,0x00,0x00,0x00,0x00,0x00,0x00,0x00,0x00,
    0x00,0x00,0x00,0x00,0x00,0x00,0x00,0x00,0x00,0x00,0x00,0x00,0x00,0x00,0xa1,0xb9,
    0xa1,0xb9,0xa1,0xb9,0xa1,0xb9,0xa1,0xb9,0xa1,0xb9,0xa1,0xb9,0xa1,0xb9,0xa1,0xb9,
    0xa1,0xb9,0xa1,0xb9,0xa1,0xb9,0xa1,0xb9,0xa1,0xb9,0xa1,0xb9,0xa1,0xb9,0xa1,0xb9,
    0xa1,0xb9,0xa1,0xb9,0xa1,0xb9,0xa1,0xb9,0xa1,0xb9,0xa1,0xb9,0xa1,0xb9,0xa1,0xb9,
    0xa1,0xb9,0xa1,0xb9,0xa1,0xb9,0x00,0x00,0x00,0x00,0x00,0x00,0x00,0x00,0x00,0x00,
    0x00,0x00,0x00,0x00,0x00,0x00,0x00,0x00,0x00,0x00,0x00,0x00,0x00,0x00,0x00,0x00,
    0xa1,0xb9,0xa1,0xb9,0xa1,0xb9,0xa1,0xb9,0xa1,0xb9,0xa1,0xb9,0xa1,0xb9,0xa1,0xb9,
    0xa1,0xb9,0xa1,0xb9,0xa1,0xb9,0xa1,0xb9,0xa1,0xb9,0xa1,0xb9,0xa1,0xb9,0xa1,0xb9,
    0xa1,0xb9,0xa1,0xb9,0xa1,0xb9,0xa1,0xb9,0xa1,0xb9,0xa1,0xb9,0xa1,0xb9,0xa1,0xb9,
    0xa1,0xb9,0xa1,0xb9,0xa1,0xb9,0xa1,0xb9,0xa1,0xb9,0xa1,0xb9,0x00,0x00,0x00,0x00,
    0x00,0x00,0x00,0x00,0x00,0x00,0x00,0x00,0x00,0x00,0x00,0x00,0x00,0x00,0x00,0x00,
    0x00,0x00,0xa1,0xb9,0xa1,0xb9,0xa1,0xb9,0xa1,0xb9,0xa1,0xb9,0xa1,0xb9,0xa1,0xb9,
    0xa1,0xb9,0xa1,0xb9,0xa1,0xb9,0xa1,0xb9,0xa1,0xb9,0xa1,0xb9,0xa1,0xb9,0xa1,0xb9,
    0xa1,0xb9,0xa1,0xb9,0xa1,0xb9,0xa1,0xb9,0xa1,0xb9,0xa1,0xb9,0xa1,0xb9,0xa1,0xb9,
    0xa1,0xb9,0xa1,0xb9,0xa1,0xb9,0xa1,0xb9,0xa1,0xb9,0xa1,0xb9,0xa1,0xb9,0xa1,0xb9,
    0xa1,0xb9,0x00,0x00,0x00,0x00,0x00,0x00,0x00,0x00,0x00,0x00,0x00,0x00,0x00,0x00,
    0x00,0x00,0x00,0x00,0xa1,0xb9,0xa1,0xb9,0xa1,0xb9,0xa1,0xb9,0xa1,0xb9,0xa1,0xb9,
    0xa1,0xb9,0xa1,0xb9,0xa1,0xb9,0xa1,0xb9,0xa1,0xb9,0xa1,0xb9,0xa1,0xb9,0xa1,0xb9,
    0xa1,0xb9,0xa1,0xb9,0xa1,0xb9,0xa1,0xb9,0xa1,0xb9,0xa1,0xb9,0xa1,0xb9,0xa1,0xb9,
    0xa1,0xb9,0xa1,0xb9,0xa1,0xb9,0xa1,0xb9,0xa1,0xb9,0xa1,0xb9,0xa1,0xb9,0xa1,0xb9,
    0xa1,0xb9,0xa1,0xb9,0xa1,0xb9,0xa1,0xb9,0x00,0x00,0x00,0x00,0x00,0x00,0x00,0x00,
    0x00,0x00,0x00,0x00,0x00,0x00,0xa1,0xb9,0xa1,0xb9,0xa1,0xb9,0xa1,0xb9,0xa1,0xb9,
    0xa1,0xb9,0xa1,0xb9,0xa1,0xb9,0xa1,0xb9,0xa1,0xb9,0xa1,0xb9,0xa1,0xb9,0xa1,0xb9,
    0xa1,0xb9,0xa1,0xb9,0xa1,0xb9,0xa1,0xb9,0xa1,0xb9,0xa1,0xb9,0xa1,0xb9,0xa1,0xb9,
    0xa1,0xb9,0xa1,0xb9,0xa1,0xb9,0xa1,0xb9,0xa1,0xb9,0xa1,0xb9,0xa1,0xb9,0xa1,0xb9,
    0xa1,0xb9,0xa1,0xb9,0xa1,0xb9,0xa1,0xb9,0xa1,0xb9,0xa1,0xb9,0xa1,0xb9,0x00,0x00,
    0x00,0x00,0x00,0x00,0x00,0x00,0x00,0x00,0x00,0x00,0xa1,0xb9,0xa1,0xb9,0xa1,0xb9,
    0xa1,0xb9,0xa1,0xb9,0xa1,0xb9,0xa1,0xb9,0xa1,0xb9,0xa1,0xb9,0xa1,0xb9,0xa1,0xb9,
    0xa1,0xb9,0xa1,0xb9,0xa1,0xb9,0xa1,0xb9,0xa1,0xb9,0xa1,0xb9,0xa1,0xb9,0xa1,0xb9,
    0xa1,0xb9,0xa1,0xb9,0xa1,0xb9,0xa1,0xb9,0xa1,0xb9,0xa1,0xb9,0xa1,0xb9,0xa1,0xb9,
    0xa1,0xb9,0xa1,0xb9,0xa1,0xb9,0xa1,0xb9,0xa1,0xb9,0xa1,0xb9,0xa1,0xb9,0xa1,0xb9,
    0xa1,0xb9,0x00,0x00,0x00,0x00,0x00,0x00,0x00,0x00,0x00,0x00,0xa1,0xb9,0xa1,0xb9,
    0xa1,0xb9,0xa1,0xb9,0xa1,0xb9,0xa1,0xb9,0xa1,0xb9,0xa1,0xb9,0xa1,0xb9,0xa1,0xb9,
    0xa1,0xb9,0xa1,0xb9,0xa1,0xb9,0xa1,0xb9,0xa1,0xb9,0xa1,0xb9,0xa1,0xb9,0xa1,0xb9,
    0xa1,0xb9,0xa1,0xb9,0xa1,0xb9,0xa1,0xb9,0xa1,0xb9,0xa1,0xb9,0x1c,0xe7,0x1c,0xe7,
    0xa1,0xb9,0xa1,0xb9,0xa1,0xb9,0xa1,0xb9,0xa1,0xb9,0xa1,0xb9,0xa1,0xb9,0xa1,0xb9,
    0xa1,0xb9,0xa1,0xb9,0xa1,0xb9,0xa1,0xb9,0x00,0x00,0x00,0x00,0x00,0x00,0x00,0x00,
    0xa1,0xb9,0xa1,0xb9,0xa1,0xb9,0xa1,0xb9,0xa1,0xb9,0xa1,0xb9,0xa1,0xb9,0xa1,0xb9,
    0xa1,0xb9,0xa1,0xb9,0xa1,0xb9,0xa1,0xb9,0xa1,0xb9,0xa1,0xb9,0xa1,0xb9,0xa1,0xb9,
    0xa1,0xb9,0xa1,0xb9,0xa1,0xb9,0xa1,0xb9,0xa1,0xb9,0xa1,0xb9,0xa1,0xb9,0xa1,0xb9,
    0x1c,0xe7,0x1c,0xe7,0xa1,0xb9,0xa1,0xb9,0xa1,0xb9,0xa1,0xb9,0xa1,0xb9,0xa1,0xb9,
    0xa1,0xb9,0xa1,0xb9,0xa1,0xb9,0xa1,0xb9,0xa1,0xb9,0xa1,0xb9,0x00,0x00,0x00,0x00,
    0x00,0x00,0xa1,0xb9,0xa1,0xb9,0xa1,0xb9,0xa1,0xb9,0xa1,0xb9,0xa1,0xb9,0xa1,0xb9,
    0xa1,0xb9,0xa1,0xb9,0x03,0xc2,0x03,0xc2,0x03,0xc2,0x03,0xc2,0x03,0xc2,0x03,0xc2,
    0x03,0xc2,0x03,0xc2,0x03,0xc2,0x03,0xc2,0x03,0xc2,0x03,0xc2,0x03,0xc2,0xe2,0xc1,
    0xa1,0xb9,0xa1,0xb9,0x1c,0xe7,0x1c,0xe7,0x03,0xc2,0x03,0xc2,0x03,0xc2,0x03,0xc2,
    0x03,0xc2,0x03,0xc2,0xa1,0xb9,0xa1,0xb9,0xa1,0xb9,0xa1,0xb9,0xa1,0xb9,0xa1,0xb9,
    0xa1,0xb9,0x00,0x00,0x00,0x00,0xa1,0xb9,0xa1,0xb9,0xa1,0xb9,0xa1,0xb9,0xa1,0xb9,
    0xa1,0xb9,0xa1,0xb9,0xa1,0xb9,0xa1,0xb9,0x1c,0xe7,0x1c,0xe7,0x1c,0xe7,0x1c,0xe7,
    0x1c,0xe7,0x1c,0xe7,0x1c,0xe7,0x1c,0xe7,0x1c,0xe7,0x1c,0xe7,0x1c,0xe7,0x1c,0xe7,
    0x1c,0xe7,0xb5,0xdd,0xa1,0xb9,0xa1,0xb9,0x1c,0xe7,0x1c,0xe7,0x1c,0xe7,0x1c,0xe7,
    0x1c,0xe7,0x1c,0xe7,0x1c,0xe7,0x1c,0xe7,0xa1,0xb9,0xa1,0xb9,0xa1,0xb9,0xa1,0xb9,
    0xa1,0xb9,0xa1,0xb9,0xa1,0xb9,0x00,0x00,0xa1,0xb9,0xa1,0xb9,0xa1,0xb9,0xa1,0xb9,
    0xa1,0xb9,0xa1,0xb9,0xa1,0xb9,0xa1,0xb9,0xa1,0xb9,0xa1,0xb9,0x1c,0xe7,0x1c,0xe7,
    0x1c,0xe7,0x1c,0xe7,0x1c,0xe7,0x1c,0xe7,0x1c,0xe7,0x1c,0xe7,0x1c,0xe7,0x1c,0xe7,
    0x1c,0xe7,0x1c,0xe7,0x1c,0xe7,0xb5,0xdd,0xa1,0xb9,0xa1,0xb9,0x1c,0xe7,0x1c,0xe7,
    0x1c,0xe7,0x1c,0xe7,0x1c,0xe7,0x1c,0xe7,0x1c,0xe7,0x1c,0xe7,0xa1,0xb9,0xa1,0xb9,
    0xa1,0xb9,0xa1,0xb9,0xa1,0xb9,0xa1,0xb9,0xa1,0xb9,0xa1,0xb9,0xa1,0xb9,0xa1,0xb9,
    0xa1,0xb9,0xa1,0xb9,0xa1,0xb9,0xa1,0xb9,0xa1,0xb9,0xa1,0xb9,0xa1,0xb9,0xa1,0xb9,
    0xa1,0xb9,0xa1,0xb9,0xa1,0xb9,0xa1,0xb9,0xa1,0xb9,0xa1,0xb9,0xa1,0xb9,0xa1,0xb9,
    0xa1,0xb9,0xa1,0xb9,0xa1,0xb9,0xa1,0xb9,0xa1,0xb9,0xa1,0xb9,0xa1,0xb9,0xa1,0xb9,
    0x1c,0xe7,0x1c,0xe7,0xa1,0xb9,0xa1,0xb9,0xa1,0xb9,0xa1,0xb9,0xa1,0xb9,0xa1,0xb9,
    0xa1,0xb9,0xa1,0xb9,0xa1,0xb9,0xa1,0xb9,0xa1,0xb9,0xa1,0xb9,0xa1,0xb9,0xa1,0xb9,
    0xa1,0xb9,0xa1,0xb9,0xa1,0xb9,0xa1,0xb9,0xa1,0xb9,0xa1,0xb9,0xa1,0xb9,0xa1,0xb9,
    0xa1,0xb9,0xa1,0xb9,0xa1,0xb9,0xa1,0xb9,0xa1,0xb9,0xa1,0xb9,0xa1,0xb9,0xa1,0xb9,
    0xa1,0xb9,0xa1,0xb9,0xa1,0xb9,0xa1,0xb9,0xa1,0xb9,0xa1,0xb9,0xa1,0xb9,0xa1,0xb9,
    0xa1,0xb9,0xa1,0xb9,0x1c,0xe7,0x1c,0xe7,0xa1,0xb9,0xa1,0xb9,0xa1,0xb9,0xa1,0xb9,
    0xa1,0xb9,0xa1,0xb9,0xa1,0xb9,0xa1,0xb9,0xa1,0xb9,0xa1,0xb9,0xa1,0xb9,0xa1,0xb9,
    0xa1,0xb9,0xa1,0xb9,0xa1,0xb9,0xa1,0xb9,0xa1,0xb9,0xa1,0xb9,0xa1,0xb9,0xa1,0xb9,
    0xa1,0xb9,0xa1,0xb9,0xa1,0xb9,0xa1,0xb9,0xa1,0xb9,0xa1,0xb9,0xa1,0xb9,0xa1,0xb9,
    0xa1,0xb9,0xa1,0xb9,0xa1,0xb9,0xa1,0xb9,0xa1,0xb9,0xa1,0xb9,0xa1,0xb9,0xa1,0xb9,
    0xa1,0xb9,0xa1,0xb9,0xa1,0xb9,0xa1,0xb9,0x78,0xde,0x78,0xde,0xa1,0xb9,0xa1,0xb9,
    0xa1,0xb9,0xa1,0xb9,0xa1,0xb9,0xa1,0xb9,0xa1,0xb9,0xa1,0xb9,0xa1,0xb9,0xa1,0xb9,
    0xa1,0xb9,0xa1,0xb9,0xa1,0xb9,0xa1,0xb9,0xa1,0xb9,0xa1,0xb9,0xa1,0xb9,0xa1,0xb9,
    0xa1,0xb9,0xa1,0xb9,0xa1,0xb9,0xa1,0xb9,0xa1,0xb9,0xa1,0xb9,0xa1,0xb9,0xa1,0xb9,
    0xa1,0xb9,0xa1,0xb9,0xa1,0xb9,0xa1,0xb9,0x1c,0xe7,0x1c,0xe7,0xa1,0xb9,0xa1,0xb9,
    0xa1,0xb9,0xa1,0xb9,0xa1,0xb9,0xa1,0xb9,0xa1,0xb9,0xa1,0xb9,0xa1,0xb9,0xa1,0xb9,
    0xa1,0xb9,0xa1,0xb9,0xa1,0xb9,0xa1,0xb9,0xa1,0xb9,0xa1,0xb9,0xa1,0xb9,0xa1,0xb9,
    0xa1,0xb9,0xa1,0xb9,0xa1,0xb9,0xa1,0xb9,0xa1,0xb9,0xa1,0xb9,0xa1,0xb9,0xa1,0xb9,
    0xa1,0xb9,0xa1,0xb9,0xa1,0xb9,0xa1,0xb9,0xa1,0xb9,0xa1,0xb9,0xa1,0xb9,0xa1,0xb9,
    0xa1,0xb9,0xa1,0xb9,0xa1,0xb9,0xa1,0xb9,0xa1,0xb9,0xa1,0xb9,0x1c,0xe7,0x1c,0xe7,
    0xa1,0xb9,0xa1,0xb9,0xa1,0xb9,0xa1,0xb9,0xa1,0xb9,0xa1,0xb9,0xa1,0xb9,0xa1,0xb9,
    0xa1,0xb9,0xa1,0xb9,0xa1,0xb9,0xa1,0xb9,0xa1,0xb9,0xa1,0xb9,0xa1,0xb9,0xa1,0xb9,
    0xa1,0xb9,0xa1,0xb9,0xa1,0xb9,0xa1,0xb9,0xa1,0xb9,0xa1,0xb9,0xa1,0xb9,0xa1,0xb9,
    0xa1,0xb9,0xa1,0xb9,0xa1,0xb9,0xa1,0xb9,0xa1,0xb9,0xa1,0xb9,0xa1,0xb9,0xa1,0xb9,
    0xa1,0xb9,0xa1,0xb9,0xa1,0xb9,0xa1,0xb9,0xa1,0xb9,0xa1,0xb9,0xa1,0xb9,0xa1,0xb9,
    0x1c,0xe7,0x1c,0xe7,0xa1,0xb9,0xa1,0xb9,0xa1,0xb9,0xa1,0xb9,0xa1,0xb9,0xa1,0xb9,
    0xa1,0xb9,0xa1,0xb9,0xa1,0xb9,0xa1,0xb9,0xa1,0xb9,0xa1,0xb9,0xa1,0xb9,0xa1,0xb9,
    0xa1,0xb9,0xa1,0xb9,0xa1,0xb9,0xa1,0xb9,0xa1,0xb9,0xa1,0xb9,0xa1,0xb9,0xa1,0xb9,
    0xa1,0xb9,0xa1,0xb9,0xa1,0xb9,0xa1,0xb9,0xa1,0xb9,0xa1,0xb9,0xa1,0xb9,0xa1,0xb9,
    0xa1,0xb9,0xa1,0xb9,0xa1,0xb9,0xa1,0xb9,0x1c,0xe7,0x1c,0xe7,0x1c,0xe7,0x1c,0xe7,
    0x1c,0xe7,0x1c,0xe7,0x1c,0xe7,0x1c,0xe7,0xa1,0xb9,0xa1,0xb9,0xb5,0xdd,0x1c,0xe7,
    0x1c,0xe7,0x1c,0xe7,0x1c,0xe7,0x1c,0xe7,0x1c,0xe7,0x1c,0xe7,0x1c,0xe7,0x1c,0xe7,
    0x1c,0xe7,0x1c,0xe7,0x1c,0xe7,0x1c,0xe7,0xa1,0xb9,0xa1,0xb9,0xa1,0xb9,0xa1,0xb9,
    0xa1,0xb9,0xa1,0xb9,0xa1,0xb9,0xa1,0xb9,0xa1,0xb9,0xa1,0xb9,0xa1,0xb9,0xa1,0xb9,
    0xa1,0xb9,0xa1,0xb9,0xa1,0xb9,0xa1,0xb9,0xa1,0xb9,0xa1,0xb9,0x1c,0xe7,0x1c,0xe7,
    0x1c,0xe7,0x1c,0xe7,0x1c,0xe7,0x1c,0xe7,0x1c,0xe7,0x1c,0xe7,0xa1,0xb9,0xa1,0xb9,
    0xb5,0xdd,0x1c,0xe7,0x1c,0xe7,0x1c,0xe7,0x1c,0xe7,0x1c,0xe7,0x1c,0xe7,0x1c,0xe7,
    0x1c,0xe7,0x1c,0xe7,0x1c,0xe7,0x1c,0xe7,0x1c,0xe7,0x1c,0xe7,0xa1,0xb9,0xa1,0xb9,
    0xa1,0xb9,0xa1,0xb9,0xa1,0xb9,0xa1,0xb9,0xa1,0xb9,0xa1,0xb9,0xa1,0xb9,0xa1,0xb9,
    0xa1,0xb9,0xa1,0xb9,0xa1,0xb9,0xa1,0xb9,0xa1,0xb9,0xa1,0xb9,0xa1,0xb9,0xa1,0xb9,
    0xa1,0xb9,0xa1,0xb9,0xa1,0xb9,0xa1,0xb9,0xa1,0xb9,0xa1,0xb9,0x1c,0xe7,0x1c,0xe7,
    0xa1,0xb9,0xa1,0xb9,0xa1,0xb9,0xa1,0xb9,0xa1,0xb9,0xa1,0xb9,0xa1,0xb9,0xa1,0xb9,
    0xa1,0xb9,0xa1,0xb9,0xa1,0xb9,0xa1,0xb9,0xa1,0xb9,0xa1,0xb9,0xa1,0xb9,0xa1,0xb9,
    0xa1,0xb9,0xa1,0xb9,0xa1,0xb9,0xa1,0xb9,0xa1,0xb9,0xa1,0xb9,0xa1,0xb9,0xa1,0xb9,
    0xa1,0xb9,0xa1,0xb9,0xa1,0xb9,0xa1,0xb9,0xa1,0xb9,0xa1,0xb9,0xa1,0xb9,0xa1,0xb9,
    0xa1,0xb9,0xa1,0xb9,0xa1,0xb9,0xa1,0xb9,0xa1,0xb9,0xa1,0xb9,0xa1,0xb9,0xa1,0xb9,
    0x1c,0xe7,0x1c,0xe7,0xa1,0xb9,0xa1,0xb9,0xa1,0xb9,0xa1,0xb9,0xa1,0xb9,0xa1,0xb9,
    0xa1,0xb9,0xa1,0xb9,0xa1,0xb9,0xa1,0xb9,0xa1,0xb9,0xa1,0xb9,0xa1,0xb9,0xa1,0xb9,
    0xa1,0xb9,0xa1,0xb9,0xa1,0xb9,0xa1,0xb9,0xa1,0xb9,0xa1,0xb9,0xa1,0xb9,0xa1,0xb9,
    0xa1,0xb9,0xa1,0xb9,0xa1,0xb9,0xa1,0xb9,0xa1,0xb9,0xa1,0xb9,0xa1,0xb9,0xa1,0xb9,
    0xa1,0xb9,0xa1,0xb9,0xa1,0xb9,0xa1,0xb9,0xa1,0xb9,0xa1,0xb9,0xa1,0xb9,0xa1,0xb9,
    0xa1,0xb9,0xa1,0xb9,0x1c,0xe7,0x1c,0xe7,0xa1,0xb9,0xa1,0xb9,0xa1,0xb9,0xa1,0xb9,
    0xa1,0xb9,0xa1,0xb9,0xa1,0xb9,0xa1,0xb9,0xa1,0xb9,0xa1,0xb9,0xa1,0xb9,0xa1,0xb9,
    0xa1,0xb9,0xa1,0xb9,0xa1,0xb9,0xa1,0xb9,0xa1,0xb9,0xa1,0xb9,0xa1,0xb9,0xa1,0xb9,
    0xa1,0xb9,0xa1,0xb9,0xa1,0xb9,0xa1,0xb9,0xa1,0xb9,0xa1,0xb9,0xa1,0xb9,0xa1,0xb9,
    0xa1,0xb9,0xa1,0xb9,0xa1,0xb9,0xa1,0xb9,0xa1,0xb9,0xa1,0xb9,0xa1,0xb9,0xa1,0xb9,
    0xa1,0xb9,0xa1,0xb9,0xa1,0xb9,0xa1,0xb9,0xa1,0xb9,0xa1,0xb9,0xa1,0xb9,0xa1,0xb9,
    0xf1,0xd4,0x17,0xde,0xb0,0xd4,0xa1,0xb9,0xa1,0xb9,0xa1,0xb9,0xa1,0xb9,0xa1,0xb9,
    0xa1,0xb9,0xa1,0xb9,0xa1,0xb9,0xa1,0xb9,0xa1,0xb9,0xa1,0xb9,0xa1,0xb9,0xa1,0xb9,
    0xa1,0xb9,0xa1,0xb9,0xa1,0xb9,0xa1,0xb9,0xa1,0xb9,0xa1,0xb9,0x00,0x00,0xa1,0xb9,
    0xa1,0xb9,0xa1,0xb9,0xa1,0xb9,0xa1,0xb9,0xa1,0xb9,0xa1,0xb9,0xa1,0xb9,0xa1,0xb9,
    0xa1,0xb9,0xa1,0xb9,0xa1,0xb9,0xa1,0xb9,0xa1,0xb9,0xa1,0xb9,0xa1,0xb9,0xa1,0xb9,
    0xa1,0xb9,0xa1,0xb9,0xb5,0xdd,0x1c,0xe7,0x73,0xd5,0xa1,0xb9,0xa1,0xb9,0xa1,0xb9,
    0xa1,0xb9,0xa1,0xb9,0xa1,0xb9,0xa1,0xb9,0xa1,0xb9,0xa1,0xb9,0xa1,0xb9,0xa1,0xb9,
    0xa1,0xb9,0xa1,0xb9,0xa1,0xb9,0xa1,0xb9,0xa1,0xb9,0xa1,0xb9,0xa1,0xb9,0x00,0x00,
    0x00,0x00,0xa1,0xb9,0xa1,0xb9,0xa1,0xb9,0xa1,0xb9,0xa1,0xb9,0xa1,0xb9,0xa1,0xb9,
    0xa1,0xb9,0xa1,0xb9,0xa1,0xb9,0xa1,0xb9,0xa1,0xb9,0xa1,0xb9,0xa1,0xb9,0xa1,0xb9,
    0xa1,0xb9,0xa1,0xb9,0xa1,0xb9,0xa1,0xb9,0xb5,0xdd,0x1c,0xe7,0x73,0xd5,0xa1,0xb9,
    0xa1,0xb9,0xa1,0xb9,0xa1,0xb9,0xa1,0xb9,0xa1,0xb9,0xa1,0xb9,0xa1,0xb9,0xa1,0xb9,
    0xa1,0xb9,0xa1,0xb9,0xa1,0xb9,0xa1,0xb9,0xa1,0xb9,0xa1,0xb9,0xa1,0xb9,0xa1,0xb9,
    0xa1,0xb9,0x00,0x00,0x00,0x00,0x00,0x00,0xa1,0xb9,0xa1,0xb9,0xa1,0xb9,0xa1,0xb9,
    0xa1,0xb9,0xa1,0xb9,0xa1,0xb9,0xa1,0xb9,0x1c,0xe7,0x1c,0xe7,0x1c,0xe7,0x1c,0xe7,
    0x1c,0xe7,0x1c,0xe7,0x1c,0xe7,0x1c,0xe7,0xa1,0xb9,0xa1,0xb9,0xb5,0xdd,0x1c,0xe7,
    0x1c,0xe7,0x1c,0xe7,0x1c,0xe7,0x1c,0xe7,0x1c,0xe7,0x1c,0xe7,0x1c,0xe7,0x1c,0xe7,
    0x1c,0xe7,0x1c,0xe7,0x1c,0xe7,0x1c,0xe7,0xa1,0xb9,0xa1,0xb9,0xa1,0xb9,0xa1,0xb9,
    0xa1,0xb9,0xa1,0xb9,0x00,0x00,0x00,0x00,0x00,0x00,0x00,0x00,0xa1,0xb9,0xa1,0xb9,
    0xa1,0xb9,0xa1,0xb9,0xa1,0xb9,0xa1,0xb9,0xa1,0xb9,0xa1,0xb9,0x1c,0xe7,0x1c,0xe7,
    0x1c,0xe7,0x1c,0xe7,0x1c,0xe7,0x1c,0xe7,0x1c,0xe7,0x1c,0xe7,0xa1,0xb9,0xa1,0xb9,
    0xb5,0xdd,0x1c,0xe7,0x1c,0xe7,0x1c,0xe7,0x1c,0xe7,0x1c,0xe7,0x1c,0xe7,0x1c,0xe7,
    0x1c,0xe7,0x1c,0xe7,0x1c,0xe7,0x1c,0xe7,0x1c,0xe7,0x1c,0xe7,0xa1,0xb9,0xa1,0xb9,
    0xa1,0xb9,0xa1,0xb9,0xa1,0xb9,0xa1,0xb9,0x00,0x00,0x00,0x00,0x00,0x00,0x00,0x00,
    0x00,0x00,0xa1,0xb9,0xa1,0xb9,0xa1,0xb9,0xa1,0xb9,0xa1,0xb9,0xa1,0xb9,0xa1,0xb9,
    0x03,0xc2,0x03,0xc2,0x03,0xc2,0x03,0xc2,0x03,0xc2,0x03,0xc2,0x03,0xc2,0x03,0xc2,
    0xa1,0xb9,0xa1,0xb9,0xb5,0xdd,0x1c,0xe7,0x94,0xdd,0x03,0xc2,0x03,0xc2,0x03,0xc2,
    0x03,0xc2,0x03,0xc2,0x03,0xc2,0x03,0xc2,0x03,0xc2,0x03,0xc2,0x03,0xc2,0x03,0xc2,
    0xa1,0xb9,0xa1,0xb9,0xa1,0xb9,0xa1,0xb9,0xa1,0xb9,0x00,0x00,0x00,0x00,0x00,0x00,
    0x00,0x00,0x00,0x00,0x00,0x00,0xa1,0xb9,0xa1,0xb9,0xa1,0xb9,0xa1,0xb9,0xa1,0xb9,
    0xa1,0xb9,0xa1,0xb9,0xa1,0xb9,0xa1,0xb9,0xa1,0xb9,0xa1,0xb9,0xa1,0xb9,0xa1,0xb9,
    0xa1,0xb9,0xa1,0xb9,0xa1,0xb9,0xa1,0xb9,0xb5,0xdd,0x1c,0xe7,0x73,0xd5,0xa1,0xb9,
    0xa1,0xb9,0xa1,0xb9,0xa1,0xb9,0xa1,0xb9,0xa1,0xb9,0xa1,0xb9,0xa1,0xb9,0xa1,0xb9,
    0xa1,0xb9,0xa1,0xb9,0xa1,0xb9,0xa1,0xb9,0xa1,0xb9,0xa1,0xb9,0xa1,0xb9,0x00,0x00,
    0x00,0x00,0x00,0x00,0x00,0x00,0x00,0x00,0x00,0x00,0x00,0x00,0xa1,0xb9,0xa1,0xb9,
    0xa1,0xb9,0xa1,0xb9,0xa1,0xb9,0xa1,0xb9,0xa1,0xb9,0xa1,0xb9,0xa1,0xb9,0xa1,0xb9,
    0xa1,0xb9,0xa1,0xb9,0xa1,0xb9,0xa1,0xb9,0xa1,0xb9,0xa1,0xb9,0xb5,0xdd,0x1c,0xe7,
    0x73,0xd5,0xa1,0xb9,0xa1,0xb9,0xa1,0xb9,0xa1,0xb9,0xa1,0xb9,0xa1,0xb9,0xa1,0xb9,
    0xa1,0xb9,0xa1,0xb9,0xa1,0xb9,0xa1,0xb9,0xa1,0xb9,0xa1,0xb9,0xa1,0xb9,0xa1,0xb9,
    0x00,0x00,0x00,0x00,0x00,0x00,0x00,0x00,0x00,0x00,0x00,0x00,0x00,0x00,0x00,0x00,
    0x00,0x00,0xa1,0xb9,0xa1,0xb9,0xa1,0xb9,0xa1,0xb9,0xa1,0xb9,0xa1,0xb9,0xa1,0xb9,
    0xa1,0xb9,0xa1,0xb9,0xa1,0xb9,0xa1,0xb9,0xa1,0xb9,0xa1,0xb9,0xa1,0xb9,0xa1,0xb9,
    0xa1,0xb9,0xa1,0xb9,0xa1,0xb9,0xa1,0xb9,0xa1,0xb9,0xa1,0xb9,0xa1,0xb9,0xa1,0xb9,
    0xa1,0xb9,0xa1,0xb9,0xa1,0xb9,0xa1,0xb9,0xa1,0xb9,0xa1,0xb9,0xa1,0xb9,0xa1,0xb9,
    0xa1,0xb9,0x00,0x00,0x00,0x00,0x00,0x00,0x00,0x00,0x00,0x00,0x00,0x00,0x00,0x00,
    0x00,0x00,0x00,0x00,0x00,0x00,0x00,0x00,0xa1,0xb9,0xa1,0xb9,0xa1,0xb9,0xa1,0xb9,
    0xa1,0xb9,0xa1,0xb9,0xa1,0xb9,0xa1,0xb9,0xa1,0xb9,0xa1,0xb9,0xa1,0xb9,0xa1,0xb9,
    0xa1,0xb9,0xa1,0xb9,0xa1,0xb9,0xa1,0xb9,0xa1,0xb9,0xa1,0xb9,0xa1,0xb9,0xa1,0xb9,
    0xa1,0xb9,0xa1,0xb9,0xa1,0xb9,0xa1,0xb9,0xa1,0xb9,0xa1,0xb9,0xa1,0xb9,0xa1,0xb9,
    0xa1,0xb9,0xa1,0xb9,0x00,0x00,0x00,0x00,0x00,0x00,0x00,0x00,0x00,0x00,0x00,0x00,
    0x00,0x00,0x00,0x00,0x00,0x00,0x00,0x00,0x00,0x00,0x00,0x00,0x00,0x00,0xa1,0xb9,
    0xa1,0xb9,0xa1,0xb9,0xa1,0xb9,0xa1,0xb9,0xa1,0xb9,0xa1,0xb9,0xa1,0xb9,0xa1,0xb9,
    0xa1,0xb9,0xa1,0xb9,0xa1,0xb9,0xa1,0xb9,0xa1,0xb9,0xa1,0xb9,0xa1,0xb9,0xa1,0xb9,
    0xa1,0xb9,0xa1,0xb9,0xa1,0xb9,0xa1,0xb9,0xa1,0xb9,0xa1,0xb9,0xa1,0xb9,0xa1,0xb9,
    0xa1,0xb9,0xa1,0xb9,0xa1,0xb9,0x00,0x00,0x00,0x00,0x00,0x00,0x00,0x00,0x00,0x00,
    0x00,0x00,0x00,0x00,0x00,0x00,0x00,0x00,0x00,0x00,0x00,0x00,0x00,0x00,0x00,0x00,
    0x00,0x00,0x00,0x00,0xa1,0xb9,0xa1,0xb9,0xa1,0xb9,0xa1,0xb9,0xa1,0xb9,0xa1,0xb9,
    0xa1,0xb9,0xa1,0xb9,0xa1,0xb9,0xa1,0xb9,0xa1,0xb9,0xa1,0xb9,0xa1,0xb9,0xa1,0xb9,
    0xa1,0xb9,0xa1,0xb9,0xa1,0xb9,0xa1,0xb9,0xa1,0xb9,0xa1,0xb9,0xa1,0xb9,0xa1,0xb9,
    0xa1,0xb9,0xa1,0xb9,0xa1,0xb9,0xa1,0xb9,0x00,0x00,0x00,0x00,0x00,0x00,0x00,0x00,
    0x00,0x00,0x00,0x00,0x00,0x00,0x00,0x00,0x00,0x00,0x00,0x00,0x00,0x00,0x00,0x00,
    0x00,0x00,0x00,0x00,0x00,0x00,0x00,0x00,0x00,0x00,0x00,0x00,0xa1,0xb9,0xa1,0xb9,
    0xa1,0xb9,0xa1,0xb9,0xa1,0xb9,0xa1,0xb9,0xa1,0xb9,0xa1,0xb9,0xa1,0xb9,0xa1,0xb9,
    0xa1,0xb9,0xa1,0xb9,0xa1,0xb9,0xa1,0xb9,0xa1,0xb9,0xa1,0xb9,0xa1,0xb9,0xa1,0xb9,
    0xa1,0xb9,0xa1,0xb9,0xa1,0xb9,0xa1,0xb9,0x00,0x00,0x00,0x00,0x00,0x00,0x00,0x00,
    0x00,0x00,0x00,0x00,0x00,0x00,0x00,0x00,0x00,0x00,0x00,0x00,0x00,0x00,0x00,0x00,
    0x00,0x00,0x00,0x00,0x00,0x00,0x00,0x00,0x00,0x00,0x00,0x00,0x00,0x00,0x00,0x00,
    0x00,0x00,0x00,0x00,0xa1,0xb9,0xa1,0xb9,0xa1,0xb9,0xa1,0xb9,0xa1,0xb9,0xa1,0xb9,
    0xa1,0xb9,0xa1,0xb9,0xa1,0xb9,0xa1,0xb9,0xa1,0xb9,0xa1,0xb9,0xa1,0xb9,0xa1,0xb9,
    0xa1,0xb9,0xa1,0xb9,0xa1,0xb9,0xa1,0xb9,0x00,0x00,0x00,0x00,0x00,0x00,0x00,0x00,
    0x00,0x00,0x00,0x00,0x00,0x00,0x00,0x00,0x00,0x00,0x00,0x00,0x00,0x00,0x00,0x00,
    0x00,0x00,0x00,0x00,0x00,0x00,0x00,0x00,0x00,0x00,0x00,0x00,0x00,0x00,0x00,0x00,
    0x00,0x00,0x00,0x00,0x00,0x00,0x00,0x00,0x00,0x00,0x00,0x00,0x00,0x00,0xa1,0xb9,
    0xa1,0xb9,0xa1,0xb9,0xa1,0xb9,0xa1,0xb9,0xa1,0xb9,0xa1,0xb9,0xa1,0xb9,0xa1,0xb9,
    0xa1,0xb9,0xa1,0xb9,0xa1,0xb9,0x00,0x00,0x00,0x00,0x00,0x00,0x00,0x00,0x00,0x00,
    0x00,0x00,0x00,0x00,0x00,0x00,0x00,0x00,0x00,0x00,0x00,0x00,0x00,0x00,0x00,0x00,
    0x00,0x00,0x00,0x00,0x00,0x00,0x00,0x00,0x00,0x00,0x00,0x00,0x00,0x00,0x00,0x00,
    0x00,0x00,0x00,0x00,0x00,0x00,0x00,0x00,0x00,0x00,0x00,0x00,0x00,0x00,0x00,0x00,
    0x00,0x00,0x00,0x00,0x00,0x00,0x00,0x00,0x00,0x00,0x00,0x00,0x00,0x00,0x00,0x00,
    0x00,0x00,0x00,0x00,0x00,0x00,0x00,0x00,0x00,0x00,0x00,0x00,0x00,0x00,0x00,0x00,
    0x00,0x00,0x00,0x00,0x00,0x00,0x00,0x00,0x00,0x00,0x00,0x00,0x00,0x00,0x00,0x00,
    0x00,0x00,0x00,0x00,0x00,0x00,0x00,0x00,0x00,0x00,0x00,0x00,0x00,0x00,0x00,0x00,
    0x00,0x00,0x00,0x00,0x00,0x00,0x00,0x4b,0x80,0xbf,0xcf,0xff,0xff,0xff,0xff,0xcf,
    0xbf,0x80,0x4b,0x00,0x00,0x00,0x00,0x00,0x00,0x00,0x00,0x00,0x00,0x00,0x00,0x00,
    0x00,0x00,0x00,0x00,0x00,0x00,0x00,0x00,0x00,0x00,0x00,0x00,0x00,0x00,0x3c,0x9f,
    0xef,0xff,0xff,0xff,0xff,0xff,0xff,0xff,0xff,0xff,0xff,0xff,0xff,0xef,0x9f,0x3c,
    0x00,0x00,0x00,0x00,0x00,0x00,0x00,0x00,0x00,0x00,0x00,0x00,0x00,0x00,0x00,0x00,
    0x00,0x00,0x00,0x00,0x00,0x00,0x3c,0xbf,0xff,0xff,0xff,0xff,0xff,0xff,0xff,0xff,
    0xff,0xff,0xff,0xff,0xff,0xff,0xff,0xff,0xff,0xff,0xbf,0x3c,0x00,0x00,0x00,0x00,
    0x00,0x00,0x00,0x00,0x00,0x00,0x00,0x00,0x00,0x00,0x00,0x00,0x00,0x00,0x0f,0xaf,
    0xff,0xff,0xff,0xff,0xff,0xff,0xff,0xff,0xff,0xff,0xff,0xff,0xff,0xff,0xff,0xff,
    0xff,0xff,0xff,0xff,0xff,0xff,0xaf,0x0f,0x00,0x00,0x00,0x00,0x00,0x00,0x00,0x00,
    0x00,0x00,0x00,0x00,0x00,0x00,0x00,0x2d,0xef,0xff,0xff,0xff,0xff,0xff,0xff,0xff,
    0xff,0xff,0xff,0xff,0xff,0xff,0xff,0xff,0xff,0xff,0xff,0xff,0xff,0xff,0xff,0xff,
    0xff,0xef,0x2d,0x00,0x00,0x00,0x00,0x00,0x00,0x00,0x00,0x00,0x00,0x00,0x00,0x00,
    0x5a,0xff,0xff,0xff,0xff,0xff,0xff,0xff,0xff,0xff,0xff,0xff,0xff,0xff,0xff,0xff,
    0xff,0xff,0xff,0xff,0xff,0xff,0xff,0xff,0xff,0xff,0xff,0xff,0xff,0x5a,0x00,0x00,
    0x00,0x00,0x00,0x00,0x00,0x00,0x00,0x00,0x00,0x5a,0xff,0xff,0xff,0xff,0xff,0xff,
    0xff,0xff,0xff,0xff,0xff,0xff,0xff,0xff,0xff,0xff,0xff,0xff,0xff,0xff,0xff,0xff,
    0xff,0xff,0xff,0xff,0xff,0xff,0xff,0xff,0x5a,0x00,0x00,0x00,0x00,0x00,0x00,0x00,
    0x00,0x00,0x3c,0xff,0xff,0xff,0xff,0xff,0xff,0xff,0xff,0xff,0xff,0xff,0xff,0xff,
    0xff,0xff,0xff,0xff,0xff,0xff,0xff,0xff,0xff,0xff,0xff,0xff,0xff,0xff,0xff,0xff,
    0xff,0xff,0xff,0x3c,0x00,0x00,0x00,0x00,0x00,0x00,0x00,0x0f,0xef,0xff,0xff,0xff,
    0xff,0xff,0xff,0xff,0xff,0xff,0xff,0xff,0xff,0xff,0xff,0xff,0xff,0xff,0xff,0xff,
    0xff,0xff,0xff,0xff,0xff,0xff,0xff,0xff,0xff,0xff,0xff,0xff,0xff,0xef,0x0f,0x00,
    0x00,0x00,0x00,0x00,0x00,0xbf,0xff,0xff,0xff,0xff,0xff,0xff,0xff,0xff,0xff,0xff,
    0xff,0xff,0xff,0xff,0xff,0xff,0xff,0xff,0xff,0xff,0xff,0xff,0xff,0xff,0xff,0xff,
    0xff,0xff,0xff,0xff,0xff,0xff,0xff,0xff,0xbf,0x00,0x00,0x00,0x00,0x00,0x4b,0xff,
    0xff,0xff,0xff,0xff,0xff,0xff,0xff,0xff,0xff,0xff,0xff,0xff,0xff,0xff,0xff,0xff,
    0xff,0xff,0xff,0xff,0xff,0xff,0xff,0xff,0xff,0xff,0xff,0xff,0xff,0xff,0xff,0xff,
    0xff,0xff,0xff,0x4b,0x00,0x00,0x00,0x00,0xdf,0xff,0xff,0xff,0xff,0xff,0xff,0xff,
    0xff,0xff,0xff,0xff,0xff,0xff,0xff,0xff,0xff,0xff,0xff,0xff,0xff,0xff,0xff,0xff,
    0xff,0xff,0xff,0xff,0xff,0xff,0xff,0xff,0xff,0xff,0xff,0xff,0xff,0xdf,0x00,0x00,
    0x00,0x5a,0xff,0xff,0xff,0xff,0xff,0xff,0xff,0xff,0xff,0xff,0xff,0xff,0xff,0xff,
    0xff,0xff,0xff,0xff,0xff,0xff,0xff,0xff,0xff,0xff,0xff,0xff,0xff,0xff,0xff,0xff,
    0xff,0xff,0xff,0xff,0xff,0xff,0xff,0xff,0x5a,0x00,0x00,0xaf,0xff,0xff,0xff,0xff,
    0xff,0xff,0xff,0xff,0xff,0xff,0xff,0xff,0xff,0xff,0xff,0xff,0xff,0xff,0xff,0xff,
    0xff,0xff,0xff,0xff,0xff,0xff,0xff,0xff,0xff,0xff,0xff,0xff,0xff,0xff,0xff,0xff,
    0xff,0xff,0xaf,0x00,0x0c,0xff,0xff,0xff,0xff,0xff,0xff,0xff,0xff,0xff,0xff,0xff,
    0xff,0xff,0xff,0xff,0xff,0xff,0xff,0xff,0xff,0xff,0xff,0xff,0xff,0xff,0xff,0xff,
    0xff,0xff,0xff,0xff,0xff,0xff,0xff,0xff,0xff,0xff,0xff,0xff,0xff,0x0c,0x5a,0xff,
    0xff,0xff,0xff,0xff,0xff,0xff,0xff,0xff,0xff,0xff,0xff,0xff,0xff,0xff,0xff,0xff,
    0xff,0xff,0xff,0xff,0xff,0xff,0xff,0xff,0xff,0xff,0xff,0xff,0xff,0xff,0xff,0xff,
    0xff,0xff,0xff,0xff,0xff,0xff,0xff,0x5a,0x8f,0xff,0xff,0xff,0xff,0xff,0xff,0xff,
    0xff,0xff,0xff,0xff,0xff,0xff,0xff,0xff,0xff,0xff,0xff,0xff,0xff,0xff,0xff,0xff,
    0xff,0xff,0xff,0xff,0xff,0xff,0xff,0xff,0xff,0xff,0xff,0xff,0xff,0xff,0xff,0xff,
    0xff,0x8f,0xbf,0xff,0xff,0xff,0xff,0xff,0xff,0xff,0xff,0xff,0xff,0xff,0xff,0xff,
    0xff,0xff,0xff,0xff,0xff,0xff,0xff,0xff,0xff,0xff,0xff,0xff,0xff,0xff,0xff,0xff,
    0xff,0xff,0xff,0xff,0xff,0xff,0xff,0xff,0xff,0xff,0xff,0xbf,0xef,0xff,0xff,0xff,
    0xff,0xff,0xff,0xff,0xff,0xff,0xff,0xff,0xff,0xff,0xff,0xff,0xff,0xff,0xff,0xff,
    0xff,0xff,0xff,0xff,0xff,0xff,0xff,0xff,0xff,0xff,0xff,0xff,0xff,0xff,0xff,0xff,
    0xff,0xff,0xff,0xff,0xff,0xef,0xff,0xff,0xff,0xff,0xff,0xff,0xff,0xff,0xff,0xff,
    0xff,0xff,0xff,0xff,0xff,0xff,0xff,0xff,0xff,0xff,0xff,0xff,0xff,0xff,0xff,0xff,
    0xff,0xff,0xff,0xff,0xff,0xff,0xff,0xff,0xff,0xff,0xff,0xff,0xff,0xff,0xff,0xff,
    0xff,0xff,0xff,0xff,0xff,0xff,0xff,0xff,0xff,0xff,0xff,0xff,0xff,0xff,0xff,0xff,
    0xff,0xff,0xff,0xff,0xff,0xff,0xff,0xff,0xff,0xff,0xff,0xff,0xff,0xff,0xff,0xff,
    0xff,0xff,0xff,0xff,0xff,0xff,0xff,0xff,0xff,0xff,0xff,0xff,0xff,0xff,0xff,0xff,
    0xff,0xff,0xff,0xff,0xff,0xff,0xff,0xff,0xff,0xff,0xff,0xff,0xff,0xff,0xff,0xff,
    0xff,0xff,0xff,0xff,0xff,0xff,0xff,0xff,0xff,0xff,0xff,0xff,0xff,0xff,0xff,0xff,
    0xff,0xff,0xff,0xff,0xef,0xff,0xff,0xff,0xff,0xff,0xff,0xff,0xff,0xff,0xff,0xff,
    0xff,0xff,0xff,0xff,0xff,0xff,0xff,0xff,0xff,0xff,0xff,0xff,0xff,0xff,0xff,0xff,
    0xff,0xff,0xff,0xff,0xff,0xff,0xff,0xff,0xff,0xff,0xff,0xff,0xff,0xef,0xbf,0xff,
    0xff,0xff,0xff,0xff,0xff,0xff,0xff,0xff,0xff,0xff,0xff,0xff,0xff,0xff,0xff,0xff,
    0xff,0xff,0xff,0xff,0xff,0xff,0xff,0xff,0xff,0xff,0xff,0xff,0xff,0xff,0xff,0xff,
    0xff,0xff,0xff,0xff,0xff,0xff,0xff,0xbf,0x8f,0xff,0xff,0xff,0xff,0xff,0xff,0xff,
    0xff,0xff,0xff,0xff,0xff,0xff,0xff,0xff,0xff,0xff,0xff,0xff,0xff,0xff,0xff,0xff,
    0xff,0xff,0xff,0xff,0xff,0xff,0xff,0xff,0xff,0xff,0xff,0xff,0xff,0xff,0xff,0xff,
    0xff,0x8f,0x5a,0xff,0xff,0xff,0xff,0xff,0xff,0xff,0xff,0xff,0xff,0xff,0xff,0xff,
    0xff,0xff,0xff,0xff,0xff,0xff,0xff,0xff,0xff,0xff,0xff,0xff,0xff,0xff,0xff,0xff,
    0xff,0xff,0xff,0xff,0xff,0xff,0xff,0xff,0xff,0xff,0xff,0x5a,0x0c,0xff,0xff,0xff,
    0xff,0xff,0xff,0xff,0xff,0xff,0xff,0xff,0xff,0xff,0xff,0xff,0xff,0xff,0xff,0xff,
    0xff,0xff,0xff,0xff,0xff,0xff,0xff,0xff,0xff,0xff,0xff,0xff,0xff,0xff,0xff,0xff,
    0xff,0xff,0xff,0xff,0xff,0x0c,0x00,0xaf,0xff,0xff,0xff,0xff,0xff,0xff,0xff,0xff,
    0xff,0xff,0xff,0xff,0xff,0xff,0xff,0xff,0xff,0xff,0xff,0xff,0xff,0xff,0xff,0xff,
    0xff,0xff,0xff,0xff,0xff,0xff,0xff,0xff,0xff,0xff,0xff,0xff,0xff,0xff,0xaf,0x00,
    0x00,0x5a,0xff,0xff,0xff,0xff,0xff,0xff,0xff,0xff,0xff,0xff,0xff,0xff,0xff,0xff,
    0xff,0xff,0xff,0xff,0xff,0xff,0xff,0xff,0xff,0xff,0xff,0xff,0xff,0xff,0xff,0xff,
    0xff,0xff,0xff,0xff,0xff,0xff,0xff,0xff,0x5a,0x00,0x00,0x00,0xdf,0xff,0xff,0xff,
    0xff,0xff,0xff,0xff,0xff,0xff,0xff,0xff,0xff,0xff,0xff,0xff,0xff,0xff,0xff,0xff,
    0xff,0xff,0xff,0xff,0xff,0xff,0xff,0xff,0xff,0xff,0xff,0xff,0xff,0xff,0xff,0xff,
    0xff,0xdf,0x00,0x00,0x00,0x00,0x4b,0xff,0xff,0xff,0xff,0xff,0xff,0xff,0xff,0xff,
    0xff,0xff,0xff,0xff,0xff,0xff,0xff,0xff,0xff,0xff,0xff,0xff,0xff,0xff,0xff,0xff,
    0xff,0xff,0xff,0xff,0xff,0xff,0xff,0xff,0xff,0xff,0xff,0x4b,0x00,0x00,0x00,0x00,
    0x00,0xbf,0xff,0xff,0xff,0xff,0xff,0xff,0xff,0xff,0xff,0xff,0xff,0xff,0xff,0xff,
    0xff,0xff,0xff,0xff,0xff,0xff,0xff,0xff,0xff,0xff,0xff,0xff,0xff,0xff,0xff,0xff,
    0xff,0xff,0xff,0xff,0xbf,0x00,0x00,0x00,0x00,0x00,0x00,0x0f,0xef,0xff,0xff,0xff,
    0xff,0xff,0xff,0xff,0xff,0xff,0xff,0xff,0xff,0xff,0xff,0xff,0xff,0xff,0xff,0xff,
    0xff,0xff,0xff,0xff,0xff,0xff,0xff,0xff,0xff,0xff,0xff,0xff,0xff,0xef,0x0f,0x00,
    0x00,0x00,0x00,0x00,0x00,0x00,0x3c,0xff,0xff,0xff,0xff,0xff,0xff,0xff,0xff,0xff,
    0xff,0xff,0xff,0xff,0xff,0xff,0xff,0xff,0xff,0xff,0xff,0xff,0xff,0xff,0xff,0xff,
    0xff,0xff,0xff,0xff,0xff,0xff,0xff,0x3c,0x00,0x00,0x00,0x00,0x00,0x00,0x00,0x00,
    0x00,0x5a,0xff,0xff,0xff,0xff,0xff,0xff,0xff,0xff,0xff,0xff,0xff,0xff,0xff,0xff,
    0xff,0xff,0xff,0xff,0xff,0xff,0xff,0xff,0xff,0xff,0xff,0xff,0xff,0xff,0xff,0xff,
    0x5a,0x00,0x00,0x00,0x00,0x00,0x00,0x00,0x00,0x00,0x00,0x00,0x5a,0xff,0xff,0xff,
    0xff,0xff,0xff,0xff,0xff,0xff,0xff,0xff,0xff,0xff,0xff,0xff,0xff,0xff,0xff,0xff,
    0xff,0xff,0xff,0xff,0xff,0xff,0xff,0xff,0xff,0x5a,0x00,0x00,0x00,0x00,0x00,0x00,
    0x00,0x00,0x00,0x00,0x00,0x00,0x00,0x2d,0xef,0xff,0xff,0xff,0xff,0xff,0xff,0xff,
    0xff,0xff,0xff,0xff,0xff,0xff,0xff,0xff,0xff,0xff,0xff,0xff,0xff,0xff,0xff,0xff,
    0xff,0xef,0x2d,0x00,0x00,0x00,0x00,0x00,0x00,0x00,0x00,0x00,0x00,0x00,0x00,0x00,
    0x00,0x00,0x0f,0xaf,0xff,0xff,0xff,0xff,0xff,0xff,0xff,0xff,0xff,0xff,0xff,0xff,
    0xff,0xff,0xff,0xff,0xff,0xff,0xff,0xff,0xff,0xff,0xaf,0x0f,0x00,0x00,0x00,0x00,
    0x00,0x00,0x00,0x00,0x00,0x00,0x00,0x00,0x00,0x00,0x00,0x00,0x00,0x00,0x3c,0xbf,
    0xff,0xff,0xff,0xff,0xff,0xff,0xff,0xff,0xff,0xff,0xff,0xff,0xff,0xff,0xff,0xff,
    0xff,0xff,0xbf,0x3c,0x00,0x00,0x00,0x00,0x00,0x00,0x00,0x00,0x00,0x00,0x00,0x00,
    0x00,0x00,0x00,0x00,0x00,0x00,0x00,0x00,0x00,0x00,0x3c,0x9f,0xef,0xff,0xff,0xff,
    0xff,0xff,0xff,0xff,0xff,0xff,0xff,0xff,0xff,0xef,0x9f,0x3c,0x00,0x00,0x00,0x00,
    0x00,0x00,0x00,0x00,0x00,0x00,0x00,0x00,0x00,0x00,0x00,0x00,0x00,0x00,0x00,0x00,
    0x00,0x00,0x00,0x00,0x00,0x00,0x00,0x4b,0x80,0xbf,0xcf,0xff,0xff,0xff,0xff,0xcf,
    0xbf,0x80,0x4b,0x00,0x00,0x00,0x00,0x00,0x00,0x00,0x00,0x00,0x00,0x00,0x00,0x00,
    0x00,0x00,0x00,0x00,0x00,0x00,0x00,0x00,0x00,0x00,0x00,0x00,0x00,0x00,0x00,0x00,
    0x00,0x00,0x00,0x00,0x00,0x00,0x00,0x00,0x00,0x00,0x00,0x00,0x00,0x00,0x00,0x00,
    0x00,0x00,0x00,0x00,0x00,0x00,0x00,0x00,0x00,0x00,0x00,0x00,
};

const lv_image_dsc_t icon_slider = {
    .header = {
        .magic = LV_IMAGE_HEADER_MAGIC,
        .cf = LV_COLOR_FORMAT_RGB565A8,
        .flags = 0,
        .w = 42,
        .h = 42,
        .stride = 84,
        .reserved_2 = 0,
    },
    .data_size = sizeof(icon_slider_map),
    .data = icon_slider_map,
    .reserved = NULL,
    .reserved_2 = NULL,
};

// Converted from Timer.png (42x42, RGB565A8: RGB565 plane + A8 alpha plane)
static const uint8_t icon_timer_map[] = {
    0x00,0x00,0x00,0x00,0x00,0x00,0x00,0x00,0x00,0x00,0x00,0x00,0x00,0x00,0x00,0x00,
    0x00,0x00,0x00,0x00,0x00,0x00,0x00,0x00,0x00,0x00,0x00,0x00,0x00,0x00,0x69,0x88,
    0x69,0x88,0x69,0x88,0x69,0x88,0x69,0x88,0x69,0x88,0x69,0x88,0x69,0x88,0x69,0x88,
    0x69,0x88,0x69,0x88,0x69,0x88,0x00,0x00,0x00,0x00,0x00,0x00,0x00,0x00,0x00,0x00,
    0x00,0x00,0x00,0x00,0x00,0x00,0x00,0x00,0x00,0x00,0x00,0x00,0x00,0x00,0x00,0x00,
    0x00,0x00,0x00,0x00,0x00,0x00,0x00,0x00,0x00,0x00,0x00,0x00,0x00,0x00,0x00,0x00,
    0x00,0x00,0x00,0x00,0x00,0x00,0x00,0x00,0x00,0x00,0x00,0x00,0x69,0x88,0x69,0x88,
    0x69,0x88,0x69,0x88,0x69,0x88,0x69,0x88,0x69,0x88,0x69,0x88,0x69,0x88,0x69,0x88,
    0x69,0x88,0x69,0x88,0x69,0x88,0x69,0x88,0x69,0x88,0x69,0x88,0x69,0x88,0x69,0x88,
    0x00,0x00,0x00,0x00,0x00,0x00,0x00,0x00,0x00,0x00,0x00,0x00,0x00,0x00,0x00,0x00,
    0x00,0x00,0x00,0x00,0x00,0x00,0x00,0x00,0x00,0x00,0x00,0x00,0x00,0x00,0x00,0x00,
    0x00,0x00,0x00,0x00,0x00,0x00,0x00,0x00,0x00,0x00,0x00,0x00,0x69,0x88,0x69,0x88,
    0x69,0x88,0x69,0x88,0x69,0x88,0x69,0x88,0x69,0x88,0x69,0x88,0x69,0x88,0x69,0x88,
    0x69,0x88,0x69,0x88,0x69,0x88,0x69,0x88,0x69,0x88,0x69,0x88,0x69,0x88,0x69,0x88,
    0x69,0x88,0x69,0x88,0x69,0x88,0x69,0x88,0x00,0x00,0x00,0x00,0x00,0x00,0x00,0x00,
    0x00,0x00,0x00,0x00,0x00,0x00,0x00,0x00,0x00,0x00,0x00,0x00,0x00,0x00,0x00,0x00,
    0x00,0x00,0x00,0x00,0x00,0x00,0x00,0x00,0x00,0x00,0x00,0x00,0x69,0x88,0x69,0x88,
    0x69,0x88,0x69,0x88,0x69,0x88,0x69,0x88,0x69,0x88,0x69,0x88,0x69,0x88,0x69,0x88,
    0x69,0x88,0x69,0x88,0x69,0x88,0x69,0x88,0x69,0x88,0x69,0x88,0x69,0x88,0x69,0x88,
    0x69,0x88,0x69,0x88,0x69,0x88,0x69,0x88,0x69,0x88,0x69,0x88,0x69,0x88,0x69,0x88,
    0x00,0x00,0x00,0x00,0x00,0x00,0x00,0x00,0x00,0x00,0x00,0x00,0x00,0x00,0x00,0x00,
    0x00,0x00,0x00,0x00,0x00,0x00,0x00,0x00,0x00,0x00,0x00,0x00,0x00,0x00,0x69,0x88,
    0x69,0x88,0x69,0x88,0x69,0x88,0x69,0x88,0x69,0x88,0x69,0x88,0x69,0x88,0x69,0x88,
    0x69,0x88,0x69,0x88,0x69,0x88,0x69,0x88,0x69,0x88,0x69,0x88,0x69,0x88,0x69,0x88,
    0x69,0x88,0x69,0x88,0x69,0x88,0x69,0x88,0x69,0x88,0x69,0x88,0x69,0x88,0x69,0x88,
    0x69,0x88,0x69,0x88,0x69,0x88,0x00,0x00,0x00,0x00,0x00,0x00,0x00,0x00,0x00,0x00,
    0x00,0x00,0x00,0x00,0x00,0x00,0x00,0x00,0x00,0x00,0x00,0x00,0x00,0x00,0x00,0x00,
    0x69,0x88,0x69,0x88,0x69,0x88,0x69,0x88,0x69,0x88,0x69,0x88,0x69,0x88,0x69,0x88,
    0x69,0x88,0x69,0x88,0x69,0x88,0x39,0xd6,0x39,0xd6,0x39,0xd6,0x39,0xd6,0x39,0xd6,
    0x39,0xd6,0x39,0xd6,0x39,0xd6,0x69,0x88,0x69,0x88,0x69,0x88,0x69,0x88,0x69,0x88,
    0x69,0x88,0x69,0x88,0x69,0x88,0x69,0x88,0x69,0x88,0x69,0x88,0x00,0x00,0x00,0x00,
    0x00,0x00,0x00,0x00,0x00,0x00,0x00,0x00,0x00,0x00,0x00,0x00,0x00,0x00,0x00,0x00,
    0x00,0x00,0x69,0x88,0x69,0x88,0x69,0x88,0x69,0x88,0x69,0x88,0x69,0x88,0x69,0x88,
    0x69,0x88,0x69,0x88,0x69,0x88,0x69,0x88,0x69,0x88,0x1c,0xe7,0x1c,0xe7,0x1c,0xe7,
    0x1c,0xe7,0x1c,0xe7,0x1c,0xe7,0x1c,0xe7,0x1c,0xe7,0x69,0x88,0x69,0x88,0x69,0x88,
    0x69,0x88,0x69,0x88,0x69,0x88,0x69,0x88,0x69,0x88,0x69,0x88,0x69,0x88,0x69,0x88,
    0x69,0x88,0x00,0x00,0x00,0x00,0x00,0x00,0x00,0x00,0x00,0x00,0x00,0x00,0x00,0x00,
    0x00,0x00,0x00,0x00,0x69,0x88,0x69,0x88,0x69,0x88,0x69,0x88,0x69,0x88,0x69,0x88,
    0x69,0x88,0x69,0x88,0x69,0x88,0x69,0x88,0x69,0x88,0x69,0x88,0x69,0x88,0x34,0xbc,
    0x34,0xbc,0x34,0xbc,0x34,0xbc,0x34,0xbc,0x34,0xbc,0x34,0xbc,0x34,0xbc,0x69,0x88,
    0x69,0x88,0x69,0x88,0x69,0x88,0x69,0x88,0x69,0x88,0x69,0x88,0x69,0x88,0x69,0x88,
    0x69,0x88,0x69,0x88,0x69,0x88,0x69,0x88,0x00,0x00,0x00,0x00,0x00,0x00,0x00,0x00,
    0x00,0x00,0x00,0x00,0x00,0x00,0x69,0x88,0x69,0x88,0x69,0x88,0x69,0x88,0x69,0x88,
    0x69,0x88,0x69,0x88,0x69,0x88,0x69,0x88,0x69,0x88,0x69,0x88,0x69,0x88,0x69,0x88,
    0x69,0x88,0x69,0x88,0x69,0x88,0x69,0x88,0x69,0x88,0x69,0x88,0x69,0x88,0x69,0x88,
    0x69,0x88,0x69,0x88,0x69,0x88,0x69,0x88,0x69,0x88,0x69,0x88,0x69,0x88,0x69,0x88,
    0x69,0x88,0x69,0x88,0x69,0x88,0x69,0x88,0x69,0x88,0x69,0x88,0x69,0x88,0x00,0x00,
    0x00,0x00,0x00,0x00,0x00,0x00,0x00,0x00,0x00,0x00,0x69,0x88,0x69,0x88,0x69,0x88,
    0x69,0x88,0x69,0x88,0x69,0x88,0x69,0x88,0x69,0x88,0x69,0x88,0x69,0x88,0x69,0x88,
    0x69,0x88,0x69,0x88,0x69,0x88,0x69,0x88,0xb0,0xa2,0xf6,0xc4,0xd8,0xd5,0xb8,0xd5,
    0xb5,0xc4,0xb0,0xa2,0x69,0x88,0x69,0x88,0x69,0x88,0x69,0x88,0x69,0x88,0x69,0x88,
    0x69,0x88,0x69,0x88,0x69,0x88,0x69,0x88,0x69,0x88,0x69,0x88,0x69,0x88,0x69,0x88,
    0x69,0x88,0x00,0x00,0x00,0x00,0x00,0x00,0x00,0x00,0x00,0x00,0x69,0x88,0x69,0x88,
    0x69,0x88,0x69,0x88,0x69,0x88,0x69,0x88,0x69,0x88,0x69,0x88,0x69,0x88,0x69,0x88,
    0x69,0x88,0x69,0x88,0x69,0x88,0x0b,0x91,0xfc,0xe6,0x1c,0xe7,0x1c,0xe7,0x1c,0xe7,
    0x1c,0xe7,0x1c,0xe7,0x1c,0xe7,0x1c,0xe7,0x1c,0xe7,0xfb,0xe6,0x8c,0x91,0x69,0x88,
    0x69,0x88,0x69,0x88,0x74,0xbc,0x69,0x88,0x69,0x88,0x69,0x88,0x69,0x88,0x69,0x88,
    0x69,0x88,0x69,0x88,0x69,0x88,0x69,0x88,0x00,0x00,0x00,0x00,0x00,0x00,0x00,0x00,
    0x69,0x88,0x69,0x88,0x69,0x88,0x69,0x88,0x69,0x88,0x69,0x88,0x69,0x88,0x69,0x88,
    0x69,0x88,0x69,0x88,0x69,0x88,0x69,0x88,0x7a,0xde,0x1c,0xe7,0x1c,0xe7,0x1c,0xe7,
    0x1c,0xe7,0xf9,0xd5,0xd5,0xc4,0xb5,0xc4,0xf9,0xd5,0x1c,0xe7,0x1c,0xe7,0x1c,0xe7,
    0x1c,0xe7,0x7a,0xde,0x69,0x88,0x5a,0xde,0x1c,0xe7,0x16,0xc5,0x69,0x88,0x69,0x88,
    0x69,0x88,0x69,0x88,0x69,0x88,0x69,0x88,0x69,0x88,0x69,0x88,0x00,0x00,0x00,0x00,
    0x00,0x00,0x69,0x88,0x69,0x88,0x69,0x88,0x69,0x88,0x69,0x88,0x69,0x88,0x69,0x88,
    0x69,0x88,0x69,0x88,0x69,0x88,0x69,0x88,0xca,0x88,0x1c,0xe7,0x1c,0xe7,0x1c,0xe7,
    0x77,0xcd,0x69,0x88,0x69,0x88,0x69,0x88,0x69,0x88,0x69,0x88,0x69,0x88,0x69,0x88,
    0x69,0x88,0x77,0xcd,0x1c,0xe7,0x1c,0xe7,0x1c,0xe7,0x1c,0xe7,0x1c,0xe7,0xad,0x99,
    0x69,0x88,0x69,0x88,0x69,0x88,0x69,0x88,0x69,0x88,0x69,0x88,0x69,0x88,0x69,0x88,
    0x69,0x88,0x00,0x00,0x00,0x00,0x69,0x88,0x69,0x88,0x69,0x88,0x69,0x88,0x69,0x88,
    0x69,0x88,0x69,0x88,0x69,0x88,0x69,0x88,0x69,0x88,0x69,0x88,0x1c,0xe7,0x1c,0xe7,
    0x1c,0xe7,0xeb,0x88,0x69,0x88,0x69,0x88,0x69,0x88,0x69,0x88,0x69,0x88,0x69,0x88,
    0x69,0x88,0x69,0x88,0x69,0x88,0x69,0x88,0xeb,0x88,0x1c,0xe7,0x1c,0xe7,0x1c,0xe7,
    0xad,0x99,0x69,0x88,0x69,0x88,0x69,0x88,0x69,0x88,0x69,0x88,0x69,0x88,0x69,0x88,
    0x69,0x88,0x69,0x88,0x69,0x88,0x00,0x00,0x69,0x88,0x69,0x88,0x69,0x88,0x69,0x88,
    0x69,0x88,0x69,0x88,0x69,0x88,0x69,0x88,0x69,0x88,0x69,0x88,0x69,0x88,0xdb,0xde,
    0x1c,0xe7,0x1c,0xe7,0x69,0x88,0x69,0x88,0x69,0x88,0x69,0x88,0x69,0x88,0x69,0x88,
    0x8f,0xa2,0x8f,0xa2,0x69,0x88,0x69,0x88,0x69,0x88,0x69,0x88,0x69,0x88,0x69,0x88,
    0x1c,0xe7,0x1c,0xe7,0xfc,0xe6,0x69,0x88,0x69,0x88,0x69,0x88,0x69,0x88,0x69,0x88,
    0x69,0x88,0x69,0x88,0x69,0x88,0x69,0x88,0x69,0x88,0x69,0x88,0x69,0x88,0x69,0x88,
    0x69,0x88,0x69,0x88,0x69,0x88,0x69,0x88,0x69,0x88,0x69,0x88,0x69,0x88,0x69,0x88,
    0xd0,0xaa,0x1c,0xe7,0x1c,0xe7,0xca,0x88,0x69,0x88,0x69,0x88,0x69,0x88,0x69,0x88,
    0x69,0x88,0x69,0x88,0x1c,0xe7,0x1c,0xe7,0x69,0x88,0x69,0x88,0x69,0x88,0x69,0x88,
    0x69,0x88,0x69,0x88,0xca,0x88,0x1c,0xe7,0x1c,0xe7,0x92,0xb3,0x69,0x88,0x69,0x88,
    0x69,0x88,0x69,0x88,0x69,0x88,0x69,0x88,0x69,0x88,0x69,0x88,0x69,0x88,0x69,0x88,
    0x69,0x88,0x69,0x88,0x69,0x88,0x69,0x88,0x69,0x88,0x69,0x88,0x69,0x88,0x69,0x88,
    0x69,0x88,0x69,0x88,0x1c,0xe7,0x1c,0xe7,0xf3,0xb3,0x69,0x88,0x69,0x88,0x69,0x88,
    0x69,0x88,0x69,0x88,0x69,0x88,0x69,0x88,0x1c,0xe7,0x1c,0xe7,0x69,0x88,0x69,0x88,
    0x69,0x88,0x69,0x88,0x69,0x88,0x69,0x88,0x69,0x88,0xb3,0xb3,0x1c,0xe7,0x1c,0xe7,
    0x69,0x88,0x69,0x88,0x69,0x88,0x69,0x88,0x69,0x88,0x69,0x88,0x69,0x88,0x69,0x88,
    0x69,0x88,0x69,0x88,0x69,0x88,0x69,0x88,0x69,0x88,0x69,0x88,0x69,0x88,0x69,0x88,
    0x69,0x88,0x69,0x88,0x69,0x88,0x0e,0x9a,0x1c,0xe7,0x1c,0xe7,0x69,0x88,0x69,0x88,
    0x69,0x88,0x69,0x88,0x69,0x88,0x69,0x88,0x69,0x88,0x69,0x88,0x1c,0xe7,0x1c,0xe7,
    0x69,0x88,0x69,0x88,0x69,0x88,0x69,0x88,0x69,0x88,0x69,0x88,0x69,0x88,0x69,0x88,
    0x1c,0xe7,0x1c,0xe7,0xaf,0xa2,0x69,0x88,0x69,0x88,0x69,0x88,0x69,0x88,0x69,0x88,
    0x69,0x88,0x69,0x88,0x69,0x88,0x69,0x88,0x69,0x88,0x69,0x88,0x69,0x88,0x69,0x88,
    0x69,0x88,0x69,0x88,0x69,0x88,0x69,0x88,0x69,0x88,0xd8,0xd5,0x1c,0xe7,0x98,0xcd,
    0x69,0x88,0x69,0x88,0x69,0x88,0x69,0x88,0x69,0x88,0x69,0x88,0x69,0x88,0x69,0x88,
    0x1c,0xe7,0x1c,0xe7,0x69,0x88,0x69,0x88,0x69,0x88,0x69,0x88,0x69,0x88,0x69,0x88,
    0x69,0x88,0x69,0x88,0x98,0xcd,0x1c,0xe7,0x39,0xd6,0x69,0x88,0x69,0x88,0x69,0x88,
    0x69,0x88,0x69,0x88,0x69,0x88,0x69,0x88,0x69,0x88,0x69,0x88,0x69,0x88,0x69,0x88,
    0x69,0x88,0x69,0x88,0x69,0x88,0x69,0x88,0x69,0x88,0x69,0x88,0x69,0x88,0x1c,0xe7,
    0x1c,0xe7,0x4e,0xa2,0x69,0x88,0x69,0x88,0x69,0x88,0x69,0x88,0x69,0x88,0x69,0x88,
    0x69,0x88,0x69,0x88,0x1c,0xe7,0x1c,0xe7,0x69,0x88,0x69,0x88,0x69,0x88,0x69,0x88,
    0x69,0x88,0x69,0x88,0x69,0x88,0x69,0x88,0x0e,0x9a,0x1c,0xe7,0x1c,0xe7,0x69,0x88,
    0x69,0x88,0x69,0x88,0x69,0x88,0x69,0x88,0x69,0x88,0x69,0x88,0x69,0x88,0x69,0x88,
    0x69,0x88,0x69,0x88,0x69,0x88,0x69,0x88,0x69,0x88,0x69,0x88,0x69,0x88,0x69,0x88,
    0x69,0x88,0x1c,0xe7,0x1c,0xe7,0x0b,0x89,0x69,0x88,0x69,0x88,0x69,0x88,0x69,0x88,
    0x69,0x88,0x69,0x88,0x69,0x88,0x69,0x88,0x1c,0xe7,0x1c,0xe7,0x69,0x88,0x69,0x88,
    0x69,0x88,0x69,0x88,0x69,0x88,0x69,0x88,0x69,0x88,0x69,0x88,0x0b,0x89,0x1c,0xe7,
    0x1c,0xe7,0x69,0x88,0x69,0x88,0x69,0x88,0x69,0x88,0x69,0x88,0x69,0x88,0x69,0x88,
    0x69,0x88,0x69,0x88,0x69,0x88,0x69,0x88,0x69,0x88,0x69,0x88,0x69,0x88,0x69,0x88,
    0x69,0x88,0x69,0x88,0x69,0x88,0x1c,0xe7,0x1c,0xe7,0x69,0x80,0x69,0x88,0x69,0x88,
    0x69,0x88,0x69,0x88,0x69,0x88,0x69,0x88,0x69,0x88,0x69,0x88,0x1c,0xe7,0x1c,0xe7,
    0x69,0x88,0x69,0x88,0x69,0x88,0x69,0x88,0x69,0x88,0x69,0x88,0x69,0x88,0x69,0x88,
    0x69,0x80,0x1c,0xe7,0x1c,0xe7,0x69,0x88,0x69,0x88,0x69,0x88,0x69,0x88,0x69,0x88,
    0x69,0x88,0x69,0x88,0x69,0x88,0x69,0x88,0x69,0x88,0x69,0x88,0x69,0x88,0x69,0x88,
    0x69,0x88,0x69,0x88,0x69,0x88,0x69,0x88,0x69,0x88,0x1c,0xe7,0x1c,0xe7,0x8d,0x99,
    0x69,0x88,0x69,0x88,0x69,0x88,0x69,0x88,0x69,0x88,0x69,0x88,0x69,0x88,0x69,0x88,
    0x0e,0x9a,0x0e,0x9a,0x69,0x88,0x69,0x88,0x69,0x88,0x69,0x88,0x69,0x88,0x69,0x88,
    0x69,0x88,0x69,0x88,0x2b,0x91,0x1c,0xe7,0x1c,0xe7,0x69,0x88,0x69,0x88,0x69,0x88,
    0x69,0x88,0x69,0x88,0x69,0x88,0x69,0x88,0x69,0x88,0x69,0x88,0x69,0x88,0x69,0x88,
    0x69,0x88,0x69,0x88,0x69,0x88,0x69,0x88,0x69,0x88,0x69,0x88,0x69,0x88,0x1c,0xe7,
    0x1c,0xe7,0x51,0xab,0x69,0x88,0x69,0x88,0x69,0x88,0x69,0x88,0x69,0x88,0x69,0x88,
    0x69,0x88,0x69,0x88,0x69,0x88,0x69,0x88,0x69,0x88,0x69,0x88,0x69,0x88,0x69,0x88,
    0x69,0x88,0x69,0x88,0x69,0x88,0x69,0x88,0x11,0xab,0x1c,0xe7,0x1c,0xe7,0x69,0x88,
    0x69,0x88,0x69,0x88,0x69,0x88,0x69,0x88,0x69,0x88,0x69,0x88,0x69,0x88,0x69,0x88,
    0x69,0x88,0x69,0x88,0x69,0x88,0x69,0x88,0x69,0x88,0x69,0x88,0x69,0x88,0x69,0x88,
    0x69,0x88,0x95,0xc4,0x1c,0xe7,0xdb,0xde,0x69,0x88,0x69,0x88,0x69,0x88,0x69,0x88,
    0x69,0x88,0x69,0x88,0x69,0x88,0x69,0x88,0x69,0x88,0x69,0x88,0x69,0x88,0x69,0x88,
    0x69,0x88,0x69,0x88,0x69,0x88,0x69,0x88,0x69,0x88,0x69,0x88,0xdb,0xde,0x1c,0xe7,
    0x95,0xc4,0x69,0x88,0x69,0x88,0x69,0x88,0x69,0x88,0x69,0x88,0x69,0x88,0x69,0x88,
    0x69,0x88,0x69,0x88,0x69,0x88,0x69,0x88,0x69,0x88,0x69,0x88,0x69,0x88,0x69,0x88,
    0x69,0x88,0x69,0x88,0x69,0x88,0xaa,0x88,0x1c,0xe7,0x1c,0xe7,0xaa,0x88,0x69,0x88,
    0x69,0x88,0x69,0x88,0x69,0x88,0x69,0x88,0x69,0x88,0x69,0x88,0x69,0x88,0x69,0x88,
    0x69,0x88,0x69,0x88,0x69,0x88,0x69,0x88,0x69,0x88,0x69,0x88,0x69,0x88,0xaa,0x88,
    0x1c,0xe7,0x1c,0xe7,0xaa,0x88,0x69,0x88,0x69,0x88,0x69,0x88,0x69,0x88,0x69,0x88,
    0x69,0x88,0x69,0x88,0x69,0x88,0x69,0x88,0x69,0x88,0x69,0x88,0x69,0x88,0x69,0x88,
    0x69,0x88,0x69,0x88,0x69,0x88,0x69,0x88,0x69,0x88,0x69,0x88,0x9a,0xde,0x1c,0xe7,
    0x5a,0xde,0x69,0x88,0x69,0x88,0x69,0x88,0x69,0x88,0x69,0x88,0x69,0x88,0x69,0x88,
    0x69,0x88,0x69,0x88,0x69,0x88,0x69,0x88,0x69,0x88,0x69,0x88,0x69,0x88,0x69,0x88,
    0x69,0x88,0x39,0xd6,0x1c,0xe7,0xbb,0xde,0x69,0x88,0x69,0x88,0x69,0x88,0x69,0x88,
    0x69,0x88,0x69,0x88,0x69,0x88,0x69,0x88,0x69,0x88,0x69,0x88,0x00,0x00,0x69,0x88,
    0x69,0x88,0x69,0x88,0x69,0x88,0x69,0x88,0x69,0x88,0x69,0x88,0x69,0x88,0x69,0x88,
    0xca,0x88,0x1c,0xe7,0x1c,0xe7,0x92,0xb3,0x69,0x88,0x69,0x88,0x69,0x88,0x69,0x88,
    0x69,0x88,0x69,0x88,0x69,0x88,0x69,0x88,0x69,0x88,0x69,0x88,0x69,0x88,0x69,0x88,
    0x69,0x88,0x69,0x88,0x92,0xb3,0x1c,0xe7,0x1c,0xe7,0xca,0x88,0x69,0x88,0x69,0x88,
    0x69,0x88,0x69,0x88,0x69,0x88,0x69,0x88,0x69,0x88,0x69,0x88,0x69,0x88,0x00,0x00,
    0x00,0x00,0x69,0x88,0x69,0x88,0x69,0x88,0x69,0x88,0x69,0x88,0x69,0x88,0x69,0x88,
    0x69,0x88,0x69,0x88,0x69,0x88,0xd3,0xb3,0x1c,0xe7,0x1c,0xe7,0x11,0xab,0x69,0x88,
    0x69,0x88,0x69,0x88,0x69,0x88,0x69,0x88,0x69,0x88,0x69,0x88,0x69,0x88,0x69,0x88,
    0x69,0x88,0x69,0x88,0x69,0x88,0x11,0xab,0x1c,0xe7,0x1c,0xe7,0xd3,0xb3,0x69,0x88,
    0x69,0x88,0x69,0x88,0x69,0x88,0x69,0x88,0x69,0x88,0x69,0x88,0x69,0x88,0x69,0x88,
    0x69,0x88,0x00,0x00,0x00,0x00,0x00,0x00,0x69,0x88,0x69,0x88,0x69,0x88,0x69,0x88,
    0x69,0x88,0x69,0x88,0x69,0x88,0x69,0x88,0x69,0x88,0x69,0x88,0xd8,0xd5,0x1c,0xe7,
    0x1c,0xe7,0x16,0xcd,0x69,0x88,0x69,0x88,0x69,0x88,0x69,0x88,0x69,0x88,0x69,0x88,
    0x69,0x88,0x69,0x88,0x69,0x88,0x69,0x88,0xf6,0xc4,0x1c,0xe7,0x1c,0xe7,0xf9,0xd5,
    0x69,0x88,0x69,0x88,0x69,0x88,0x69,0x88,0x69,0x88,0x69,0x88,0x69,0x88,0x69,0x88,
    0x69,0x88,0x69,0x88,0x00,0x00,0x00,0x00,0x00,0x00,0x00,0x00,0x69,0x88,0x69,0x88,
    0x69,0x88,0x69,0x88,0x69,0x88,0x69,0x88,0x69,0x88,0x69,0x88,0x69,0x88,0x69,0x88,
    0x69,0x88,0x95,0xbc,0x1c,0xe7,0x1c,0xe7,0x1c,0xe7,0x95,0xc4,0x0b,0x91,0x69,0x88,
    0x69,0x88,0x69,0x88,0x69,0x88,0x0b,0x91,0x95,0xbc,0x1c,0xe7,0x1c,0xe7,0x1c,0xe7,
    0xb5,0xc4,0x69,0x88,0x69,0x88,0x69,0x88,0x69,0x88,0x69,0x88,0x69,0x88,0x69,0x88,
    0x69,0x88,0x69,0x88,0x69,0x88,0x69,0x88,0x00,0x00,0x00,0x00,0x00,0x00,0x00,0x00,
    0x00,0x00,0x69,0x88,0x69,0x88,0x69,0x88,0x69,0x88,0x69,0x88,0x69,0x88,0x69,0x88,
    0x69,0x88,0x69,0x88,0x69,0x88,0x69,0x88,0xad,0x99,0x1c,0xe7,0x1c,0xe7,0x1c,0xe7,
    0x1c,0xe7,0x1c,0xe7,0x1c,0xe7,0x1c,0xe7,0x1c,0xe7,0x1c,0xe7,0x1c,0xe7,0x1c,0xe7,
    0x1c,0xe7,0xad,0x99,0x69,0x88,0x69,0x88,0x69,0x88,0x69,0x88,0x69,0x88,0x69,0x88,
    0x69,0x88,0x69,0x88,0x69,0x88,0x69,0x88,0x69,0x88,0x00,0x00,0x00,0x00,0x00,0x00,
    0x00,0x00,0x00,0x00,0x00,0x00,0x69,0x88,0x69,0x88,0x69,0x88,0x69,0x88,0x69,0x88,
    0x69,0x88,0x69,0x88,0x69,0x88,0x69,0x88,0x69,0x88,0x69,0x88,0x69,0x88,0x69,0x88,
    0x8f,0xa2,0xbb,0xde,0x1c,0xe7,0x1c,0xe7,0x1c,0xe7,0x1c,0xe7,0x1c,0xe7,0x1c,0xe7,
    0xbb,0xde,0xb0,0xa2,0x69,0x88,0x69,0x88,0x69,0x88,0x69,0x88,0x69,0x88,0x69,0x88,
    0x69,0x88,0x69,0x88,0x69,0x88,0x69,0x88,0x69,0x88,0x69,0x88,0x69,0x88,0x00,0x00,
    0x00,0x00,0x00,0x00,0x00,0x00,0x00,0x00,0x00,0x00,0x00,0x00,0x69,0x88,0x69,0x88,
    0x69,0x88,0x69,0x88,0x69,0x88,0x69,0x88,0x69,0x88,0x69,0x88,0x69,0x88,0x69,0x88,
    0x69,0x88,0x69,0x88,0x69,0x88,0x69,0x88,0x69,0x88,0x69,0x88,0xeb,0x88,0xeb,0x88,
    0x69,0x88,0x69,0x88,0x69,0x88,0x69,0x88,0x69,0x88,0x69,0x88,0x69,0x88,0x69,0x88,
    0x69,0x88,0x69,0x88,0x69,0x88,0x69,0x88,0x69,0x88,0x69,0x88,0x69,0x88,0x69,0x88,
    0x00,0x00,0x00,0x00,0x00,0x00,0x00,0x00,0x00,0x00,0x00,0x00,0x00,0x00,0x00,0x00,
    0x00,0x00,0x69,0x88,0x69,0x88,0x69,0x88,0x69,0x88,0x69,0x88,0x69,0x88,0x69,0x88,
    0x69,0x88,0x69,0x88,0x69,0x88,0x69,0x88,0x69,0x88,0x69,0x88,0x69,0x88,0x69,0x88,
    0x69,0x88,0x69,0x88,0x69,0x88,0x69,0x88,0x69,0x88,0x69,0x88,0x69,0x88,0x69,0x88,
    0x69,0x88,0x69,0x88,0x69,0x88,0x69,0x88,0x69,0x88,0x69,0x88,0x69,0x88,0x69,0x88,
    0x69,0x88,0x00,0x00,0x00,0x00,0x00,0x00,0x00,0x00,0x00,0x00,0x00,0x00,0x00,0x00,
    0x00,0x00,0x00,0x00,0x00,0x00,0x00,0x00,0x69,0x88,0x69,0x88,0x69,0x88,0x69,0x88,
    0x69,0x88,0x69,0x88,0x69,0x88,0x69,0x88,0x69,0x88,0x69,0x88,0x69,0x88,0x69,0x88,
    0x69,0x88,0x69,0x88,0x69,0x88,0x69,0x88,0x69,0x88,0x69,0x88,0x69,0x88,0x69,0x88,
    0x69,0x88,0x69,0x88,0x69,0x88,0x69,0x88,0x69,0x88,0x69,0x88,0x69,0x88,0x69,0x88,
    0x69,0x88,0x69,0x88,0x00,0x00,0x00,0x00,0x00,0x00,0x00,0x00,0x00,0x00,0x00,0x00,
    0x00,0x00,0x00,0x00,0x00,0x00,0x00,0x00,0x00,0x00,0x00,0x00,0x00,0x00,0x69,0x88,
    0x69,0x88,0x69,0x88,0x69,0x88,0x69,0x88,0x69,0x88,0x69,0x88,0x69,0x88,0x69,0x88,
    0x69,0x88,0x69,0x88,0x69,0x88,0x69,0x88,0x69,0x88,0x69,0x88,0x69,0x88,0x69,0x88,
    0x69,0x88,0x69,0x88,0x69,0x88,0x69,0x88,0x69,0x88,0x69,0x88,0x69,0x88,0x69,0x88,
    0x69,0x88,0x69,0x88,0x69,0x88,0x00,0x00,0x00,0x00,0x00,0x00,0x00,0x00,0x00,0x00,
    0x00,0x00,0x00,0x00,0x00,0x00,0x00,0x00,0x00,0x00,0x00,0x00,0x00,0x00,0x00,0x00,
    0x00,0x00,0x00,0x00,0x69,0x88,0x69,0x88,0x69,0x88,0x69,0x88,0x69,0x88,0x69,0x88,
    0x69,0x88,0x69,0x88,0x69,0x88,0x69,0x88,0x69,0x88,0x69,0x88,0x69,0x88,0x69,0x88,
    0x69,0x88,0x69,0x88,0x69,0x88,0x69,0x88,0x69,0x88,0x69,0x88,0x69,0x88,0x69,0x88,
    0x69,0x88,0x69,0x88,0x69,0x88,0x69,0x88,0x00,0x00,0x00,0x00,0x00,0x00,0x00,0x00,
    0x00,0x00,0x00,0x00,0x00,0x00,0x00,0x00,0x00,0x00,0x00,0x00,0x00,0x00,0x00,0x00,
    0x00,0x00,0x00,0x00,0x00,0x00,0x00,0x00,0x00,0x00,0x00,0x00,0x69,0x88,0x69,0x88,
    0x69,0x88,0x69,0x88,0x69,0x88,0x69,0x88,0x69,0x88,0x69,0x88,0x69,0x88,0x69,0x88,
    0x69,0x88,0x69,0x88,0x69,0x88,0x69,0x88,0x69,0x88,0x69,0x88,0x69,0x88,0x69,0x88,
    0x69,0x88,0x69,0x88,0x69,0x88,0x69,0x88,0x00,0x00,0x00,0x00,0x00,0x00,0x00,0x00,
    0x00,0x00,0x00,0x00,0x00,0x00,0x00,0x00,0x00,0x00,0x00,0x00,0x00,0x00,0x00,0x00,
    0x00,0x00,0x00,0x00,0x00,0x00,0x00,0x00,0x00,0x00,0x00,0x00,0x00,0x00,0x00,0x00,
    0x00,0x00,0x00,0x00,0x69,0x88,0x69,0x88,0x69,0x88,0x69,0x88,0x69,0x88,0x69,0x88,
    0x69,0x88,0x69,0x88,0x69,0x88,0x69,0x88,0x69,0x88,0x69,0x88,0x69,0x88,0x69,0x88,
    0x69,0x88,0x69,0x88,0x69,0x88,0x69,0x88,0x00,0x00,0x00,0x00,0x00,0x00,0x00,0x00,
    0x00,0x00,0x00,0x00,0x00,0x00,0x00,0x00,0x00,0x00,0x00,0x00,0x00,0x00,0x00,0x00,
    0x00,0x00,0x00,0x00,0x00,0x00,0x00,0x00,0x00,0x00,0x00,0x00,0x00,0x00,0x00,0x00,
    0x00,0x00,0x00,0x00,0x00,0x00,0x00,0x00,0x00,0x00,0x00,0x00,0x00,0x00,0x69,0x88,
    0x69,0x88,0x69,0x88,0x69,0x88,0x69,0x88,0x69,0x88,0x69,0x88,0x69,0x88,0x69,0x88,
    0x69,0x88,0x69,0x88,0x69,0x88,0x00,0x00,0x00,0x00,0x00,0x00,0x00,0x00,0x00,0x00,
    0x00,0x00,0x00,0x00,0x00,0x00,0x00,0x00,0x00,0x00,0x00,0x00,0x00,0x00,0x00,0x00,
    0x00,0x00,0x00,0x00,0x00,0x00,0x00,0x00,0x00,0x00,0x00,0x00,0x00,0x00,0x00,0x00,
    0x00,0x00,0x00,0x00,0x00,0x00,0x00,0x00,0x00,0x00,0x00,0x00,0x00,0x00,0x00,0x00,
    0x00,0x00,0x00,0x00,0x00,0x00,0x00,0x00,0x00,0x00,0x00,0x00,0x00,0x00,0x00,0x00,
    0x00,0x00,0x00,0x00,0x00,0x00,0x00,0x00,0x00,0x00,0x00,0x00,0x00,0x00,0x00,0x00,
    0x00,0x00,0x00,0x00,0x00,0x00,0x00,0x00,0x00,0x00,0x00,0x00,0x00,0x00,0x00,0x00,
    0x00,0x00,0x00,0x00,0x00,0x00,0x00,0x00,0x00,0x00,0x00,0x00,0x00,0x00,0x00,0x00,
    0x00,0x00,0x00,0x00,0x00,0x00,0x00,0x4b,0x80,0xbf,0xcf,0xff,0xff,0xff,0xff,0xcf,
    0xbf,0x80,0x4b,0x00,0x00,0x00,0x00,0x00,0x00,0x00,0x00,0x00,0x00,0x00,0x00,0x00,
    0x00,0x00,0x00,0x00,0x00,0x00,0x00,0x00,0x00,0x00,0x00,0x00,0x00,0x00,0x3c,0x9f,
    0xef,0xff,0xff,0xff,0xff,0xff,0xff,0xff,0xff,0xff,0xff,0xff,0xff,0xef,0x9f,0x3c,
    0x00,0x00,0x00,0x00,0x00,0x00,0x00,0x00,0x00,0x00,0x00,0x00,0x00,0x00,0x00,0x00,
    0x00,0x00,0x00,0x00,0x00,0x00,0x3c,0xbf,0xff,0xff,0xff,0xff,0xff,0xff,0xff,0xff,
    0xff,0xff,0xff,0xff,0xff,0xff,0xff,0xff,0xff,0xff,0xbf,0x3c,0x00,0x00,0x00,0x00,
    0x00,0x00,0x00,0x00,0x00,0x00,0x00,0x00,0x00,0x00,0x00,0x00,0x00,0x00,0x0f,0xaf,
    0xff,0xff,0xff,0xff,0xff,0xff,0xff,0xff,0xff,0xff,0xff,0xff,0xff,0xff,0xff,0xff,
    0xff,0xff,0xff,0xff,0xff,0xff,0xaf,0x0f,0x00,0x00,0x00,0x00,0x00,0x00,0x00,0x00,
    0x00,0x00,0x00,0x00,0x00,0x00,0x00,0x2d,0xef,0xff,0xff,0xff,0xff,0xff,0xff,0xff,
    0xff,0xff,0xff,0xff,0xff,0xff,0xff,0xff,0xff,0xff,0xff,0xff,0xff,0xff,0xff,0xff,
    0xff,0xef,0x2d,0x00,0x00,0x00,0x00,0x00,0x00,0x00,0x00,0x00,0x00,0x00,0x00,0x00,
    0x5a,0xff,0xff,0xff,0xff,0xff,0xff,0xff,0xff,0xff,0xff,0xff,0xff,0xff,0xff,0xff,
    0xff,0xff,0xff,0xff,0xff,0xff,0xff,0xff,0xff,0xff,0xff,0xff,0xff,0x5a,0x00,0x00,
    0x00,0x00,0x00,0x00,0x00,0x00,0x00,0x00,0x00,0x5a,0xff,0xff,0xff,0xff,0xff,0xff,
    0xff,0xff,0xff,0xff,0xff,0xff,0xff,0xff,0xff,0xff,0xff,0xff,0xff,0xff,0xff,0xff,
    0xff,0xff,0xff,0xff,0xff,0xff,0xff,0xff,0x5a,0x00,0x00,0x00,0x00,0x00,0x00,0x00,
    0x00,0x00,0x3c,0xff,0xff,0xff,0xff,0xff,0xff,0xff,0xff,0xff,0xff,0xff,0xff,0xff,
    0xff,0xff,0xff,0xff,0xff,0xff,0xff,0xff,0xff,0xff,0xff,0xff,0xff,0xff,0xff,0xff,
    0xff,0xff,0xff,0x3c,0x00,0x00,0x00,0x00,0x00,0x00,0x00,0x0f,0xef,0xff,0xff,0xff,
    0xff,0xff,0xff,0xff,0xff,0xff,0xff,0xff,0xff,0xff,0xff,0xff,0xff,0xff,0xff,0xff,
    0xff,0xff,0xff,0xff,0xff,0xff,0xff,0xff,0xff,0xff,0xff,0xff,0xff,0xef,0x0f,0x00,
    0x00,0x00,0x00,0x00,0x00,0xbf,0xff,0xff,0xff,0xff,0xff,0xff,0xff,0xff,0xff,0xff,
    0xff,0xff,0xff,0xff,0xff,0xff,0xff,0xff,0xff,0xff,0xff,0xff,0xff,0xff,0xff,0xff,
    0xff,0xff,0xff,0xff,0xff,0xff,0xff,0xff,0xbf,0x00,0x00,0x00,0x00,0x00,0x4b,0xff,
    0xff,0xff,0xff,0xff,0xff,0xff,0xff,0xff,0xff,0xff,0xff,0xff,0xff,0xff,0xff,0xff,
    0xff,0xff,0xff,0xff,0xff,0xff,0xff,0xff,0xff,0xff,0xff,0xff,0xff,0xff,0xff,0xff,
    0xff,0xff,0xff,0x4b,0x00,0x00,0x00,0x00,0xdf,0xff,0xff,0xff,0xff,0xff,0xff,0xff,
    0xff,0xff,0xff,0xff,0xff,0xff,0xff,0xff,0xff,0xff,0xff,0xff,0xff,0xff,0xff,0xff,
    0xff,0xff,0xff,0xff,0xff,0xff,0xff,0xff,0xff,0xff,0xff,0xff,0xff,0xdf,0x00,0x00,
    0x00,0x5a,0xff,0xff,0xff,0xff,0xff,0xff,0xff,0xff,0xff,0xff,0xff,0xff,0xff,0xff,
    0xff,0xff,0xff,0xff,0xff,0xff,0xff,0xff,0xff,0xff,0xff,0xff,0xff,0xff,0xff,0xff,
    0xff,0xff,0xff,0xff,0xff,0xff,0xff,0xff,0x5a,0x00,0x00,0xaf,0xff,0xff,0xff,0xff,
    0xff,0xff,0xff,0xff,0xff,0xff,0xff,0xff,0xff,0xff,0xff,0xff,0xff,0xff,0xff,0xff,
    0xff,0xff,0xff,0xff,0xff,0xff,0xff,0xff,0xff,0xff,0xff,0xff,0xff,0xff,0xff,0xff,
    0xff,0xff,0xaf,0x00,0x0c,0xff,0xff,0xff,0xff,0xff,0xff,0xff,0xff,0xff,0xff,0xff,
    0xff,0xff,0xff,0xff,0xff,0xff,0xff,0xff,0xff,0xff,0xff,0xff,0xff,0xff,0xff,0xff,
    0xff,0xff,0xff,0xff,0xff,0xff,0xff,0xff,0xff,0xff,0xff,0xff,0xff,0x0c,0x5a,0xff,
    0xff,0xff,0xff,0xff,0xff,0xff,0xff,0xff,0xff,0xff,0xff,0xff,0xff,0xff,0xff,0xff,
    0xff,0xff,0xff,0xff,0xff,0xff,0xff,0xff,0xff,0xff,0xff,0xff,0xff,0xff,0xff,0xff,
    0xff,0xff,0xff,0xff,0xff,0xff,0xff,0x5a,0x8f,0xff,0xff,0xff,0xff,0xff,0xff,0xff,
    0xff,0xff,0xff,0xff,0xff,0xff,0xff,0xff,0xff,0xff,0xff,0xff,0xff,0xff,0xff,0xff,
    0xff,0xff,0xff,0xff,0xff,0xff,0xff,0xff,0xff,0xff,0xff,0xff,0xff,0xff,0xff,0xff,
    0xff,0x8f,0xbf,0xff,0xff,0xff,0xff,0xff,0xff,0xff,0xff,0xff,0xff,0xff,0xff,0xff,
    0xff,0xff,0xff,0xff,0xff,0xff,0xff,0xff,0xff,0xff,0xff,0xff,0xff,0xff,0xff,0xff,
    0xff,0xff,0xff,0xff,0xff,0xff,0xff,0xff,0xff,0xff,0xff,0xbf,0xef,0xff,0xff,0xff,
    0xff,0xff,0xff,0xff,0xff,0xff,0xff,0xff,0xff,0xff,0xff,0xff,0xff,0xff,0xff,0xff,
    0xff,0xff,0xff,0xff,0xff,0xff,0xff,0xff,0xff,0xff,0xff,0xff,0xff,0xff,0xff,0xff,
    0xff,0xff,0xff,0xff,0xff,0xef,0xff,0xff,0xff,0xff,0xff,0xff,0xff,0xff,0xff,0xff,
    0xff,0xff,0xff,0xff,0xff,0xff,0xff,0xff,0xff,0xff,0xff,0xff,0xff,0xff,0xff,0xff,
    0xff,0xff,0xff,0xff,0xff,0xff,0xff,0xff,0xff,0xff,0xff,0xff,0xff,0xff,0xff,0xff,
    0xff,0xff,0xff,0xff,0xff,0xff,0xff,0xff,0xff,0xff,0xff,0xff,0xff,0xff,0xff,0xff,
    0xff,0xff,0xff,0xff,0xff,0xff,0xff,0xff,0xff,0xff,0xff,0xff,0xff,0xff,0xff,0xff,
    0xff,0xff,0xff,0xff,0xff,0xff,0xff,0xff,0xff,0xff,0xff,0xff,0xff,0xff,0xff,0xff,
    0xff,0xff,0xff,0xff,0xff,0xff,0xff,0xff,0xff,0xff,0xff,0xff,0xff,0xff,0xff,0xff,
    0xff,0xff,0xff,0xff,0xff,0xff,0xff,0xff,0xff,0xff,0xff,0xff,0xff,0xff,0xff,0xff,
    0xff,0xff,0xff,0xff,0xef,0xff,0xff,0xff,0xff,0xff,0xff,0xff,0xff,0xff,0xff,0xff,
    0xff,0xff,0xff,0xff,0xff,0xff,0xff,0xff,0xff,0xff,0xff,0xff,0xff,0xff,0xff,0xff,
    0xff,0xff,0xff,0xff,0xff,0xff,0xff,0xff,0xff,0xff,0xff,0xff,0xff,0xef,0xbf,0xff,
    0xff,0xff,0xff,0xff,0xff,0xff,0xff,0xff,0xff,0xff,0xff,0xff,0xff,0xff,0xff,0xff,
    0xff,0xff,0xff,0xff,0xff,0xff,0xff,0xff,0xff,0xff,0xff,0xff,0xff,0xff,0xff,0xff,
    0xff,0xff,0xff,0xff,0xff,0xff,0xff,0xbf,0x8f,0xff,0xff,0xff,0xff,0xff,0xff,0xff,
    0xff,0xff,0xff,0xff,0xff,0xff,0xff,0xff,0xff,0xff,0xff,0xff,0xff,0xff,0xff,0xff,
    0xff,0xff,0xff,0xff,0xff,0xff,0xff,0xff,0xff,0xff,0xff,0xff,0xff,0xff,0xff,0xff,
    0xff,0x8f,0x5a,0xff,0xff,0xff,0xff,0xff,0xff,0xff,0xff,0xff,0xff,0xff,0xff,0xff,
    0xff,0xff,0xff,0xff,0xff,0xff,0xff,0xff,0xff,0xff,0xff,0xff,0xff,0xff,0xff,0xff,
    0xff,0xff,0xff,0xff,0xff,0xff,0xff,0xff,0xff,0xff,0xff,0x5a,0x0c,0xff,0xff,0xff,
    0xff,0xff,0xff,0xff,0xff,0xff,0xff,0xff,0xff,0xff,0xff,0xff,0xff,0xff,0xff,0xff,
    0xff,0xff,0xff,0xff,0xff,0xff,0xff,0xff,0xff,0xff,0xff,0xff,0xff,0xff,0xff,0xff,
    0xff,0xff,0xff,0xff,0xff,0x0c,0x00,0xaf,0xff,0xff,0xff,0xff,0xff,0xff,0xff,0xff,
    0xff,0xff,0xff,0xff,0xff,0xff,0xff,0xff,0xff,0xff,0xff,0xff,0xff,0xff,0xff,0xff,
    0xff,0xff,0xff,0xff,0xff,0xff,0xff,0xff,0xff,0xff,0xff,0xff,0xff,0xff,0xaf,0x00,
    0x00,0x5a,0xff,0xff,0xff,0xff,0xff,0xff,0xff,0xff,0xff,0xff,0xff,0xff,0xff,0xff,
    0xff,0xff,0xff,0xff,0xff,0xff,0xff,0xff,0xff,0xff,0xff,0xff,0xff,0xff,0xff,0xff,
    0xff,0xff,0xff,0xff,0xff,0xff,0xff,0xff,0x5a,0x00,0x00,0x00,0xdf,0xff,0xff,0xff,
    0xff,0xff,0xff,0xff,0xff,0xff,0xff,0xff,0xff,0xff,0xff,0xff,0xff,0xff,0xff,0xff,
    0xff,0xff,0xff,0xff,0xff,0xff,0xff,0xff,0xff,0xff,0xff,0xff,0xff,0xff,0xff,0xff,
    0xff,0xdf,0x00,0x00,0x00,0x00,0x4b,0xff,0xff,0xff,0xff,0xff,0xff,0xff,0xff,0xff,
    0xff,0xff,0xff,0xff,0xff,0xff,0xff,0xff,0xff,0xff,0xff,0xff,0xff,0xff,0xff,0xff,
    0xff,0xff,0xff,0xff,0xff,0xff,0xff,0xff,0xff,0xff,0xff,0x4b,0x00,0x00,0x00,0x00,
    0x00,0xbf,0xff,0xff,0xff,0xff,0xff,0xff,0xff,0xff,0xff,0xff,0xff,0xff,0xff,0xff,
    0xff,0xff,0xff,0xff,0xff,0xff,0xff,0xff,0xff,0xff,0xff,0xff,0xff,0xff,0xff,0xff,
    0xff,0xff,0xff,0xff,0xbf,0x00,0x00,0x00,0x00,0x00,0x00,0x0f,0xef,0xff,0xff,0xff,
    0xff,0xff,0xff,0xff,0xff,0xff,0xff,0xff,0xff,0xff,0xff,0xff,0xff,0xff,0xff,0xff,
    0xff,0xff,0xff,0xff,0xff,0xff,0xff,0xff,0xff,0xff,0xff,0xff,0xff,0xef,0x0f,0x00,
    0x00,0x00,0x00,0x00,0x00,0x00,0x3c,0xff,0xff,0xff,0xff,0xff,0xff,0xff,0xff,0xff,
    0xff,0xff,0xff,0xff,0xff,0xff,0xff,0xff,0xff,0xff,0xff,0xff,0xff,0xff,0xff,0xff,
    0xff,0xff,0xff,0xff,0xff,0xff,0xff,0x3c,0x00,0x00,0x00,0x00,0x00,0x00,0x00,0x00,
    0x00,0x5a,0xff,0xff,0xff,0xff,0xff,0xff,0xff,0xff,0xff,0xff,0xff,0xff,0xff,0xff,
    0xff,0xff,0xff,0xff,0xff,0xff,0xff,0xff,0xff,0xff,0xff,0xff,0xff,0xff,0xff,0xff,
    0x5a,0x00,0x00,0x00,0x00,0x00,0x00,0x00,0x00,0x00,0x00,0x00,0x5a,0xff,0xff,0xff,
    0xff,0xff,0xff,0xff,0xff,0xff,0xff,0xff,0xff,0xff,0xff,0xff,0xff,0xff,0xff,0xff,
    0xff,0xff,0xff,0xff,0xff,0xff,0xff,0xff,0xff,0x5a,0x00,0x00,0x00,0x00,0x00,0x00,
    0x00,0x00,0x00,0x00,0x00,0x00,0x00,0x2d,0xef,0xff,0xff,0xff,0xff,0xff,0xff,0xff,
    0xff,0xff,0xff,0xff,0xff,0xff,0xff,0xff,0xff,0xff,0xff,0xff,0xff,0xff,0xff,0xff,
    0xff,0xef,0x2d,0x00,0x00,0x00,0x00,0x00,0x00,0x00,0x00,0x00,0x00,0x00,0x00,0x00,
    0x00,0x00,0x0f,0xaf,0xff,0xff,0xff,0xff,0xff,0xff,0xff,0xff,0xff,0xff,0xff,0xff,
    0xff,0xff,0xff,0xff,0xff,0xff,0xff,0xff,0xff,0xff,0xaf,0x0f,0x00,0x00,0x00,0x00,
    0x00,0x00,0x00,0x00,0x00,0x00,0x00,0x00,0x00,0x00,0x00,0x00,0x00,0x00,0x3c,0xbf,
    0xff,0xff,0xff,0xff,0xff,0xff,0xff,0xff,0xff,0xff,0xff,0xff,0xff,0xff,0xff,0xff,
    0xff,0xff,0xbf,0x3c,0x00,0x00,0x00,0x00,0x00,0x00,0x00,0x00,0x00,0x00,0x00,0x00,
    0x00,0x00,0x00,0x00,0x00,0x00,0x00,0x00,0x00,0x00,0x3c,0x9f,0xef,0xff,0xff,0xff,
    0xff,0xff,0xff,0xff,0xff,0xff,0xff,0xff,0xff,0xef,0x9f,0x3c,0x00,0x00,0x00,0x00,
    0x00,0x00,0x00,0x00,0x00,0x00,0x00,0x00,0x00,0x00,0x00,0x00,0x00,0x00,0x00,0x00,
    0x00,0x00,0x00,0x00,0x00,0x00,0x00,0x4b,0x80,0xbf,0xcf,0xff,0xff,0xff,0xff,0xcf,
    0xbf,0x80,0x4b,0x00,0x00,0x00,0x00,0x00,0x00,0x00,0x00,0x00,0x00,0x00,0x00,0x00,
    0x00,0x00,0x00,0x00,0x00,0x00,0x00,0x00,0x00,0x00,0x00,0x00,0x00,0x00,0x00,0x00,
    0x00,0x00,0x00,0x00,0x00,0x00,0x00,0x00,0x00,0x00,0x00,0x00,0x00,0x00,0x00,0x00,
    0x00,0x00,0x00,0x00,0x00,0x00,0x00,0x00,0x00,0x00,0x00,0x00,
};

const lv_image_dsc_t icon_timer = {
    .header = {
        .magic = LV_IMAGE_HEADER_MAGIC,
        .cf = LV_COLOR_FORMAT_RGB565A8,
        .flags = 0,
        .w = 42,
        .h = 42,
        .stride = 84,
        .reserved_2 = 0,
    },
    .data_size = sizeof(icon_timer_map),
    .data = icon_timer_map,
    .reserved = NULL,
    .reserved_2 = NULL,
};

// Converted from Toggle.png (42x42, RGB565A8: RGB565 plane + A8 alpha plane)
static const uint8_t icon_toggle_map[] = {
    0x00,0x00,0x00,0x00,0x00,0x00,0x00,0x00,0x00,0x00,0x00,0x00,0x00,0x00,0x00,0x00,
    0x00,0x00,0x00,0x00,0x00,0x00,0x00,0x00,0x00,0x00,0x00,0x00,0x00,0x00,0xb3,0x02,
    0xb3,0x02,0xb3,0x02,0xb3,0x02,0xb3,0x02,0xb3,0x02,0xb3,0x02,0xb3,0x02,0xb3,0x02,
    0xb3,0x02,0xb3,0x02,0xb3,0x02,0x00,0x00,0x00,0x00,0x00,0x00,0x00,0x00,0x00,0x00,
    0x00,0x00,0x00,0x00,0x00,0x00,0x00,0x00,0x00,0x00,0x00,0x00,0x00,0x00,0x00,0x00,
    0x00,0x00,0x00,0x00,0x00,0x00,0x00,0x00,0x00,0x00,0x00,0x00,0x00,0x00,0x00,0x00,
    0x00,0x00,0x00,0x00,0x00,0x00,0x00,0x00,0x00,0x00,0x00,0x00,0xb3,0x02,0xb3,0x02,
    0xb3,0x02,0xb3,0x02,0xb3,0x02,0xb3,0x02,0xb3,0x02,0xb3,0x02,0xb3,0x02,0xb3,0x02,
    0xb3,0x02,0xb3,0x02,0xb3,0x02,0xb3,0x02,0xb3,0x02,0xb3,0x02,0xb3,0x02,0xb3,0x02,
    0x00,0x00,0x00,0x00,0x00,0x00,0x00,0x00,0x00,0x00,0x00,0x00,0x00,0x00,0x00,0x00,
    0x00,0x00,0x00,0x00,0x00,0x00,0x00,0x00,0x00,0x00,0x00,0x00,0x00,0x00,0x00,0x00,
    0x00,0x00,0x00,0x00,0x00,0x00,0x00,0x00,0x00,0x00,0x00,0x00,0xb3,0x02,0xb3,0x02,
    0xb3,0x02,0xb3,0x02,0xb3,0x02,0xb3,0x02,0xb3,0x02,0xb3,0x02,0xb3,0x02,0xb3,0x02,
    0xb3,0x02,0xb3,0x02,0xb3,0x02,0xb3,0x02,0xb3,0x02,0xb3,0x02,0xb3,0x02,0xb3,0x02,
    0xb3,0x02,0xb3,0x02,0xb3,0x02,0xb3,0x02,0x00,0x00,0x00,0x00,0x00,0x00,0x00,0x00,
    0x00,0x00,0x00,0x00,0x00,0x00,0x00,0x00,0x00,0x00,0x00,0x00,0x00,0x00,0x00,0x00,
    0x00,0x00,0x00,0x00,0x00,0x00,0x00,0x00,0x00,0x00,0x00,0x00,0xb3,0x02,0xb3,0x02,
    0xb3,0x02,0xb3,0x02,0xb3,0x02,0xb3,0x02,0xb3,0x02,0xb3,0x02,0xb3,0x02,0xb3,0x02,
    0xb3,0x02,0xb3,0x02,0xb3,0x02,0xb3,0x02,0xb3,0x02,0xb3,0x02,0xb3,0x02,0xb3,0x02,
    0xb3,0x02,0xb3,0x02,0xb3,0x02,0xb3,0x02,0xb3,0x02,0xb3,0x02,0xb3,0x02,0xb3,0x02,
    0x00,0x00,0x00,0x00,0x00,0x00,0x00,0x00,0x00,0x00,0x00,0x00,0x00,0x00,0x00,0x00,
    0x00,0x00,0x00,0x00,0x00,0x00,0x00,0x00,0x00,0x00,0x00,0x00,0x00,0x00,0xb3,0x02,
    0xb3,0x02,0xb3,0x02,0xb3,0x02,0xb3,0x02,0xb3,0x02,0xb3,0x02,0xb3,0x02,0xb3,0x02,
    0xb3,0x02,0xb3,0x02,0xb3,0x02,0xb3,0x02,0xb3,0x02,0xb3,0x02,0xb3,0x02,0xb3,0x02,
    0xb3,0x02,0xb3,0x02,0xb3,0x02,0xb3,0x02,0xb3,0x02,0xb3,0x02,0xb3,0x02,0xb3,0x02,
    0xb3,0x02,0xb3,0x02,0xb3,0x02,0x00,0x00,0x00,0x00,0x00,0x00,0x00,0x00,0x00,0x00,
    0x00,0x00,0x00,0x00,0x00,0x00,0x00,0x00,0x00,0x00,0x00,0x00,0x00,0x00,0x00,0x00,
    0xb3,0x02,0xb3,0x02,0xb3,0x02,0xb3,0x02,0xb3,0x02,0xb3,0x02,0xb3,0x02,0xb3,0x02,
    0xb3,0x02,0xb3,0x02,0xb3,0x02,0xb3,0x02,0xb3,0x02,0xb3,0x02,0xb3,0x02,0xb3,0x02,
    0xb3,0x02,0xb3,0x02,0xb3,0x02,0xb3,0x02,0xb3,0x02,0xb3,0x02,0xb3,0x02,0xb3,0x02,
    0xb3,0x02,0xb3,0x02,0xb3,0x02,0xb3,0x02,0xb3,0x02,0xb3,0x02,0x00,0x00,0x00,0x00,
    0x00,0x00,0x00,0x00,0x00,0x00,0x00,0x00,0x00,0x00,0x00,0x00,0x00,0x00,0x00,0x00,
    0x00,0x00,0xb3,0x02,0xb3,0x02,0xb3,0x02,0xb3,0x02,0xb3,0x02,0xb3,0x02,0xb3,0x02,
    0xb3,0x02,0xb3,0x02,0xb3,0x02,0xb3,0x02,0xb3,0x02,0xb3,0x02,0xb3,0x02,0xb3,0x02,
    0xb3,0x02,0xb3,0x02,0xb3,0x02,0xb3,0x02,0xb3,0x02,0xb3,0x02,0xb3,0x02,0xb3,0x02,
    0xb3,0x02,0xb3,0x02,0xb3,0x02,0xb3,0x02,0xb3,0x02,0xb3,0x02,0xb3,0x02,0xb3,0x02,
    0xb3,0x02,0x00,0x00,0x00,0x00,0x00,0x00,0x00,0x00,0x00,0x00,0x00,0x00,0x00,0x00,
    0x00,0x00,0x00,0x00,0xb3,0x02,0xb3,0x02,0xb3,0x02,0xb3,0x02,0xb3,0x02,0xb3,0x02,
    0xb3,0x02,0xb3,0x02,0xb3,0x02,0xb3,0x02,0xb3,0x02,0xb3,0x02,0xb3,0x02,0xb3,0x02,
    0xb3,0x02,0xb3,0x02,0x14,0x13,0xb5,0x33,0x14,0x13,0xb3,0x02,0xb3,0x02,0xb3,0x02,
    0xb3,0x02,0xb3,0x02,0xb3,0x02,0xb3,0x02,0xb3,0x02,0xb3,0x02,0xb3,0x02,0xb3,0x02,
    0xb3,0x02,0xb3,0x02,0xb3,0x02,0xb3,0x02,0x00,0x00,0x00,0x00,0x00,0x00,0x00,0x00,
    0x00,0x00,0x00,0x00,0x00,0x00,0xb3,0x02,0xb3,0x02,0xb3,0x02,0xb3,0x02,0xb3,0x02,
    0xb3,0x02,0xb3,0x02,0xb3,0x02,0xb3,0x02,0xb3,0x02,0xb3,0x02,0xb3,0x02,0xb3,0x02,
    0xb3,0x02,0xb3,0x02,0xb3,0x02,0xb3,0x02,0xd7,0x6c,0x1c,0xe7,0xd7,0x6c,0xb3,0x02,
    0xb3,0x02,0xb3,0x02,0xb3,0x02,0xb3,0x02,0xb3,0x02,0xb3,0x02,0xb3,0x02,0xb3,0x02,
    0xb3,0x02,0xb3,0x02,0xb3,0x02,0xb3,0x02,0xb3,0x02,0xb3,0x02,0xb3,0x02,0x00,0x00,
    0x00,0x00,0x00,0x00,0x00,0x00,0x00,0x00,0x00,0x00,0xb3,0x02,0xb3,0x02,0xb3,0x02,
    0xb3,0x02,0xb3,0x02,0xb3,0x02,0xb3,0x02,0xb3,0x02,0xb3,0x02,0xb3,0x02,0xb3,0x02,
    0xb3,0x02,0xb3,0x02,0xb3,0x02,0xb3,0x02,0xb3,0x02,0xb3,0x02,0xb7,0x6c,0x1c,0xe7,
    0xb7,0x6c,0xb3,0x02,0xb3,0x02,0xb3,0x02,0xb3,0x02,0xb3,0x02,0xb3,0x02,0xb3,0x02,
    0xb3,0x02,0xb3,0x02,0xb3,0x02,0xb3,0x02,0xb3,0x02,0xb3,0x02,0xb3,0x02,0xb3,0x02,
    0xb3,0x02,0x00,0x00,0x00,0x00,0x00,0x00,0x00,0x00,0x00,0x00,0xb3,0x02,0xb3,0x02,
    0xb3,0x02,0xb3,0x02,0xb3,0x02,0xb3,0x02,0xb3,0x02,0xb3,0x02,0xb3,0x02,0xb3,0x02,
    0xb3,0x02,0xb3,0x02,0xb3,0x02,0xb3,0x02,0xb3,0x02,0xb3,0x02,0xb3,0x02,0xb3,0x02,
    0xb7,0x6c,0x1c,0xe7,0xb7,0x6c,0xb3,0x02,0xb3,0x02,0xb3,0x02,0xb3,0x02,0xb3,0x02,
    0xb3,0x02,0xb3,0x02,0xb3,0x02,0xb3,0x02,0xb3,0x02,0xb3,0x02,0xb3,0x02,0xb3,0x02,
    0xb3,0x02,0xb3,0x02,0xb3,0x02,0xb3,0x02,0x00,0x00,0x00,0x00,0x00,0x00,0x00,0x00,
    0xb3,0x02,0xb3,0x02,0xb3,0x02,0xb3,0x02,0xb3,0x02,0xb3,0x02,0xb3,0x02,0xb3,0x02,
    0xb3,0x02,0xd3,0x02,0xb5,0x33,0xf3,0x0a,0xb3,0x02,0xb3,0x02,0xb3,0x02,0xb3,0x02,
    0xb3,0x02,0xb3,0x02,0xb7,0x6c,0x1c,0xe7,0xb7,0x6c,0xb3,0x02,0xb3,0x02,0xb3,0x02,
    0xb3,0x02,0xb3,0x02,0xb3,0x02,0xd3,0x0a,0xb5,0x33,0xf3,0x0a,0xb3,0x02,0xb3,0x02,
    0xb3,0x02,0xb3,0x02,0xb3,0x02,0xb3,0x02,0xb3,0x02,0xb3,0x02,0x00,0x00,0x00,0x00,
    0x00,0x00,0xb3,0x02,0xb3,0x02,0xb3,0x02,0xb3,0x02,0xb3,0x02,0xb3,0x02,0xb3,0x02,
    0xb3,0x02,0xb3,0x02,0xb3,0x02,0x56,0x54,0x1c,0xe7,0x18,0x75,0xb3,0x02,0xb3,0x02,
    0xb3,0x02,0xb3,0x02,0xb3,0x02,0xb3,0x02,0xb7,0x6c,0x1c,0xe7,0xb7,0x6c,0xb3,0x02,
    0xb3,0x02,0xb3,0x02,0xb3,0x02,0xb3,0x02,0xb3,0x02,0x97,0x5c,0x1c,0xe7,0xd7,0x6c,
    0xb3,0x02,0xb3,0x02,0xb3,0x02,0xb3,0x02,0xb3,0x02,0xb3,0x02,0xb3,0x02,0xb3,0x02,
    0xb3,0x02,0x00,0x00,0x00,0x00,0xb3,0x02,0xb3,0x02,0xb3,0x02,0xb3,0x02,0xb3,0x02,
    0xb3,0x02,0xb3,0x02,0xb3,0x02,0xb3,0x02,0xb5,0x33,0x1c,0xe7,0x1c,0xe7,0x58,0x8d,
    0xb3,0x02,0xb3,0x02,0xb3,0x02,0xb3,0x02,0xb3,0x02,0xb3,0x02,0xb7,0x6c,0x1c,0xe7,
    0xb7,0x6c,0xb3,0x02,0xb3,0x02,0xb3,0x02,0xb3,0x02,0xb3,0x02,0xb3,0x02,0x38,0x85,
    0x1c,0xe7,0x1c,0xe7,0x16,0x44,0xd3,0x02,0xb3,0x02,0xb3,0x02,0xb3,0x02,0xb3,0x02,
    0xb3,0x02,0xb3,0x02,0xb3,0x02,0x00,0x00,0x00,0x00,0xb3,0x02,0xb3,0x02,0xb3,0x02,
    0xb3,0x02,0xb3,0x02,0xb3,0x02,0xb3,0x02,0xb3,0x02,0xf3,0x0a,0x1a,0xae,0x1c,0xe7,
    0x99,0x95,0xb3,0x02,0xb3,0x02,0xb3,0x02,0xb3,0x02,0xb3,0x02,0xb3,0x02,0xb3,0x02,
    0xb7,0x6c,0x1c,0xe7,0xb7,0x6c,0xb3,0x02,0xb3,0x02,0xb3,0x02,0xb3,0x02,0xb3,0x02,
    0xb3,0x02,0xb3,0x02,0x79,0x8d,0x1c,0xe7,0x1c,0xdf,0xf3,0x0a,0xb3,0x02,0xb3,0x02,
    0xb3,0x02,0xb3,0x02,0xb3,0x02,0xb3,0x02,0xb3,0x02,0x00,0x00,0xb3,0x02,0xb3,0x02,
    0xb3,0x02,0xb3,0x02,0xb3,0x02,0xb3,0x02,0xb3,0x02,0xb3,0x02,0xb3,0x02,0xb5,0x33,
    0x1c,0xe7,0xbb,0xce,0x14,0x13,0xb3,0x02,0xb3,0x02,0xb3,0x02,0xb3,0x02,0xb3,0x02,
    0xb3,0x02,0xb3,0x02,0xb7,0x6c,0x1c,0xe7,0xb7,0x6c,0xb3,0x02,0xb3,0x02,0xb3,0x02,
    0xb3,0x02,0xb3,0x02,0xb3,0x02,0xb3,0x02,0xd3,0x02,0x9b,0xce,0x1c,0xe7,0xf5,0x3b,
    0xd3,0x02,0xb3,0x02,0xb3,0x02,0xb3,0x02,0xb3,0x02,0xb3,0x02,0xb3,0x02,0xb3,0x02,
    0xb3,0x02,0xb3,0x02,0xb3,0x02,0xb3,0x02,0xb3,0x02,0xb3,0x02,0xb3,0x02,0xb3,0x02,
    0xf3,0x0a,0x1a,0xae,0x1c,0xe7,0xd9,0x9d,0xb3,0x02,0xb3,0x02,0xb3,0x02,0xb3,0x02,
    0xb3,0x02,0xb3,0x02,0xb3,0x02,0xb3,0x02,0xb7,0x6c,0x1c,0xe7,0xb7,0x6c,0xb3,0x02,
    0xb3,0x02,0xb3,0x02,0xb3,0x02,0xb3,0x02,0xb3,0x02,0xb3,0x02,0xb3,0x02,0x78,0x8d,
    0x1c,0xe7,0x7b,0xc6,0xf3,0x0a,0xb3,0x02,0xb3,0x02,0xb3,0x02,0xb3,0x02,0xb3,0x02,
    0xb3,0x02,0xb3,0x02,0xb3,0x02,0xb3,0x02,0xb3,0x02,0xb3,0x02,0xb3,0x02,0xb3,0x02,
    0xb3,0x02,0xb3,0x02,0x13,0x13,0x1c,0xe7,0xbb,0xce,0x74,0x23,0xb3,0x02,0xb3,0x02,
    0xb3,0x02,0xb3,0x02,0xb3,0x02,0xb3,0x02,0xb3,0x02,0xb3,0x02,0xb7,0x6c,0x1c,0xe7,
    0xb7,0x6c,0xb3,0x02,0xb3,0x02,0xb3,0x02,0xb3,0x02,0xb3,0x02,0xb3,0x02,0xb3,0x02,
    0xb3,0x02,0x14,0x13,0xbb,0xce,0x1c,0xe7,0xf3,0x0a,0xb3,0x02,0xb3,0x02,0xb3,0x02,
    0xb3,0x02,0xb3,0x02,0xb3,0x02,0xb3,0x02,0xb3,0x02,0xb3,0x02,0xb3,0x02,0xb3,0x02,
    0xb3,0x02,0xb3,0x02,0xb3,0x02,0xb3,0x02,0xf3,0x0a,0x1c,0xe7,0x9b,0xc6,0xb3,0x02,
    0xb3,0x02,0xb3,0x02,0xb3,0x02,0xb3,0x02,0xb3,0x02,0xb3,0x02,0xb3,0x02,0xb3,0x02,
    0xb7,0x6c,0x1c,0xe7,0xb7,0x6c,0xb3,0x02,0xb3,0x02,0xb3,0x02,0xb3,0x02,0xb3,0x02,
    0xb3,0x02,0xb3,0x02,0xb3,0x02,0xb3,0x02,0x9b,0xc6,0x1c,0xe7,0x14,0x13,0xb3,0x02,
    0xb3,0x02,0xb3,0x02,0xb3,0x02,0xb3,0x02,0xb3,0x02,0xb3,0x02,0xb3,0x02,0xb3,0x02,
    0xb3,0x02,0xb3,0x02,0xb3,0x02,0xb3,0x02,0xb3,0x02,0xb3,0x02,0x34,0x1b,0x1c,0xe7,
    0x9b,0xce,0xb3,0x02,0xb3,0x02,0xb3,0x02,0xb3,0x02,0xb3,0x02,0xb3,0x02,0xb3,0x02,
    0xb3,0x02,0xb3,0x02,0xb7,0x6c,0x1c,0xe7,0xb7,0x6c,0xb3,0x02,0xb3,0x02,0xb3,0x02,
    0xb3,0x02,0xb3,0x02,0xb3,0x02,0xb3,0x02,0xb3,0x02,0xb3,0x02,0x9b,0xce,0x1c,0xe7,
    0x95,0x2b,0xb3,0x02,0xb3,0x02,0xb3,0x02,0xb3,0x02,0xb3,0x02,0xb3,0x02,0xb3,0x02,
    0xb3,0x02,0xb3,0x02,0xb3,0x02,0xb3,0x02,0xb3,0x02,0xb3,0x02,0xb3,0x02,0xb3,0x02,
    0x74,0x23,0x1c,0xe7,0x9b,0xce,0xb3,0x02,0xb3,0x02,0xb3,0x02,0xb3,0x02,0xb3,0x02,
    0xb3,0x02,0xb3,0x02,0xb3,0x02,0xb3,0x02,0xd7,0x6c,0x1c,0xe7,0xd7,0x6c,0xb3,0x02,
    0xb3,0x02,0xb3,0x02,0xb3,0x02,0xb3,0x02,0xb3,0x02,0xb3,0x02,0xb3,0x02,0xb3,0x02,
    0x9b,0xce,0x1c,0xe7,0xd5,0x33,0xb3,0x02,0xb3,0x02,0xb3,0x02,0xb3,0x02,0xb3,0x02,
    0xb3,0x02,0xb3,0x02,0xb3,0x02,0xb3,0x02,0xb3,0x02,0xb3,0x02,0xb3,0x02,0xb3,0x02,
    0xb3,0x02,0xb3,0x02,0x34,0x1b,0x1c,0xe7,0x9b,0xce,0xb3,0x02,0xb3,0x02,0xb3,0x02,
    0xb3,0x02,0xb3,0x02,0xb3,0x02,0xb3,0x02,0xb3,0x02,0xb3,0x02,0xf5,0x43,0xb9,0x9d,
    0xf5,0x43,0xb3,0x02,0xb3,0x02,0xb3,0x02,0xb3,0x02,0xb3,0x02,0xb3,0x02,0xb3,0x02,
    0xb3,0x02,0xb3,0x02,0x9b,0xce,0x1c,0xe7,0x95,0x2b,0xb3,0x02,0xb3,0x02,0xb3,0x02,
    0xb3,0x02,0xb3,0x02,0xb3,0x02,0xb3,0x02,0xb3,0x02,0xb3,0x02,0xb3,0x02,0xb3,0x02,
    0xb3,0x02,0xb3,0x02,0xb3,0x02,0xb3,0x02,0xf3,0x0a,0x1c,0xe7,0x9b,0xc6,0xb3,0x02,
    0xb3,0x02,0xb3,0x02,0xb3,0x02,0xb3,0x02,0xb3,0x02,0xb3,0x02,0xb3,0x02,0xb3,0x02,
    0xd3,0x02,0x13,0x13,0xd3,0x02,0xb3,0x02,0xb3,0x02,0xb3,0x02,0xb3,0x02,0xb3,0x02,
    0xb3,0x02,0xb3,0x02,0xb3,0x02,0xb3,0x02,0x9b,0xc6,0x1c,0xe7,0x14,0x13,0xb3,0x02,
    0xb3,0x02,0xb3,0x02,0xb3,0x02,0xb3,0x02,0xb3,0x02,0xb3,0x02,0xb3,0x02,0xb3,0x02,
    0xb3,0x02,0xb3,0x02,0xb3,0x02,0xb3,0x02,0xb3,0x02,0xb3,0x02,0x13,0x13,0x1c,0xe7,
    0xbb,0xce,0x34,0x1b,0xb3,0x02,0xb3,0x02,0xb3,0x02,0xb3,0x02,0xb3,0x02,0xb3,0x02,
    0xb3,0x02,0xb3,0x02,0xb3,0x02,0xb3,0x02,0xb3,0x02,0xb3,0x02,0xb3,0x02,0xb3,0x02,
    0xb3,0x02,0xb3,0x02,0xb3,0x02,0xb3,0x02,0xb3,0x02,0xf3,0x0a,0xbb,0xce,0x1c,0xe7,
    0xf3,0x0a,0xb3,0x02,0xb3,0x02,0xb3,0x02,0xb3,0x02,0xb3,0x02,0xb3,0x02,0xb3,0x02,
    0xb3,0x02,0xb3,0x02,0xb3,0x02,0xb3,0x02,0xb3,0x02,0xb3,0x02,0xb3,0x02,0xb3,0x02,
    0xf3,0x0a,0x1a,0xb6,0x1c,0xe7,0x99,0x95,0xb3,0x02,0xb3,0x02,0xb3,0x02,0xb3,0x02,
    0xb3,0x02,0xb3,0x02,0xb3,0x02,0xb3,0x02,0xb3,0x02,0xb3,0x02,0xb3,0x02,0xb3,0x02,
    0xb3,0x02,0xb3,0x02,0xb3,0x02,0xb3,0x02,0xb3,0x02,0xb3,0x02,0xb3,0x02,0x58,0x8d,
    0x1c,0xe7,0x9b,0xc6,0xf3,0x0a,0xb3,0x02,0xb3,0x02,0xb3,0x02,0xb3,0x02,0xb3,0x02,
    0xb3,0x02,0xb3,0x02,0xb3,0x02,0xb3,0x02,0xb3,0x02,0xb3,0x02,0xb3,0x02,0xb3,0x02,
    0xb3,0x02,0xb3,0x02,0xb3,0x02,0xb5,0x33,0x1c,0xe7,0x9b,0xce,0xb3,0x02,0xb3,0x02,
    0xb3,0x02,0xb3,0x02,0xb3,0x02,0xb3,0x02,0xb3,0x02,0xb3,0x02,0xb3,0x02,0xb3,0x02,
    0xb3,0x02,0xb3,0x02,0xb3,0x02,0xb3,0x02,0xb3,0x02,0xb3,0x02,0xb3,0x02,0xb3,0x02,
    0xb3,0x02,0x9b,0xc6,0x1c,0xe7,0xf5,0x3b,0xd3,0x02,0xb3,0x02,0xb3,0x02,0xb3,0x02,
    0xb3,0x02,0xb3,0x02,0xb3,0x02,0xb3,0x02,0xb3,0x02,0xb3,0x02,0xb3,0x02,0xb3,0x02,
    0xb3,0x02,0xb3,0x02,0xb3,0x02,0xb3,0x02,0xb3,0x02,0xf3,0x0a,0x5a,0xbe,0x1c,0xe7,
    0x78,0x8d,0xb3,0x02,0xb3,0x02,0xb3,0x02,0xb3,0x02,0xb3,0x02,0xb3,0x02,0xb3,0x02,
    0xb3,0x02,0xb3,0x02,0xb3,0x02,0xb3,0x02,0xb3,0x02,0xb3,0x02,0xb3,0x02,0xb3,0x02,
    0xb3,0x02,0xb3,0x02,0x58,0x85,0x1c,0xdf,0x1c,0xe7,0xf3,0x0a,0xb3,0x02,0xb3,0x02,
    0xb3,0x02,0xb3,0x02,0xb3,0x02,0xb3,0x02,0xb3,0x02,0xb3,0x02,0x00,0x00,0xb3,0x02,
    0xb3,0x02,0xb3,0x02,0xb3,0x02,0xb3,0x02,0xb3,0x02,0xb3,0x02,0xb3,0x02,0xb3,0x02,
    0xd5,0x3b,0x1c,0xe7,0x1c,0xdf,0xf7,0x74,0xb3,0x02,0xb3,0x02,0xb3,0x02,0xb3,0x02,
    0xb3,0x02,0xb3,0x02,0xb3,0x02,0xb3,0x02,0xb3,0x02,0xb3,0x02,0xb3,0x02,0xb3,0x02,
    0xb3,0x02,0xb3,0x02,0xb3,0x02,0xd7,0x6c,0x1c,0xdf,0x1c,0xe7,0x16,0x44,0xd3,0x02,
    0xb3,0x02,0xb3,0x02,0xb3,0x02,0xb3,0x02,0xb3,0x02,0xb3,0x02,0xb3,0x02,0x00,0x00,
    0x00,0x00,0xb3,0x02,0xb3,0x02,0xb3,0x02,0xb3,0x02,0xb3,0x02,0xb3,0x02,0xb3,0x02,
    0xb3,0x02,0xb3,0x02,0xb3,0x02,0x76,0x5c,0x1c,0xe7,0xfc,0xde,0xf7,0x74,0xb3,0x02,
    0xb3,0x02,0xb3,0x02,0xb3,0x02,0xb3,0x02,0xb3,0x02,0xb3,0x02,0xb3,0x02,0xb3,0x02,
    0xb3,0x02,0xb3,0x02,0xb3,0x02,0xb3,0x02,0xd7,0x6c,0xfb,0xde,0x1c,0xe7,0xb7,0x6c,
    0xd3,0x02,0xb3,0x02,0xb3,0x02,0xb3,0x02,0xb3,0x02,0xb3,0x02,0xb3,0x02,0xb3,0x02,
    0xb3,0x02,0x00,0x00,0x00,0x00,0xb3,0x02,0xb3,0x02,0xb3,0x02,0xb3,0x02,0xb3,0x02,
    0xb3,0x02,0xb3,0x02,0xb3,0x02,0xb3,0x02,0xb3,0x02,0xd3,0x0a,0x18,0x7d,0x1c,0xe7,
    0x1c,0xdf,0x78,0x8d,0xb3,0x02,0xb3,0x02,0xb3,0x02,0xb3,0x02,0xb3,0x02,0xb3,0x02,
    0xb3,0x02,0xb3,0x02,0xb3,0x02,0xb3,0x02,0xb3,0x02,0x58,0x85,0xfc,0xde,0x1c,0xe7,
    0x78,0x8d,0x13,0x13,0xb3,0x02,0xb3,0x02,0xb3,0x02,0xb3,0x02,0xb3,0x02,0xb3,0x02,
    0xb3,0x02,0xb3,0x02,0xb3,0x02,0x00,0x00,0x00,0x00,0x00,0x00,0xb3,0x02,0xb3,0x02,
    0xb3,0x02,0xb3,0x02,0xb3,0x02,0xb3,0x02,0xb3,0x02,0xb3,0x02,0xb3,0x02,0xb3,0x02,
    0xf3,0x0a,0x97,0x64,0x1c,0xe7,0x1c,0xe7,0x9b,0xc6,0x78,0x8d,0x14,0x13,0xb3,0x02,
    0xb3,0x02,0xb3,0x02,0xb3,0x02,0xb3,0x02,0xf3,0x0a,0x58,0x85,0x9b,0xc6,0x1c,0xe7,
    0x1c,0xe7,0xf7,0x74,0x14,0x13,0xb3,0x02,0xb3,0x02,0xb3,0x02,0xb3,0x02,0xb3,0x02,
    0xb3,0x02,0xb3,0x02,0xb3,0x02,0xb3,0x02,0x00,0x00,0x00,0x00,0x00,0x00,0x00,0x00,
    0xb3,0x02,0xb3,0x02,0xb3,0x02,0xb3,0x02,0xb3,0x02,0xb3,0x02,0xb3,0x02,0xb3,0x02,
    0xb3,0x02,0xb3,0x02,0xb3,0x02,0xb3,0x02,0xf5,0x43,0xdb,0xd6,0x1c,0xe7,0x1c,0xe7,
    0xbb,0xce,0x9b,0xc6,0x9b,0xce,0x9b,0xce,0x9b,0xce,0x9b,0xc6,0xbb,0xce,0x1c,0xdf,
    0x1c,0xe7,0xfb,0xde,0x16,0x44,0xd3,0x02,0xb3,0x02,0xb3,0x02,0xb3,0x02,0xb3,0x02,
    0xb3,0x02,0xb3,0x02,0xb3,0x02,0xb3,0x02,0xb3,0x02,0xb3,0x02,0x00,0x00,0x00,0x00,
    0x00,0x00,0x00,0x00,0x00,0x00,0xb3,0x02,0xb3,0x02,0xb3,0x02,0xb3,0x02,0xb3,0x02,
    0xb3,0x02,0xb3,0x02,0xb3,0x02,0xb3,0x02,0xb3,0x02,0xb3,0x02,0xb3,0x02,0xf3,0x0a,
    0xd5,0x3b,0x7a,0xbe,0x1c,0xe7,0x1c,0xe7,0x1c,0xe7,0x1c,0xe7,0x1c,0xe7,0x1c,0xe7,
    0x1c,0xe7,0x9b,0xc6,0xf5,0x43,0xf3,0x0a,0xd3,0x02,0xb3,0x02,0xb3,0x02,0xb3,0x02,
    0xb3,0x02,0xb3,0x02,0xb3,0x02,0xb3,0x02,0xb3,0x02,0xb3,0x02,0xb3,0x02,0x00,0x00,
    0x00,0x00,0x00,0x00,0x00,0x00,0x00,0x00,0x00,0x00,0xb3,0x02,0xb3,0x02,0xb3,0x02,
    0xb3,0x02,0xb3,0x02,0xb3,0x02,0xb3,0x02,0xb3,0x02,0xb3,0x02,0xb3,0x02,0xb3,0x02,
    0xb3,0x02,0xb3,0x02,0xb3,0x02,0xf3,0x0a,0xf3,0x0a,0x14,0x13,0x95,0x2b,0xf5,0x3b,
    0x95,0x2b,0x14,0x13,0xf3,0x0a,0xf3,0x0a,0xd3,0x02,0xb3,0x02,0xb3,0x02,0xb3,0x02,
    0xb3,0x02,0xb3,0x02,0xb3,0x02,0xb3,0x02,0xb3,0x02,0xb3,0x02,0xb3,0x02,0xb3,0x02,
    0xb3,0x02,0x00,0x00,0x00,0x00,0x00,0x00,0x00,0x00,0x00,0x00,0x00,0x00,0x00,0x00,
    0xb3,0x02,0xb3,0x02,0xb3,0x02,0xb3,0x02,0xb3,0x02,0xb3,0x02,0xb3,0x02,0xb3,0x02,
    0xb3,0x02,0xb3,0x02,0xb3,0x02,0xb3,0x02,0xb3,0x02,0xb3,0x02,0xb3,0x02,0xb3,0x02,
    0xb3,0x02,0xb3,0x02,0xb3,0x02,0xb3,0x02,0xb3,0x02,0xb3,0x02,0xb3,0x02,0xb3,0x02,
    0xb3,0x02,0xb3,0x02,0xb3,0x02,0xb3,0x02,0xb3,0x02,0xb3,0x02,0xb3,0x02,0xb3,0x02,
    0xb3,0x02,0xb3,0x02,0x00,0x00,0x00,0x00,0x00,0x00,0x00,0x00,0x00,0x00,0x00,0x00,
    0x00,0x00,0x00,0x00,0x00,0x00,0xb3,0x02,0xb3,0x02,0xb3,0x02,0xb3,0x02,0xb3,0x02,
    0xb3,0x02,0xb3,0x02,0xb3,0x02,0xb3,0x02,0xb3,0x02,0xb3,0x02,0xb3,0x02,0xb3,0x02,
    0xb3,0x02,0xb3,0x02,0xb3,0x02,0xb3,0x02,0xb3,0x02,0xb3,0x02,0xb3,0x02,0xb3,0x02,
    0xb3,0x02,0xb3,0x02,0xb3,0x02,0xb3,0x02,0xb3,0x02,0xb3,0x02,0xb3,0x02,0xb3,0x02,
    0xb3,0x02,0xb3,0x02,0xb3,0x02,0x00,0x00,0x00,0x00,0x00,0x00,0x00,0x00,0x00,0x00,
    0x00,0x00,0x00,0x00,0x00,0x00,0x00,0x00,0x00,0x00,0x00,0x00,0xb3,0x02,0xb3,0x02,
    0xb3,0x02,0xb3,0x02,0xb3,0x02,0xb3,0x02,0xb3,0x02,0xb3,0x02,0xb3,0x02,0xb3,0x02,
    0xb3,0x02,0xb3,0x02,0xb3,0x02,0xb3,0x02,0xb3,0x02,0xb3,0x02,0xb3,0x02,0xb3,0x02,
    0xb3,0x02,0xb3,0x02,0xb3,0x02,0xb3,0x02,0xb3,0x02,0xb3,0x02,0xb3,0x02,0xb3,0x02,
    0xb3,0x02,0xb3,0x02,0xb3,0x02,0xb3,0x02,0x00,0x00,0x00,0x00,0x00,0x00,0x00,0x00,
    0x00,0x00,0x00,0x00,0x00,0x00,0x00,0x00,0x00,0x00,0x00,0x00,0x00,0x00,0x00,0x00,
    0x00,0x00,0xb3,0x02,0xb3,0x02,0xb3,0x02,0xb3,0x02,0xb3,0x02,0xb3,0x02,0xb3,0x02,
    0xb3,0x02,0xb3,0x02,0xb3,0x02,0xb3,0x02,0xb3,0x02,0xb3,0x02,0xb3,0x02,0xb3,0x02,
    0xb3,0x02,0xb3,0x02,0xb3,0x02,0xb3,0x02,0xb3,0x02,0xb3,0x02,0xb3,0x02,0xb3,0x02,
    0xb3,0x02,0xb3,0x02,0xb3,0x02,0xb3,0x02,0xb3,0x02,0x00,0x00,0x00,0x00,0x00,0x00,
    0x00,0x00,0x00,0x00,0x00,0x00,0x00,0x00,0x00,0x00,0x00,0x00,0x00,0x00,0x00,0x00,
    0x00,0x00,0x00,0x00,0x00,0x00,0x00,0x00,0xb3,0x02,0xb3,0x02,0xb3,0x02,0xb3,0x02,
    0xb3,0x02,0xb3,0x02,0xb3,0x02,0xb3,0x02,0xb3,0x02,0xb3,0x02,0xb3,0x02,0xb3,0x02,
    0xb3,0x02,0xb3,0x02,0xb3,0x02,0xb3,0x02,0xb3,0x02,0xb3,0x02,0xb3,0x02,0xb3,0x02,
    0xb3,0x02,0xb3,0x02,0xb3,0x02,0xb3,0x02,0xb3,0x02,0xb3,0x02,0x00,0x00,0x00,0x00,
    0x00,0x00,0x00,0x00,0x00,0x00,0x00,0x00,0x00,0x00,0x00,0x00,0x00,0x00,0x00,0x00,
    0x00,0x00,0x00,0x00,0x00,0x00,0x00,0x00,0x00,0x00,0x00,0x00,0x00,0x00,0x00,0x00,
    0xb3,0x02,0xb3,0x02,0xb3,0x02,0xb3,0x02,0xb3,0x02,0xb3,0x02,0xb3,0x02,0xb3,0x02,
    0xb3,0x02,0xb3,0x02,0xb3,0x02,0xb3,0x02,0xb3,0x02,0xb3,0x02,0xb3,0x02,0xb3,0x02,
    0xb3,0x02,0xb3,0x02,0xb3,0x02,0xb3,0x02,0xb3,0x02,0xb3,0x02,0x00,0x00,0x00,0x00,
    0x00,0x00,0x00,0x00,0x00,0x00,0x00,0x00,0x00,0x00,0x00,0x00,0x00,0x00,0x00,0x00,
    0x00,0x00,0x00,0x00,0x00,0x00,0x00,0x00,0x00,0x00,0x00,0x00,0x00,0x00,0x00,0x00,
    0x00,0x00,0x00,0x00,0x00,0x00,0x00,0x00,0xb3,0x02,0xb3,0x02,0xb3,0x02,0xb3,0x02,
    0xb3,0x02,0xb3,0x02,0xb3,0x02,0xb3,0x02,0xb3,0x02,0xb3,0x02,0xb3,0x02,0xb3,0x02,
    0xb3,0x02,0xb3,0x02,0xb3,0x02,0xb3,0x02,0xb3,0x02,0xb3,0x02,0x00,0x00,0x00,0x00,
    0x00,0x00,0x00,0x00,0x00,0x00,0x00,0x00,0x00,0x00,0x00,0x00,0x00,0x00,0x00,0x00,
    0x00,0x00,0x00,0x00,0x00,0x00,0x00,0x00,0x00,0x00,0x00,0x00,0x00,0x00,0x00,0x00,
    0x00,0x00,0x00,0x00,0x00,0x00,0x00,0x00,0x00,0x00,0x00,0x00,0x00,0x00,0x00,0x00,
    0x00,0x00,0xb3,0x02,0xb3,0x02,0xb3,0x02,0xb3,0x02,0xb3,0x02,0xb3,0x02,0xb3,0x02,
    0xb3,0x02,0xb3,0x02,0xb3,0x02,0xb3,0x02,0xb3,0x02,0x00,0x00,0x00,0x00,0x00,0x00,
    0x00,0x00,0x00,0x00,0x00,0x00,0x00,0x00,0x00,0x00,0x00,0x00,0x00,0x00,0x00,0x00,
    0x00,0x00,0x00,0x00,0x00,0x00,0x00,0x00,0x00,0x00,0x00,0x00,0x00,0x00,0x00,0x00,
    0x00,0x00,0x00,0x00,0x00,0x00,0x00,0x3c,0x80,0xbf,0xcf,0xff,0xff,0xff,0xff,0xcf,
    0xbf,0x80,0x3c,0x00,0x00,0x00,0x00,0x00,0x00,0x00,0x00,0x00,0x00,0x00,0x00,0x00,
    0x00,0x00,0x00,0x00,0x00,0x00,0x00,0x00,0x00,0x00,0x00,0x00,0x00,0x00,0x2d,0x9f,
    0xef,0xff,0xff,0xff,0xff,0xff,0xff,0xff,0xff,0xff,0xff,0xff,0xff,0xef,0x9f,0x2d,
    0x00,0x00,0x00,0x00,0x00,0x00,0x00,0x00,0x00,0x00,0x00,0x00,0x00,0x00,0x00,0x00,
    0x00,0x00,0x00,0x00,0x00,0x00,0x2d,0xbf,0xff,0xff,0xff,0xff,0xff,0xff,0xff,0xff,
    0xff,0xff,0xff,0xff,0xff,0xff,0xff,0xff,0xff,0xff,0xbf,0x2d,0x00,0x00,0x00,0x00,
    0x00,0x00,0x00,0x00,0x00,0x00,0x00,0x00,0x00,0x00,0x00,0x00,0x00,0x00,0x0f,0x8f,
    0xff,0xff,0xff,0xff,0xff,0xff,0xff,0xff,0xff,0xff,0xff,0xff,0xff,0xff,0xff,0xff,
    0xff,0xff,0xff,0xff,0xff,0xff,0x8f,0x0f,0x00,0x00,0x00,0x00,0x00,0x00,0x00,0x00,
    0x00,0x00,0x00,0x00,0x00,0x00,0x00,0x2d,0xcf,0xff,0xff,0xff,0xff,0xff,0xff,0xff,
    0xff,0xff,0xff,0xff,0xff,0xff,0xff,0xff,0xff,0xff,0xff,0xff,0xff,0xff,0xff,0xff,
    0xff,0xcf,0x2d,0x00,0x00,0x00,0x00,0x00,0x00,0x00,0x00,0x00,0x00,0x00,0x00,0x00,
    0x2d,0xef,0xff,0xff,0xff,0xff,0xff,0xff,0xff,0xff,0xff,0xff,0xff,0xff,0xff,0xff,
    0xff,0xff,0xff,0xff,0xff,0xff,0xff,0xff,0xff,0xff,0xff,0xff,0xef,0x2d,0x00,0x00,
    0x00,0x00,0x00,0x00,0x00,0x00,0x00,0x00,0x00,0x2d,0xef,0xff,0xff,0xff,0xff,0xff,
    0xff,0xff,0xff,0xff,0xff,0xff,0xff,0xff,0xff,0xff,0xff,0xff,0xff,0xff,0xff,0xff,
    0xff,0xff,0xff,0xff,0xff,0xff,0xff,0xef,0x2d,0x00,0x00,0x00,0x00,0x00,0x00,0x00,
    0x00,0x00,0x2d,0xef,0xff,0xff,0xff,0xff,0xff,0xff,0xff,0xff,0xff,0xff,0xff,0xff,
    0xff,0xff,0xff,0xff,0xff,0xff,0xff,0xff,0xff,0xff,0xff,0xff,0xff,0xff,0xff,0xff,
    0xff,0xff,0xef,0x2d,0x00,0x00,0x00,0x00,0x00,0x00,0x00,0x0f,0xcf,0xff,0xff,0xff,
    0xff,0xff,0xff,0xff,0xff,0xff,0xff,0xff,0xff,0xff,0xff,0xff,0xff,0xff,0xff,0xff,
    0xff,0xff,0xff,0xff,0xff,0xff,0xff,0xff,0xff,0xff,0xff,0xff,0xff,0xcf,0x0f,0x00,
    0x00,0x00,0x00,0x00,0x00,0x8f,0xff,0xff,0xff,0xff,0xff,0xff,0xff,0xff,0xff,0xff,
    0xff,0xff,0xff,0xff,0xff,0xff,0xff,0xff,0xff,0xff,0xff,0xff,0xff,0xff,0xff,0xff,
    0xff,0xff,0xff,0xff,0xff,0xff,0xff,0xff,0x8f,0x00,0x00,0x00,0x00,0x00,0x2d,0xff,
    0xff,0xff,0xff,0xff,0xff,0xff,0xff,0xff,0xff,0xff,0xff,0xff,0xff,0xff,0xff,0xff,
    0xff,0xff,0xff,0xff,0xff,0xff,0xff,0xff,0xff,0xff,0xff,0xff,0xff,0xff,0xff,0xff,
    0xff,0xff,0xff,0x2d,0x00,0x00,0x00,0x00,0xbf,0xff,0xff,0xff,0xff,0xff,0xff,0xff,
    0xff,0xff,0xff,0xff,0xff,0xff,0xff,0xff,0xff,0xff,0xff,0xff,0xff,0xff,0xff,0xff,
    0xff,0xff,0xff,0xff,0xff,0xff,0xff,0xff,0xff,0xff,0xff,0xff,0xff,0xbf,0x00,0x00,
    0x00,0x2d,0xff,0xff,0xff,0xff,0xff,0xff,0xff,0xff,0xff,0xff,0xff,0xff,0xff,0xff,
    0xff,0xff,0xff,0xff,0xff,0xff,0xff,0xff,0xff,0xff,0xff,0xff,0xff,0xff,0xff,0xff,
    0xff,0xff,0xff,0xff,0xff,0xff,0xff,0xff,0x2d,0x00,0x00,0x9f,0xff,0xff,0xff,0xff,
    0xff,0xff,0xff,0xff,0xff,0xff,0xff,0xff,0xff,0xff,0xff,0xff,0xff,0xff,0xff,0xff,
    0xff,0xff,0xff,0xff,0xff,0xff,0xff,0xff,0xff,0xff,0xff,0xff,0xff,0xff,0xff,0xff,
    0xff,0xff,0x9f,0x00,0x00,0xef,0xff,0xff,0xff,0xff,0xff,0xff,0xff,0xff,0xff,0xff,
    0xff,0xff,0xff,0xff,0xff,0xff,0xff,0xff,0xff,0xff,0xff,0xff,0xff,0xff,0xff,0xff,
    0xff,0xff,0xff,0xff,0xff,0xff,0xff,0xff,0xff,0xff,0xff,0xff,0xef,0x00,0x3c,0xff,
    0xff,0xff,0xff,0xff,0xff,0xff,0xff,0xff,0xff,0xff,0xff,0xff,0xff,0xff,0xff,0xff,
    0xff,0xff,0xff,0xff,0xff,0xff,0xff,0xff,0xff,0xff,0xff,0xff,0xff,0xff,0xff,0xff,
    0xff,0xff,0xff,0xff,0xff,0xff,0xff,0x3c,0x80,0xff,0xff,0xff,0xff,0xff,0xff,0xff,
    0xff,0xff,0xff,0xff,0xff,0xff,0xff,0xff,0xff,0xff,0xff,0xff,0xff,0xff,0xff,0xff,
    0xff,0xff,0xff,0xff,0xff,0xff,0xff,0xff,0xff,0xff,0xff,0xff,0xff,0xff,0xff,0xff,
    0xff,0x80,0xbf,0xff,0xff,0xff,0xff,0xff,0xff,0xff,0xff,0xff,0xff,0xff,0xff,0xff,
    0xff,0xff,0xff,0xff,0xff,0xff,0xff,0xff,0xff,0xff,0xff,0xff,0xff,0xff,0xff,0xff,
    0xff,0xff,0xff,0xff,0xff,0xff,0xff,0xff,0xff,0xff,0xff,0xbf,0xcf,0xff,0xff,0xff,
    0xff,0xff,0xff,0xff,0xff,0xff,0xff,0xff,0xff,0xff,0xff,0xff,0xff,0xff,0xff,0xff,
    0xff,0xff,0xff,0xff,0xff,0xff,0xff,0xff,0xff,0xff,0xff,0xff,0xff,0xff,0xff,0xff,
    0xff,0xff,0xff,0xff,0xff,0xcf,0xff,0xff,0xff,0xff,0xff,0xff,0xff,0xff,0xff,0xff,
    0xff,0xff,0xff,0xff,0xff,0xff,0xff,0xff,0xff,0xff,0xff,0xff,0xff,0xff,0xff,0xff,
    0xff,0xff,0xff,0xff,0xff,0xff,0xff,0xff,0xff,0xff,0xff,0xff,0xff,0xff,0xff,0xff,
    0xff,0xff,0xff,0xff,0xff,0xff,0xff,0xff,0xff,0xff,0xff,0xff,0xff,0xff,0xff,0xff,
    0xff,0xff,0xff,0xff,0xff,0xff,0xff,0xff,0xff,0xff,0xff,0xff,0xff,0xff,0xff,0xff,
    0xff,0xff,0xff,0xff,0xff,0xff,0xff,0xff,0xff,0xff,0xff,0xff,0xff,0xff,0xff,0xff,
    0xff,0xff,0xff,0xff,0xff,0xff,0xff,0xff,0xff,0xff,0xff,0xff,0xff,0xff,0xff,0xff,
    0xff,0xff,0xff,0xff,0xff,0xff,0xff,0xff,0xff,0xff,0xff,0xff,0xff,0xff,0xff,0xff,
    0xff,0xff,0xff,0xff,0xff,0xff,0xff,0xff,0xff,0xff,0xff,0xff,0xff,0xff,0xff,0xff,
    0xff,0xff,0xff,0xff,0xff,0xff,0xff,0xff,0xff,0xff,0xff,0xff,0xff,0xff,0xff,0xff,
    0xff,0xff,0xff,0xff,0xff,0xff,0xff,0xff,0xff,0xff,0xff,0xff,0xff,0xff,0xcf,0xff,
    0xff,0xff,0xff,0xff,0xff,0xff,0xff,0xff,0xff,0xff,0xff,0xff,0xff,0xff,0xff,0xff,
    0xff,0xff,0xff,0xff,0xff,0xff,0xff,0xff,0xff,0xff,0xff,0xff,0xff,0xff,0xff,0xff,
    0xff,0xff,0xff,0xff,0xff,0xff,0xff,0xcf,0xbf,0xff,0xff,0xff,0xff,0xff,0xff,0xff,
    0xff,0xff,0xff,0xff,0xff,0xff,0xff,0xff,0xff,0xff,0xff,0xff,0xff,0xff,0xff,0xff,
    0xff,0xff,0xff,0xff,0xff,0xff,0xff,0xff,0xff,0xff,0xff,0xff,0xff,0xff,0xff,0xff,
    0xff,0xbf,0x80,0xff,0xff,0xff,0xff,0xff,0xff,0xff,0xff,0xff,0xff,0xff,0xff,0xff,
    0xff,0xff,0xff,0xff,0xff,0xff,0xff,0xff,0xff,0xff,0xff,0xff,0xff,0xff,0xff,0xff,
    0xff,0xff,0xff,0xff,0xff,0xff,0xff,0xff,0xff,0xff,0xff,0x80,0x3c,0xff,0xff,0xff,
    0xff,0xff,0xff,0xff,0xff,0xff,0xff,0xff,0xff,0xff,0xff,0xff,0xff,0xff,0xff,0xff,
    0xff,0xff,0xff,0xff,0xff,0xff,0xff,0xff,0xff,0xff,0xff,0xff,0xff,0xff,0xff,0xff,
    0xff,0xff,0xff,0xff,0xff,0x3c,0x00,0xef,0xff,0xff,0xff,0xff,0xff,0xff,0xff,0xff,
    0xff,0xff,0xff,0xff,0xff,0xff,0xff,0xff,0xff,0xff,0xff,0xff,0xff,0xff,0xff,0xff,
    0xff,0xff,0xff,0xff,0xff,0xff,0xff,0xff,0xff,0xff,0xff,0xff,0xff,0xff,0xef,0x00,
    0x00,0x9f,0xff,0xff,0xff,0xff,0xff,0xff,0xff,0xff,0xff,0xff,0xff,0xff,0xff,0xff,
    0xff,0xff,0xff,0xff,0xff,0xff,0xff,0xff,0xff,0xff,0xff,0xff,0xff,0xff,0xff,0xff,
    0xff,0xff,0xff,0xff,0xff,0xff,0xff,0xff,0x9f,0x00,0x00,0x2d,0xff,0xff,0xff,0xff,
    0xff,0xff,0xff,0xff,0xff,0xff,0xff,0xff,0xff,0xff,0xff,0xff,0xff,0xff,0xff,0xff,
    0xff,0xff,0xff,0xff,0xff,0xff,0xff,0xff,0xff,0xff,0xff,0xff,0xff,0xff,0xff,0xff,
    0xff,0xff,0x2d,0x00,0x00,0x00,0xbf,0xff,0xff,0xff,0xff,0xff,0xff,0xff,0xff,0xff,
    0xff,0xff,0xff,0xff,0xff,0xff,0xff,0xff,0xff,0xff,0xff,0xff,0xff,0xff,0xff,0xff,
    0xff,0xff,0xff,0xff,0xff,0xff,0xff,0xff,0xff,0xff,0xff,0xbf,0x00,0x00,0x00,0x00,
    0x2d,0xff,0xff,0xff,0xff,0xff,0xff,0xff,0xff,0xff,0xff,0xff,0xff,0xff,0xff,0xff,
    0xff,0xff,0xff,0xff,0xff,0xff,0xff,0xff,0xff,0xff,0xff,0xff,0xff,0xff,0xff,0xff,
    0xff,0xff,0xff,0xff,0xff,0x2d,0x00,0x00,0x00,0x00,0x00,0x8f,0xff,0xff,0xff,0xff,
    0xff,0xff,0xff,0xff,0xff,0xff,0xff,0xff,0xff,0xff,0xff,0xff,0xff,0xff,0xff,0xff,
    0xff,0xff,0xff,0xff,0xff,0xff,0xff,0xff,0xff,0xff,0xff,0xff,0xff,0xff,0x8f,0x00,
    0x00,0x00,0x00,0x00,0x00,0x0f,0xcf,0xff,0xff,0xff,0xff,0xff,0xff,0xff,0xff,0xff,
    0xff,0xff,0xff,0xff,0xff,0xff,0xff,0xff,0xff,0xff,0xff,0xff,0xff,0xff,0xff,0xff,
    0xff,0xff,0xff,0xff,0xff,0xff,0xff,0xcf,0x0f,0x00,0x00,0x00,0x00,0x00,0x00,0x00,
    0x2d,0xef,0xff,0xff,0xff,0xff,0xff,0xff,0xff,0xff,0xff,0xff,0xff,0xff,0xff,0xff,
    0xff,0xff,0xff,0xff,0xff,0xff,0xff,0xff,0xff,0xff,0xff,0xff,0xff,0xff,0xff,0xff,
    0xef,0x2d,0x00,0x00,0x00,0x00,0x00,0x00,0x00,0x00,0x00,0x2d,0xef,0xff,0xff,0xff,
    0xff,0xff,0xff,0xff,0xff,0xff,0xff,0xff,0xff,0xff,0xff,0xff,0xff,0xff,0xff,0xff,
    0xff,0xff,0xff,0xff,0xff,0xff,0xff,0xff,0xff,0xef,0x2d,0x00,0x00,0x00,0x00,0x00,
    0x00,0x00,0x00,0x00,0x00,0x00,0x2d,0xef,0xff,0xff,0xff,0xff,0xff,0xff,0xff,0xff,
    0xff,0xff,0xff,0xff,0xff,0xff,0xff,0xff,0xff,0xff,0xff,0xff,0xff,0xff,0xff,0xff,
    0xff,0xff,0xef,0x2d,0x00,0x00,0x00,0x00,0x00,0x00,0x00,0x00,0x00,0x00,0x00,0x00,
    0x00,0x2d,0xcf,0xff,0xff,0xff,0xff,0xff,0xff,0xff,0xff,0xff,0xff,0xff,0xff,0xff,
    0xff,0xff,0xff,0xff,0xff,0xff,0xff,0xff,0xff,0xff,0xff,0xcf,0x2d,0x00,0x00,0x00,
    0x00,0x00,0x00,0x00,0x00,0x00,0x00,0x00,0x00,0x00,0x00,0x00,0x0f,0x8f,0xff,0xff,
    0xff,0xff,0xff,0xff,0xff,0xff,0xff,0xff,0xff,0xff,0xff,0xff,0xff,0xff,0xff,0xff,
    0xff,0xff,0xff,0xff,0x8f,0x0f,0x00,0x00,0x00,0x00,0x00,0x00,0x00,0x00,0x00,0x00,
    0x00,0x00,0x00,0x00,0x00,0x00,0x00,0x00,0x2d,0xbf,0xff,0xff,0xff,0xff,0xff,0xff,
    0xff,0xff,0xff,0xff,0xff,0xff,0xff,0xff,0xff,0xff,0xff,0xff,0xbf,0x2d,0x00,0x00,
    0x00,0x00,0x00,0x00,0x00,0x00,0x00,0x00,0x00,0x00,0x00,0x00,0x00,0x00,0x00,0x00,
    0x00,0x00,0x00,0x00,0x2d,0x9f,0xef,0xff,0xff,0xff,0xff,0xff,0xff,0xff,0xff,0xff,
    0xff,0xff,0xff,0xef,0x9f,0x2d,0x00,0x00,0x00,0x00,0x00,0x00,0x00,0x00,0x00,0x00,
    0x00,0x00,0x00,0x00,0x00,0x00,0x00,0x00,0x00,0x00,0x00,0x00,0x00,0x00,0x00,0x00,
    0x00,0x3c,0x80,0xbf,0xcf,0xff,0xff,0xff,0xff,0xcf,0xbf,0x80,0x3c,0x00,0x00,0x00,
    0x00,0x00,0x00,0x00,0x00,0x00,0x00,0x00,0x00,0x00,0x00,0x00,
};

const lv_image_dsc_t icon_toggle = {
    .header = {
        .magic = LV_IMAGE_HEADER_MAGIC,
        .cf = LV_COLOR_FORMAT_RGB565A8,
        .flags = 0,
        .w = 42,
        .h = 42,
        .stride = 84,
        .reserved_2 = 0,
    },
    .data_size = sizeof(icon_toggle_map),
    .data = icon_toggle_map,
    .reserved = NULL,
    .reserved_2 = NULL,
};

// Converted from Value.png (42x42, RGB565A8: RGB565 plane + A8 alpha plane)
static const uint8_t icon_value_map[] = {
    0x00,0x00,0x00,0x00,0x00,0x00,0x00,0x00,0x00,0x00,0x00,0x00,0x00,0x00,0x00,0x00,
    0x00,0x00,0x00,0x00,0x00,0x00,0x00,0x00,0x00,0x00,0x00,0x00,0x00,0x00,0x68,0x02,
    0x68,0x02,0x68,0x02,0x68,0x02,0x68,0x02,0x68,0x02,0x68,0x02,0x68,0x02,0x68,0x02,
    0x68,0x02,0x68,0x02,0x68,0x02,0x00,0x00,0x00,0x00,0x00,0x00,0x00,0x00,0x00,0x00,
    0x00,0x00,0x00,0x00,0x00,0x00,0x00,0x00,0x00,0x00,0x00,0x00,0x00,0x00,0x00,0x00,
    0x00,0x00,0x00,0x00,0x00,0x00,0x00,0x00,0x00,0x00,0x00,0x00,0x00,0x00,0x00,0x00,
    0x00,0x00,0x00,0x00,0x00,0x00,0x00,0x00,0x00,0x00,0x00,0x00,0x68,0x02,0x68,0x02,
    0x68,0x02,0x68,0x02,0x68,0x02,0x68,0x02,0x68,0x02,0x68,0x02,0x68,0x02,0x68,0x02,
    0x68,0x02,0x68,0x02,0x68,0x02,0x68,0x02,0x68,0x02,0x68,0x02,0x68,0x02,0x68,0x02,
    0x00,0x00,0x00,0x00,0x00,0x00,0x00,0x00,0x00,0x00,0x00,0x00,0x00,0x00,0x00,0x00,
    0x00,0x00,0x00,0x00,0x00,0x00,0x00,0x00,0x00,0x00,0x00,0x00,0x00,0x00,0x00,0x00,
    0x00,0x00,0x00,0x00,0x00,0x00,0x00,0x00,0x00,0x00,0x00,0x00,0x68,0x02,0x68,0x02,
    0x68,0x02,0x68,0x02,0x68,0x02,0x68,0x02,0x68,0x02,0x68,0x02,0x68,0x02,0x68,0x02,
    0x68,0x02,0x68,0x02,0x68,0x02,0x68,0x02,0x68,0x02,0x68,0x02,0x68,0x02,0x68,0x02,
    0x68,0x02,0x68,0x02,0x68,0x02,0x68,0x02,0x00,0x00,0x00,0x00,0x00,0x00,0x00,0x00,
    0x00,0x00,0x00,0x00,0x00,0x00,0x00,0x00,0x00,0x00,0x00,0x00,0x00,0x00,0x00,0x00,
    0x00,0x00,0x00,0x00,0x00,0x00,0x00,0x00,0x00,0x00,0x00,0x00,0x68,0x02,0x68,0x02,
    0x68,0x02,0x68,0x02,0x68,0x02,0x68,0x02,0x68,0x02,0x68,0x02,0x68,0x02,0x68,0x02,
    0x68,0x02,0x68,0x02,0x68,0x02,0x68,0x02,0x68,0x02,0x68,0x02,0x68,0x02,0x68,0x02,
    0x68,0x02,0x68,0x02,0x68,0x02,0x68,0x02,0x68,0x02,0x68,0x02,0x68,0x02,0x68,0x02,
    0x00,0x00,0x00,0x00,0x00,0x00,0x00,0x00,0x00,0x00,0x00,0x00,0x00,0x00,0x00,0x00,
    0x00,0x00,0x00,0x00,0x00,0x00,0x00,0x00,0x00,0x00,0x00,0x00,0x00,0x00,0x68,0x02,
    0x68,0x02,0x68,0x02,0x68,0x02,0x68,0x02,0x68,0x02,0x68,0x02,0x68,0x02,0x68,0x02,
    0x68,0x02,0x68,0x02,0x68,0x02,0x68,0x02,0x68,0x02,0x68,0x02,0x68,0x02,0x68,0x02,
    0x68,0x02,0x68,0x02,0x68,0x02,0x68,0x02,0x68,0x02,0x68,0x02,0x68,0x02,0x68,0x02,
    0x68,0x02,0x68,0x02,0x68,0x02,0x00,0x00,0x00,0x00,0x00,0x00,0x00,0x00,0x00,0x00,
    0x00,0x00,0x00,0x00,0x00,0x00,0x00,0x00,0x00,0x00,0x00,0x00,0x00,0x00,0x00,0x00,
    0x68,0x02,0x68,0x02,0x68,0x02,0x68,0x02,0x68,0x02,0x68,0x02,0x68,0x02,0x68,0x02,
    0x68,0x02,0x68,0x02,0x68,0x02,0x68,0x02,0x68,0x02,0x68,0x02,0x68,0x02,0x68,0x02,
    0x68,0x02,0x68,0x02,0x68,0x02,0x68,0x02,0x68,0x02,0x68,0x02,0x68,0x02,0x68,0x02,
    0x68,0x02,0x68,0x02,0x68,0x02,0x68,0x02,0x68,0x02,0x68,0x02,0x00,0x00,0x00,0x00,
    0x00,0x00,0x00,0x00,0x00,0x00,0x00,0x00,0x00,0x00,0x00,0x00,0x00,0x00,0x00,0x00,
    0x00,0x00,0x68,0x02,0x68,0x02,0x68,0x02,0x68,0x02,0x68,0x02,0x68,0x02,0x68,0x02,
    0x68,0x02,0x68,0x02,0x68,0x02,0x68,0x02,0x68,0x02,0x68,0x02,0x68,0x02,0x68,0x02,
    0x68,0x02,0x68,0x02,0x68,0x02,0x68,0x02,0x68,0x02,0x68,0x02,0x68,0x02,0x68,0x02,
    0x68,0x02,0x68,0x02,0x68,0x02,0x68,0x02,0x68,0x02,0x68,0x02,0x68,0x02,0x68,0x02,
    0x68,0x02,0x00,0x00,0x00,0x00,0x00,0x00,0x00,0x00,0x00,0x00,0x00,0x00,0x00,0x00,
    0x00,0x00,0x00,0x00,0x68,0x02,0x68,0x02,0x68,0x02,0x68,0x02,0x68,0x02,0x68,0x02,
    0x68,0x02,0x68,0x02,0x68,0x02,0x68,0x02,0x68,0x02,0x68,0x02,0x68,0x02,0x68,0x02,
    0x68,0x02,0x68,0x02,0x68,0x02,0x68,0x02,0x68,0x02,0x68,0x02,0x68,0x02,0x68,0x02,
    0x68,0x02,0x68,0x02,0x68,0x02,0x68,0x02,0x68,0x02,0x68,0x02,0x68,0x02,0x68,0x02,
    0x68,0x02,0x68,0x02,0x68,0x02,0x68,0x02,0x00,0x00,0x00,0x00,0x00,0x00,0x00,0x00,
    0x00,0x00,0x00,0x00,0x00,0x00,0x68,0x02,0x68,0x02,0x68,0x02,0x68,0x02,0x68,0x02,
    0x68,0x02,0x88,0x0a,0x1c,0xe7,0x1c,0xe7,0x1c,0xe7,0x1c,0xe7,0x1c,0xe7,0x1c,0xe7,
    0x1c,0xe7,0x1c,0xe7,0x1c,0xe7,0x1c,0xe7,0x1c,0xe7,0x1c,0xe7,0x1c,0xe7,0x1c,0xe7,
    0x1c,0xe7,0x1c,0xe7,0x1c,0xe7,0x1c,0xe7,0x1c,0xe7,0x1c,0xe7,0x1c,0xe7,0x1c,0xe7,
    0xa9,0x0a,0x68,0x02,0x68,0x02,0x68,0x02,0x68,0x02,0x68,0x02,0x68,0x02,0x00,0x00,
    0x00,0x00,0x00,0x00,0x00,0x00,0x00,0x00,0x00,0x00,0x68,0x02,0x68,0x02,0x68,0x02,
    0x68,0x02,0x68,0x02,0x68,0x02,0x1c,0xe7,0x1c,0xe7,0x1c,0xe7,0x1c,0xe7,0x1c,0xe7,
    0x1c,0xe7,0x1c,0xe7,0x1c,0xe7,0x1c,0xe7,0x1c,0xe7,0x1c,0xe7,0x1c,0xe7,0x1c,0xe7,
    0x1c,0xe7,0x1c,0xe7,0x1c,0xe7,0x1c,0xe7,0x1c,0xe7,0x1c,0xe7,0x1c,0xe7,0x1c,0xe7,
    0x1c,0xe7,0x1c,0xe7,0x1c,0xe7,0x68,0x02,0x68,0x02,0x68,0x02,0x68,0x02,0x68,0x02,
    0x68,0x02,0x00,0x00,0x00,0x00,0x00,0x00,0x00,0x00,0x00,0x00,0x68,0x02,0x68,0x02,
    0x68,0x02,0x68,0x02,0x68,0x02,0x68,0x02,0x68,0x02,0x1c,0xe7,0x1c,0xe7,0x68,0x02,
    0x68,0x02,0x68,0x02,0x68,0x02,0x68,0x02,0x68,0x02,0x68,0x02,0x68,0x02,0x68,0x02,
    0x68,0x02,0x68,0x02,0x68,0x02,0x68,0x02,0x68,0x02,0x68,0x02,0x68,0x02,0x68,0x02,
    0x68,0x02,0x68,0x02,0x68,0x02,0x1c,0xe7,0x1c,0xe7,0x68,0x02,0x68,0x02,0x68,0x02,
    0x68,0x02,0x68,0x02,0x68,0x02,0x68,0x02,0x00,0x00,0x00,0x00,0x00,0x00,0x00,0x00,
    0x68,0x02,0x68,0x02,0x68,0x02,0x68,0x02,0x68,0x02,0x68,0x02,0x68,0x02,0x1c,0xe7,
    0x1c,0xe7,0x68,0x02,0x68,0x02,0x68,0x02,0x68,0x02,0x68,0x02,0x68,0x02,0x68,0x02,
    0x68,0x02,0x68,0x02,0x68,0x02,0x68,0x02,0x68,0x02,0x68,0x02,0x68,0x02,0x68,0x02,
    0x68,0x02,0x68,0x02,0x68,0x02,0x68,0x02,0x68,0x02,0x1c,0xe7,0x1c,0xe7,0x68,0x02,
    0x68,0x02,0x68,0x02,0x68,0x02,0x68,0x02,0x68,0x02,0x68,0x02,0x00,0x00,0x00,0x00,
    0x00,0x00,0x68,0x02,0x68,0x02,0x68,0x02,0x68,0x02,0x68,0x02,0x68,0x02,0x68,0x02,
    0x68,0x02,0x1c,0xe7,0x1c,0xe7,0x68,0x02,0x68,0x02,0x68,0x02,0x68,0x02,0x68,0x02,
    0x68,0x02,0x68,0x02,0x68,0x02,0x68,0x02,0x68,0x02,0x68,0x02,0x68,0x02,0x68,0x02,
    0x68,0x02,0x68,0x02,0x68,0x02,0x68,0x02,0x68,0x02,0x68,0x02,0x68,0x02,0x1c,0xe7,
    0x1c,0xe7,0x68,0x02,0x68,0x02,0x68,0x02,0x68,0x02,0x68,0x02,0x68,0x02,0x68,0x02,
    0x68,0x02,0x00,0x00,0x00,0x00,0x68,0x02,0x68,0x02,0x68,0x02,0x68,0x02,0x68,0x02,
    0x68,0x02,0x68,0x02,0x68,0x02,0x1c,0xe7,0x1c,0xe7,0x68,0x02,0x68,0x02,0x68,0x02,
    0x68,0x02,0x68,0x02,0x68,0x02,0x68,0x02,0x68,0x02,0x68,0x02,0x68,0x02,0x68,0x02,
    0x68,0x02,0x68,0x02,0x68,0x02,0xf7,0xad,0x1c,0xe7,0x95,0x9d,0x68,0x02,0x68,0x02,
    0x68,0x02,0x1c,0xe7,0x1c,0xe7,0x68,0x02,0x68,0x02,0x68,0x02,0x68,0x02,0x68,0x02,
    0x68,0x02,0x68,0x02,0x68,0x02,0x00,0x00,0x68,0x02,0x68,0x02,0x68,0x02,0x68,0x02,
    0x68,0x02,0x68,0x02,0x68,0x02,0x68,0x02,0x68,0x02,0x1c,0xe7,0x1c,0xe7,0x68,0x02,
    0x68,0x02,0x68,0x02,0x68,0x02,0x68,0x02,0x68,0x02,0x68,0x02,0x68,0x02,0x68,0x02,
    0x68,0x02,0x68,0x02,0x68,0x02,0x68,0x02,0x68,0x02,0xf7,0xad,0x1c,0xe7,0x95,0x9d,
    0x68,0x02,0x68,0x02,0x68,0x02,0x1c,0xe7,0x1c,0xe7,0x68,0x02,0x68,0x02,0x68,0x02,
    0x68,0x02,0x68,0x02,0x68,0x02,0x68,0x02,0x68,0x02,0x68,0x02,0x68,0x02,0x68,0x02,
    0x68,0x02,0x68,0x02,0x68,0x02,0x68,0x02,0x68,0x02,0x68,0x02,0x68,0x02,0x1c,0xe7,
    0x1c,0xe7,0x68,0x02,0x68,0x02,0x68,0x02,0x68,0x02,0x68,0x02,0x68,0x02,0x68,0x02,
    0x68,0x02,0x68,0x02,0x68,0x02,0x68,0x02,0x68,0x02,0x68,0x02,0x68,0x02,0xf7,0xad,
    0x1c,0xe7,0x95,0x9d,0x68,0x02,0x68,0x02,0x68,0x02,0x1c,0xe7,0x1c,0xe7,0x68,0x02,
    0x68,0x02,0x68,0x02,0x68,0x02,0x68,0x02,0x68,0x02,0x68,0x02,0x68,0x02,0x68,0x02,
    0x68,0x02,0x68,0x02,0x68,0x02,0x68,0x02,0x68,0x02,0x68,0x02,0x68,0x02,0x68,0x02,
    0x68,0x02,0x1c,0xe7,0x1c,0xe7,0x68,0x02,0x68,0x02,0x68,0x02,0x68,0x02,0x68,0x02,
    0x68,0x02,0x68,0x02,0x68,0x02,0x68,0x02,0x68,0x02,0x68,0x02,0x68,0x02,0x68,0x02,
    0x68,0x02,0xf7,0xad,0x1c,0xe7,0x95,0x9d,0x68,0x02,0x68,0x02,0x68,0x02,0x1c,0xe7,
    0x1c,0xe7,0x68,0x02,0x68,0x02,0x68,0x02,0x68,0x02,0x68,0x02,0x68,0x02,0x68,0x02,
    0x68,0x02,0x68,0x02,0x68,0x02,0x68,0x02,0x68,0x02,0x68,0x02,0x68,0x02,0x68,0x02,
    0x68,0x02,0x68,0x02,0x68,0x02,0x1c,0xe7,0x1c,0xe7,0x68,0x02,0x68,0x02,0x68,0x02,
    0x68,0x02,0x68,0x02,0x68,0x02,0x68,0x02,0x68,0x02,0x68,0x02,0x68,0x02,0x68,0x02,
    0x68,0x02,0x68,0x02,0x68,0x02,0xf7,0xad,0x1c,0xe7,0x95,0x9d,0x68,0x02,0x68,0x02,
    0x68,0x02,0x1c,0xe7,0x1c,0xe7,0x68,0x02,0x68,0x02,0x68,0x02,0x68,0x02,0x68,0x02,
    0x68,0x02,0x68,0x02,0x68,0x02,0x68,0x02,0x68,0x02,0x68,0x02,0x68,0x02,0x68,0x02,
    0x68,0x02,0x68,0x02,0x68,0x02,0x68,0x02,0x68,0x02,0x1c,0xe7,0x1c,0xe7,0x68,0x02,
    0x68,0x02,0x68,0x02,0x68,0x02,0x68,0x02,0x68,0x02,0x68,0x02,0x68,0x02,0x68,0x02,
    0x1c,0xe7,0x1c,0xe7,0x68,0x02,0x68,0x02,0x68,0x02,0xf7,0xad,0x1c,0xe7,0x95,0x9d,
    0x68,0x02,0x68,0x02,0x68,0x02,0x1c,0xe7,0x1c,0xe7,0x68,0x02,0x68,0x02,0x68,0x02,
    0x68,0x02,0x68,0x02,0x68,0x02,0x68,0x02,0x68,0x02,0x68,0x02,0x68,0x02,0x68,0x02,
    0x68,0x02,0x68,0x02,0x68,0x02,0x68,0x02,0x68,0x02,0x68,0x02,0x68,0x02,0x1c,0xe7,
    0x1c,0xe7,0x68,0x02,0x68,0x02,0x68,0x02,0x68,0x02,0x68,0x02,0x68,0x02,0x68,0x02,
    0x68,0x02,0x68,0x02,0x1c,0xe7,0x1c,0xe7,0x68,0x02,0x68,0x02,0x68,0x02,0xf7,0xad,
    0x1c,0xe7,0x95,0x9d,0x68,0x02,0x68,0x02,0x68,0x02,0x1c,0xe7,0x1c,0xe7,0x68,0x02,
    0x68,0x02,0x68,0x02,0x68,0x02,0x68,0x02,0x68,0x02,0x68,0x02,0x68,0x02,0x68,0x02,
    0x68,0x02,0x68,0x02,0x68,0x02,0x68,0x02,0x68,0x02,0x68,0x02,0x68,0x02,0x68,0x02,
    0x68,0x02,0x1c,0xe7,0x1c,0xe7,0x68,0x02,0x68,0x02,0x68,0x02,0x54,0x8d,0x1c,0xe7,
    0x38,0xbe,0x68,0x02,0x68,0x02,0x68,0x02,0x68,0x02,0x68,0x02,0x68,0x02,0x68,0x02,
    0x68,0x02,0xf7,0xad,0x1c,0xe7,0x95,0x9d,0x68,0x02,0x68,0x02,0x68,0x02,0x1c,0xe7,
    0x1c,0xe7,0x68,0x02,0x68,0x02,0x68,0x02,0x68,0x02,0x68,0x02,0x68,0x02,0x68,0x02,
    0x68,0x02,0x68,0x02,0x68,0x02,0x68,0x02,0x68,0x02,0x68,0x02,0x68,0x02,0x68,0x02,
    0x68,0x02,0x68,0x02,0x68,0x02,0x1c,0xe7,0x1c,0xe7,0x68,0x02,0x68,0x02,0x68,0x02,
    0x54,0x8d,0x1c,0xe7,0x38,0xbe,0x68,0x02,0x68,0x02,0x68,0x02,0x68,0x02,0x68,0x02,
    0x68,0x02,0x68,0x02,0x68,0x02,0xf7,0xad,0x1c,0xe7,0x95,0x9d,0x68,0x02,0x68,0x02,
    0x68,0x02,0x1c,0xe7,0x1c,0xe7,0x68,0x02,0x68,0x02,0x68,0x02,0x68,0x02,0x68,0x02,
    0x68,0x02,0x68,0x02,0x68,0x02,0x68,0x02,0x68,0x02,0x68,0x02,0x68,0x02,0x68,0x02,
    0x68,0x02,0x68,0x02,0x68,0x02,0x68,0x02,0x68,0x02,0x1c,0xe7,0x1c,0xe7,0x68,0x02,
    0x68,0x02,0x68,0x02,0x54,0x8d,0x1c,0xe7,0x38,0xbe,0x68,0x02,0x68,0x02,0x68,0x02,
    0x68,0x02,0x68,0x02,0x68,0x02,0x68,0x02,0x68,0x02,0xf7,0xad,0x1c,0xe7,0x95,0x9d,
    0x68,0x02,0x68,0x02,0x68,0x02,0x1c,0xe7,0x1c,0xe7,0x68,0x02,0x68,0x02,0x68,0x02,
    0x68,0x02,0x68,0x02,0x68,0x02,0x68,0x02,0x68,0x02,0x68,0x02,0x68,0x02,0x68,0x02,
    0x68,0x02,0x68,0x02,0x68,0x02,0x68,0x02,0x68,0x02,0x68,0x02,0x68,0x02,0x1c,0xe7,
    0x1c,0xe7,0x68,0x02,0x68,0x02,0x68,0x02,0x54,0x8d,0x1c,0xe7,0x38,0xbe,0x68,0x02,
    0x68,0x02,0x68,0x02,0x1c,0xe7,0x1c,0xe7,0x68,0x02,0x68,0x02,0x68,0x02,0xf7,0xad,
    0x1c,0xe7,0x95,0x9d,0x68,0x02,0x68,0x02,0x68,0x02,0x1c,0xe7,0x1c,0xe7,0x68,0x02,
    0x68,0x02,0x68,0x02,0x68,0x02,0x68,0x02,0x68,0x02,0x68,0x02,0x68,0x02,0x68,0x02,
    0x68,0x02,0x68,0x02,0x68,0x02,0x68,0x02,0x68,0x02,0x68,0x02,0x68,0x02,0x68,0x02,
    0x68,0x02,0x1c,0xe7,0x1c,0xe7,0x68,0x02,0x68,0x02,0x68,0x02,0x54,0x8d,0x1c,0xe7,
    0x38,0xbe,0x68,0x02,0x68,0x02,0x68,0x02,0x1c,0xe7,0x1c,0xe7,0x68,0x02,0x68,0x02,
    0x68,0x02,0xf7,0xad,0x1c,0xe7,0x95,0x9d,0x68,0x02,0x68,0x02,0x68,0x02,0x1c,0xe7,
    0x1c,0xe7,0x68,0x02,0x68,0x02,0x68,0x02,0x68,0x02,0x68,0x02,0x68,0x02,0x68,0x02,
    0x68,0x02,0x68,0x02,0x68,0x02,0x68,0x02,0x68,0x02,0x68,0x02,0x68,0x02,0x68,0x02,
    0x68,0x02,0x68,0x02,0x68,0x02,0x1c,0xe7,0x1c,0xe7,0x68,0x02,0x68,0x02,0x68,0x02,
    0x54,0x8d,0x1c,0xe7,0x38,0xbe,0x68,0x02,0x68,0x02,0x68,0x02,0x1c,0xe7,0x1c,0xe7,
    0x68,0x02,0x68,0x02,0x68,0x02,0xf7,0xad,0x1c,0xe7,0x95,0x9d,0x68,0x02,0x68,0x02,
    0x68,0x02,0x1c,0xe7,0x1c,0xe7,0x68,0x02,0x68,0x02,0x68,0x02,0x68,0x02,0x68,0x02,
    0x68,0x02,0x68,0x02,0x68,0x02,0x68,0x02,0x68,0x02,0x68,0x02,0x68,0x02,0x68,0x02,
    0x68,0x02,0x68,0x02,0x68,0x02,0x68,0x02,0x68,0x02,0x1c,0xe7,0x1c,0xe7,0x68,0x02,
    0x68,0x02,0x68,0x02,0x54,0x8d,0x1c,0xe7,0x38,0xbe,0x68,0x02,0x68,0x02,0x68,0x02,
    0x1c,0xe7,0x1c,0xe7,0x68,0x02,0x68,0x02,0x68,0x02,0xf7,0xad,0x1c,0xe7,0x95,0x9d,
    0x68,0x02,0x68,0x02,0x68,0x02,0x1c,0xe7,0x1c,0xe7,0x68,0x02,0x68,0x02,0x68,0x02,
    0x68,0x02,0x68,0x02,0x68,0x02,0x68,0x02,0x68,0x02,0x68,0x02,0x00,0x00,0x68,0x02,
    0x68,0x02,0x68,0x02,0x68,0x02,0x68,0x02,0x68,0x02,0x68,0x02,0x68,0x02,0x1c,0xe7,
    0x1c,0xe7,0x68,0x02,0x68,0x02,0x68,0x02,0x68,0x02,0x68,0x02,0x68,0x02,0x68,0x02,
    0x68,0x02,0x68,0x02,0x68,0x02,0x68,0x02,0x68,0x02,0x68,0x02,0x68,0x02,0x68,0x02,
    0x68,0x02,0x68,0x02,0x68,0x02,0x68,0x02,0x68,0x02,0x1c,0xe7,0x1c,0xe7,0x68,0x02,
    0x68,0x02,0x68,0x02,0x68,0x02,0x68,0x02,0x68,0x02,0x68,0x02,0x68,0x02,0x00,0x00,
    0x00,0x00,0x68,0x02,0x68,0x02,0x68,0x02,0x68,0x02,0x68,0x02,0x68,0x02,0x68,0x02,
    0x68,0x02,0x1c,0xe7,0x1c,0xe7,0x68,0x02,0x68,0x02,0x68,0x02,0x68,0x02,0x68,0x02,
    0x68,0x02,0x68,0x02,0x68,0x02,0x68,0x02,0x68,0x02,0x68,0x02,0x68,0x02,0x68,0x02,
    0x68,0x02,0x68,0x02,0x68,0x02,0x68,0x02,0x68,0x02,0x68,0x02,0x68,0x02,0x1c,0xe7,
    0x1c,0xe7,0x68,0x02,0x68,0x02,0x68,0x02,0x68,0x02,0x68,0x02,0x68,0x02,0x68,0x02,
    0x68,0x02,0x00,0x00,0x00,0x00,0x00,0x00,0x68,0x02,0x68,0x02,0x68,0x02,0x68,0x02,
    0x68,0x02,0x68,0x02,0x68,0x02,0x1c,0xe7,0x1c,0xe7,0x68,0x02,0x68,0x02,0x68,0x02,
    0x68,0x02,0x68,0x02,0x68,0x02,0x68,0x02,0x68,0x02,0x68,0x02,0x68,0x02,0x68,0x02,
    0x68,0x02,0x68,0x02,0x68,0x02,0x68,0x02,0x68,0x02,0x68,0x02,0x68,0x02,0x68,0x02,
    0x68,0x02,0x1c,0xe7,0x1c,0xe7,0x68,0x02,0x68,0x02,0x68,0x02,0x68,0x02,0x68,0x02,
    0x68,0x02,0x68,0x02,0x00,0x00,0x00,0x00,0x00,0x00,0x00,0x00,0x68,0x02,0x68,0x02,
    0x68,0x02,0x68,0x02,0x68,0x02,0x68,0x02,0x68,0x02,0x1c,0xe7,0x1c,0xe7,0x1c,0xe7,
    0x1c,0xe7,0x1c,0xe7,0x1c,0xe7,0x1c,0xe7,0x1c,0xe7,0x1c,0xe7,0x1c,0xe7,0x1c,0xe7,
    0x1c,0xe7,0x1c,0xe7,0x1c,0xe7,0x1c,0xe7,0x1c,0xe7,0x1c,0xe7,0x1c,0xe7,0x1c,0xe7,
    0x1c,0xe7,0x1c,0xe7,0x1c,0xe7,0x1c,0xe7,0x1c,0xe7,0x68,0x02,0x68,0x02,0x68,0x02,
    0x68,0x02,0x68,0x02,0x68,0x02,0x68,0x02,0x00,0x00,0x00,0x00,0x00,0x00,0x00,0x00,
    0x00,0x00,0x68,0x02,0x68,0x02,0x68,0x02,0x68,0x02,0x68,0x02,0x68,0x02,0xa9,0x0a,
    0x1c,0xe7,0x1c,0xe7,0x1c,0xe7,0x1c,0xe7,0x1c,0xe7,0x1c,0xe7,0x1c,0xe7,0x1c,0xe7,
    0x1c,0xe7,0x1c,0xe7,0x1c,0xe7,0x1c,0xe7,0x1c,0xe7,0x1c,0xe7,0x1c,0xe7,0x1c,0xe7,
    0x1c,0xe7,0x1c,0xe7,0x1c,0xe7,0x1c,0xe7,0x1c,0xe7,0x1c,0xe7,0xc9,0x12,0x68,0x02,
    0x68,0x02,0x68,0x02,0x68,0x02,0x68,0x02,0x68,0x02,0x00,0x00,0x00,0x00,0x00,0x00,
    0x00,0x00,0x00,0x00,0x00,0x00,0x68,0x02,0x68,0x02,0x68,0x02,0x68,0x02,0x68,0x02,
    0x68,0x02,0x68,0x02,0x68,0x02,0x68,0x02,0x68,0x02,0x68,0x02,0x68,0x02,0x68,0x02,
    0x68,0x02,0x68,0x02,0x68,0x02,0x68,0x02,0x68,0x02,0x68,0x02,0x68,0x02,0x68,0x02,
    0x68,0x02,0x68,0x02,0x68,0x02,0x68,0x02,0x68,0x02,0x68,0x02,0x68,0x02,0x68,0x02,
    0x68,0x02,0x68,0x02,0x68,0x02,0x68,0x02,0x68,0x02,0x68,0x02,0x68,0x02,0x00,0x00,
    0x00,0x00,0x00,0x00,0x00,0x00,0x00,0x00,0x00,0x00,0x00,0x00,0x68,0x02,0x68,0x02,
    0x68,0x02,0x68,0x02,0x68,0x02,0x68,0x02,0x68,0x02,0x68,0x02,0x68,0x02,0x68,0x02,
    0x68,0x02,0x68,0x02,0x68,0x02,0x68,0x02,0x68,0x02,0x68,0x02,0x68,0x02,0x68,0x02,
    0x68,0x02,0x68,0x02,0x68,0x02,0x68,0x02,0x68,0x02,0x68,0x02,0x68,0x02,0x68,0x02,
    0x68,0x02,0x68,0x02,0x68,0x02,0x68,0x02,0x68,0x02,0x68,0x02,0x68,0x02,0x68,0x02,
    0x00,0x00,0x00,0x00,0x00,0x00,0x00,0x00,0x00,0x00,0x00,0x00,0x00,0x00,0x00,0x00,
    0x00,0x00,0x68,0x02,0x68,0x02,0x68,0x02,0x68,0x02,0x68,0x02,0x68,0x02,0x68,0x02,
    0x68,0x02,0x68,0x02,0x68,0x02,0x68,0x02,0x68,0x02,0x68,0x02,0x68,0x02,0x68,0x02,
    0x68,0x02,0x68,0x02,0x68,0x02,0x68,0x02,0x68,0x02,0x68,0x02,0x68,0x02,0x68,0x02,
    0x68,0x02,0x68,0x02,0x68,0x02,0x68,0x02,0x68,0x02,0x68,0x02,0x68,0x02,0x68,0x02,
    0x68,0x02,0x00,0x00,0x00,0x00,0x00,0x00,0x00,0x00,0x00,0x00,0x00,0x00,0x00,0x00,
    0x00,0x00,0x00,0x00,0x00,0x00,0x00,0x00,0x68,0x02,0x68,0x02,0x68,0x02,0x68,0x02,
    0x68,0x02,0x68,0x02,0x68,0x02,0x68,0x02,0x68,0x02,0x68,0x02,0x68,0x02,0x68,0x02,
    0x68,0x02,0x68,0x02,0x68,0x02,0x68,0x02,0x68,0x02,0x68,0x02,0x68,0x02,0x68,0x02,
    0x68,0x02,0x68,0x02,0x68,0x02,0x68,0x02,0x68,0x02,0x68,0x02,0x68,0x02,0x68,0x02,
    0x68,0x02,0x68,0x02,0x00,0x00,0x00,0x00,0x00,0x00,0x00,0x00,0x00,0x00,0x00,0x00,
    0x00,0x00,0x00,0x00,0x00,0x00,0x00,0x00,0x00,0x00,0x00,0x00,0x00,0x00,0x68,0x02,
    0x68,0x02,0x68,0x02,0x68,0x02,0x68,0x02,0x68,0x02,0x68,0x02,0x68,0x02,0x68,0x02,
    0x68,0x02,0x68,0x02,0x68,0x02,0x68,0x02,0x68,0x02,0x68,0x02,0x68,0x02,0x68,0x02,
    0x68,0x02,0x68,0x02,0x68,0x02,0x68,0x02,0x68,0x02,0x68,0x02,0x68,0x02,0x68,0x02,
    0x68,0x02,0x68,0x02,0x68,0x02,0x00,0x00,0x00,0x00,0x00,0x00,0x00,0x00,0x00,0x00,
    0x00,0x00,0x00,0x00,0x00,0x00,0x00,0x00,0x00,0x00,0x00,0x00,0x00,0x00,0x00,0x00,
    0x00,0x00,0x00,0x00,0x68,0x02,0x68,0x02,0x68,0x02,0x68,0x02,0x68,0x02,0x68,0x02,
    0x68,0x02,0x68,0x02,0x68,0x02,0x68,0x02,0x68,0x02,0x68,0x02,0x68,0x02,0x68,0x02,
    0x68,0x02,0x68,0x02,0x68,0x02,0x68,0x02,0x68,0x02,0x68,0x02,0x68,0x02,0x68,0x02,
    0x68,0x02,0x68,0x02,0x68,0x02,0x68,0x02,0x00,0x00,0x00,0x00,0x00,0x00,0x00,0x00,
    0x00,0x00,0x00,0x00,0x00,0x00,0x00,0x00,0x00,0x00,0x00,0x00,0x00,0x00,0x00,0x00,
    0x00,0x00,0x00,0x00,0x00,0x00,0x00,0x00,0x00,0x00,0x00,0x00,0x68,0x02,0x68,0x02,
    0x68,0x02,0x68,0x02,0x68,0x02,0x68,0x02,0x68,0x02,0x68,0x02,0x68,0x02,0x68,0x02,
    0x68,0x02,0x68,0x02,0x68,0x02,0x68,0x02,0x68,0x02,0x68,0x02,0x68,0x02,0x68,0x02,
    0x68,0x02,0x68,0x02,0x68,0x02,0x68,0x02,0x00,0x00,0x00,0x00,0x00,0x00,0x00,0x00,
    0x00,0x00,0x00,0x00,0x00,0x00,0x00,0x00,0x00,0x00,0x00,0x00,0x00,0x00,0x00,0x00,
    0x00,0x00,0x00,0x00,0x00,0x00,0x00,0x00,0x00,0x00,0x00,0x00,0x00,0x00,0x00,0x00,
    0x00,0x00,0x00,0x00,0x68,0x02,0x68,0x02,0x68,0x02,0x68,0x02,0x68,0x02,0x68,0x02,
    0x68,0x02,0x68,0x02,0x68,0x02,0x68,0x02,0x68,0x02,0x68,0x02,0x68,0x02,0x68,0x02,
    0x68,0x02,0x68,0x02,0x68,0x02,0x68,0x02,0x00,0x00,0x00,0x00,0x00,0x00,0x00,0x00,
    0x00,0x00,0x00,0x00,0x00,0x00,0x00,0x00,0x00,0x00,0x00,0x00,0x00,0x00,0x00,0x00,
    0x00,0x00,0x00,0x00,0x00,0x00,0x00,0x00,0x00,0x00,0x00,0x00,0x00,0x00,0x00,0x00,
    0x00,0x00,0x00,0x00,0x00,0x00,0x00,0x00,0x00,0x00,0x00,0x00,0x00,0x00,0x68,0x02,
    0x68,0x02,0x68,0x02,0x68,0x02,0x68,0x02,0x68,0x02,0x68,0x02,0x68,0x02,0x68,0x02,
    0x68,0x02,0x68,0x02,0x68,0x02,0x00,0x00,0x00,0x00,0x00,0x00,0x00,0x00,0x00,0x00,
    0x00,0x00,0x00,0x00,0x00,0x00,0x00,0x00,0x00,0x00,0x00,0x00,0x00,0x00,0x00,0x00,
    0x00,0x00,0x00,0x00,0x00,0x00,0x00,0x00,0x00,0x00,0x00,0x00,0x00,0x00,0x00,0x00,
    0x00,0x00,0x00,0x00,0x00,0x00,0x00,0x00,0x00,0x00,0x00,0x00,0x00,0x00,0x00,0x00,
    0x00,0x00,0x00,0x00,0x00,0x00,0x00,0x00,0x00,0x00,0x00,0x00,0x00,0x00,0x00,0x00,
    0x00,0x00,0x00,0x00,0x00,0x00,0x00,0x00,0x00,0x00,0x00,0x00,0x00,0x00,0x00,0x00,
    0x00,0x00,0x00,0x00,0x00,0x00,0x00,0x00,0x00,0x00,0x00,0x00,0x00,0x00,0x00,0x00,
    0x00,0x00,0x00,0x00,0x00,0x00,0x00,0x00,0x00,0x00,0x00,0x00,0x00,0x00,0x00,0x00,
    0x00,0x00,0x00,0x00,0x00,0x00,0x00,0x4b,0x80,0xbf,0xcf,0xff,0xff,0xff,0xff,0xcf,
    0xbf,0x80,0x4b,0x00,0x00,0x00,0x00,0x00,0x00,0x00,0x00,0x00,0x00,0x00,0x00,0x00,
    0x00,0x00,0x00,0x00,0x00,0x00,0x00,0x00,0x00,0x00,0x00,0x00,0x00,0x00,0x3c,0x9f,
    0xef,0xff,0xff,0xff,0xff,0xff,0xff,0xff,0xff,0xff,0xff,0xff,0xff,0xef,0x9f,0x3c,
    0x00,0x00,0x00,0x00,0x00,0x00,0x00,0x00,0x00,0x00,0x00,0x00,0x00,0x00,0x00,0x00,
    0x00,0x00,0x00,0x00,0x00,0x00,0x3c,0xbf,0xff,0xff,0xff,0xff,0xff,0xff,0xff,0xff,
    0xff,0xff,0xff,0xff,0xff,0xff,0xff,0xff,0xff,0xff,0xbf,0x3c,0x00,0x00,0x00,0x00,
    0x00,0x00,0x00,0x00,0x00,0x00,0x00,0x00,0x00,0x00,0x00,0x00,0x00,0x00,0x0f,0xaf,
    0xff,0xff,0xff,0xff,0xff,0xff,0xff,0xff,0xff,0xff,0xff,0xff,0xff,0xff,0xff,0xff,
    0xff,0xff,0xff,0xff,0xff,0xff,0xaf,0x0f,0x00,0x00,0x00,0x00,0x00,0x00,0x00,0x00,
    0x00,0x00,0x00,0x00,0x00,0x00,0x00,0x2d,0xef,0xff,0xff,0xff,0xff,0xff,0xff,0xff,
    0xff,0xff,0xff,0xff,0xff,0xff,0xff,0xff,0xff,0xff,0xff,0xff,0xff,0xff,0xff,0xff,
    0xff,0xef,0x2d,0x00,0x00,0x00,0x00,0x00,0x00,0x00,0x00,0x00,0x00,0x00,0x00,0x00,
    0x5a,0xff,0xff,0xff,0xff,0xff,0xff,0xff,0xff,0xff,0xff,0xff,0xff,0xff,0xff,0xff,
    0xff,0xff,0xff,0xff,0xff,0xff,0xff,0xff,0xff,0xff,0xff,0xff,0xff,0x5a,0x00,0x00,
    0x00,0x00,0x00,0x00,0x00,0x00,0x00,0x00,0x00,0x5a,0xff,0xff,0xff,0xff,0xff,0xff,
    0xff,0xff,0xff,0xff,0xff,0xff,0xff,0xff,0xff,0xff,0xff,0xff,0xff,0xff,0xff,0xff,
    0xff,0xff,0xff,0xff,0xff,0xff,0xff,0xff,0x5a,0x00,0x00,0x00,0x00,0x00,0x00,0x00,
    0x00,0x00,0x3c,0xff,0xff,0xff,0xff,0xff,0xff,0xff,0xff,0xff,0xff,0xff,0xff,0xff,
    0xff,0xff,0xff,0xff,0xff,0xff,0xff,0xff,0xff,0xff,0xff,0xff,0xff,0xff,0xff,0xff,
    0xff,0xff,0xff,0x3c,0x00,0x00,0x00,0x00,0x00,0x00,0x00,0x0f,0xef,0xff,0xff,0xff,
    0xff,0xff,0xff,0xff,0xff,0xff,0xff,0xff,0xff,0xff,0xff,0xff,0xff,0xff,0xff,0xff,
    0xff,0xff,0xff,0xff,0xff,0xff,0xff,0xff,0xff,0xff,0xff,0xff,0xff,0xef,0x0f,0x00,
    0x00,0x00,0x00,0x00,0x00,0xbf,0xff,0xff,0xff,0xff,0xff,0xff,0xff,0xff,0xff,0xff,
    0xff,0xff,0xff,0xff,0xff,0xff,0xff,0xff,0xff,0xff,0xff,0xff,0xff,0xff,0xff,0xff,
    0xff,0xff,0xff,0xff,0xff,0xff,0xff,0xff,0xbf,0x00,0x00,0x00,0x00,0x00,0x4b,0xff,
    0xff,0xff,0xff,0xff,0xff,0xff,0xff,0xff,0xff,0xff,0xff,0xff,0xff,0xff,0xff,0xff,
    0xff,0xff,0xff,0xff,0xff,0xff,0xff,0xff,0xff,0xff,0xff,0xff,0xff,0xff,0xff,0xff,
    0xff,0xff,0xff,0x4b,0x00,0x00,0x00,0x00,0xdf,0xff,0xff,0xff,0xff,0xff,0xff,0xff,
    0xff,0xff,0xff,0xff,0xff,0xff,0xff,0xff,0xff,0xff,0xff,0xff,0xff,0xff,0xff,0xff,
    0xff,0xff,0xff,0xff,0xff,0xff,0xff,0xff,0xff,0xff,0xff,0xff,0xff,0xdf,0x00,0x00,
    0x00,0x5a,0xff,0xff,0xff,0xff,0xff,0xff,0xff,0xff,0xff,0xff,0xff,0xff,0xff,0xff,
    0xff,0xff,0xff,0xff,0xff,0xff,0xff,0xff,0xff,0xff,0xff,0xff,0xff,0xff,0xff,0xff,
    0xff,0xff,0xff,0xff,0xff,0xff,0xff,0xff,0x5a,0x00,0x00,0xaf,0xff,0xff,0xff,0xff,
    0xff,0xff,0xff,0xff,0xff,0xff,0xff,0xff,0xff,0xff,0xff,0xff,0xff,0xff,0xff,0xff,
    0xff,0xff,0xff,0xff,0xff,0xff,0xff,0xff,0xff,0xff,0xff,0xff,0xff,0xff,0xff,0xff,
    0xff,0xff,0xaf,0x00,0x0c,0xff,0xff,0xff,0xff,0xff,0xff,0xff,0xff,0xff,0xff,0xff,
    0xff,0xff,0xff,0xff,0xff,0xff,0xff,0xff,0xff,0xff,0xff,0xff,0xff,0xff,0xff,0xff,
    0xff,0xff,0xff,0xff,0xff,0xff,0xff,0xff,0xff,0xff,0xff,0xff,0xff,0x0c,0x5a,0xff,
    0xff,0xff,0xff,0xff,0xff,0xff,0xff,0xff,0xff,0xff,0xff,0xff,0xff,0xff,0xff,0xff,
    0xff,0xff,0xff,0xff,0xff,0xff,0xff,0xff,0xff,0xff,0xff,0xff,0xff,0xff,0xff,0xff,
    0xff,0xff,0xff,0xff,0xff,0xff,0xff,0x5a,0x8f,0xff,0xff,0xff,0xff,0xff,0xff,0xff,
    0xff,0xff,0xff,0xff,0xff,0xff,0xff,0xff,0xff,0xff,0xff,0xff,0xff,0xff,0xff,0xff,
    0xff,0xff,0xff,0xff,0xff,0xff,0xff,0xff,0xff,0xff,0xff,0xff,0xff,0xff,0xff,0xff,
    0xff,0x8f,0xbf,0xff,0xff,0xff,0xff,0xff,0xff,0xff,0xff,0xff,0xff,0xff,0xff,0xff,
    0xff,0xff,0xff,0xff,0xff,0xff,0xff,0xff,0xff,0xff,0xff,0xff,0xff,0xff,0xff,0xff,
    0xff,0xff,0xff,0xff,0xff,0xff,0xff,0xff,0xff,0xff,0xff,0xbf,0xef,0xff,0xff,0xff,
    0xff,0xff,0xff,0xff,0xff,0xff,0xff,0xff,0xff,0xff,0xff,0xff,0xff,0xff,0xff,0xff,
    0xff,0xff,0xff,0xff,0xff,0xff,0xff,0xff,0xff,0xff,0xff,0xff,0xff,0xff,0xff,0xff,
    0xff,0xff,0xff,0xff,0xff,0xef,0xff,0xff,0xff,0xff,0xff,0xff,0xff,0xff,0xff,0xff,
    0xff,0xff,0xff,0xff,0xff,0xff,0xff,0xff,0xff,0xff,0xff,0xff,0xff,0xff,0xff,0xff,
    0xff,0xff,0xff,0xff,0xff,0xff,0xff,0xff,0xff,0xff,0xff,0xff,0xff,0xff,0xff,0xff,
    0xff,0xff,0xff,0xff,0xff,0xff,0xff,0xff,0xff,0xff,0xff,0xff,0xff,0xff,0xff,0xff,
    0xff,0xff,0xff,0xff,0xff,0xff,0xff,0xff,0xff,0xff,0xff,0xff,0xff,0xff,0xff,0xff,
    0xff,0xff,0xff,0xff,0xff,0xff,0xff,0xff,0xff,0xff,0xff,0xff,0xff,0xff,0xff,0xff,
    0xff,0xff,0xff,0xff,0xff,0xff,0xff,0xff,0xff,0xff,0xff,0xff,0xff,0xff,0xff,0xff,
    0xff,0xff,0xff,0xff,0xff,0xff,0xff,0xff,0xff,0xff,0xff,0xff,0xff,0xff,0xff,0xff,
    0xff,0xff,0xff,0xff,0xef,0xff,0xff,0xff,0xff,0xff,0xff,0xff,0xff,0xff,0xff,0xff,
    0xff,0xff,0xff,0xff,0xff,0xff,0xff,0xff,0xff,0xff,0xff,0xff,0xff,0xff,0xff,0xff,
    0xff,0xff,0xff,0xff,0xff,0xff,0xff,0xff,0xff,0xff,0xff,0xff,0xff,0xef,0xbf,0xff,
    0xff,0xff,0xff,0xff,0xff,0xff,0xff,0xff,0xff,0xff,0xff,0xff,0xff,0xff,0xff,0xff,
    0xff,0xff,0xff,0xff,0xff,0xff,0xff,0xff,0xff,0xff,0xff,0xff,0xff,0xff,0xff,0xff,
    0xff,0xff,0xff,0xff,0xff,0xff,0xff,0xbf,0x8f,0xff,0xff,0xff,0xff,0xff,0xff,0xff,
    0xff,0xff,0xff,0xff,0xff,0xff,0xff,0xff,0xff,0xff,0xff,0xff,0xff,0xff,0xff,0xff,
    0xff,0xff,0xff,0xff,0xff,0xff,0xff,0xff,0xff,0xff,0xff,0xff,0xff,0xff,0xff,0xff,
    0xff,0x8f,0x5a,0xff,0xff,0xff,0xff,0xff,0xff,0xff,0xff,0xff,0xff,0xff,0xff,0xff,
    0xff,0xff,0xff,0xff,0xff,0xff,0xff,0xff,0xff,0xff,0xff,0xff,0xff,0xff,0xff,0xff,
    0xff,0xff,0xff,0xff,0xff,0xff,0xff,0xff,0xff,0xff,0xff,0x5a,0x0c,0xff,0xff,0xff,
    0xff,0xff,0xff,0xff,0xff,0xff,0xff,0xff,0xff,0xff,0xff,0xff,0xff,0xff,0xff,0xff,
    0xff,0xff,0xff,0xff,0xff,0xff,0xff,0xff,0xff,0xff,0xff,0xff,0xff,0xff,0xff,0xff,
    0xff,0xff,0xff,0xff,0xff,0x0c,0x00,0xaf,0xff,0xff,0xff,0xff,0xff,0xff,0xff,0xff,
    0xff,0xff,0xff,0xff,0xff,0xff,0xff,0xff,0xff,0xff,0xff,0xff,0xff,0xff,0xff,0xff,
    0xff,0xff,0xff,0xff,0xff,0xff,0xff,0xff,0xff,0xff,0xff,0xff,0xff,0xff,0xaf,0x00,
    0x00,0x5a,0xff,0xff,0xff,0xff,0xff,0xff,0xff,0xff,0xff,0xff,0xff,0xff,0xff,0xff,
    0xff,0xff,0xff,0xff,0xff,0xff,0xff,0xff,0xff,0xff,0xff,0xff,0xff,0xff,0xff,0xff,
    0xff,0xff,0xff,0xff,0xff,0xff,0xff,0xff,0x5a,0x00,0x00,0x00,0xdf,0xff,0xff,0xff,
    0xff,0xff,0xff,0xff,0xff,0xff,0xff,0xff,0xff,0xff,0xff,0xff,0xff,0xff,0xff,0xff,
    0xff,0xff,0xff,0xff,0xff,0xff,0xff,0xff,0xff,0xff,0xff,0xff,0xff,0xff,0xff,0xff,
    0xff,0xdf,0x00,0x00,0x00,0x00,0x4b,0xff,0xff,0xff,0xff,0xff,0xff,0xff,0xff,0xff,
    0xff,0xff,0xff,0xff,0xff,0xff,0xff,0xff,0xff,0xff,0xff,0xff,0xff,0xff,0xff,0xff,
    0xff,0xff,0xff,0xff,0xff,0xff,0xff,0xff,0xff,0xff,0xff,0x4b,0x00,0x00,0x00,0x00,
    0x00,0xbf,0xff,0xff,0xff,0xff,0xff,0xff,0xff,0xff,0xff,0xff,0xff,0xff,0xff,0xff,
    0xff,0xff,0xff,0xff,0xff,0xff,0xff,0xff,0xff,0xff,0xff,0xff,0xff,0xff,0xff,0xff,
    0xff,0xff,0xff,0xff,0xbf,0x00,0x00,0x00,0x00,0x00,0x00,0x0f,0xef,0xff,0xff,0xff,
    0xff,0xff,0xff,0xff,0xff,0xff,0xff,0xff,0xff,0xff,0xff,0xff,0xff,0xff,0xff,0xff,
    0xff,0xff,0xff,0xff,0xff,0xff,0xff,0xff,0xff,0xff,0xff,0xff,0xff,0xef,0x0f,0x00,
    0x00,0x00,0x00,0x00,0x00,0x00,0x3c,0xff,0xff,0xff,0xff,0xff,0xff,0xff,0xff,0xff,
    0xff,0xff,0xff,0xff,0xff,0xff,0xff,0xff,0xff,0xff,0xff,0xff,0xff,0xff,0xff,0xff,
    0xff,0xff,0xff,0xff,0xff,0xff,0xff,0x3c,0x00,0x00,0x00,0x00,0x00,0x00,0x00,0x00,
    0x00,0x5a,0xff,0xff,0xff,0xff,0xff,0xff,0xff,0xff,0xff,0xff,0xff,0xff,0xff,0xff,
    0xff,0xff,0xff,0xff,0xff,0xff,0xff,0xff,0xff,0xff,0xff,0xff,0xff,0xff,0xff,0xff,
    0x5a,0x00,0x00,0x00,0x00,0x00,0x00,0x00,0x00,0x00,0x00,0x00,0x5a,0xff,0xff,0xff,
    0xff,0xff,0xff,0xff,0xff,0xff,0xff,0xff,0xff,0xff,0xff,0xff,0xff,0xff,0xff,0xff,
    0xff,0xff,0xff,0xff,0xff,0xff,0xff,0xff,0xff,0x5a,0x00,0x00,0x00,0x00,0x00,0x00,
    0x00,0x00,0x00,0x00,0x00,0x00,0x00,0x2d,0xef,0xff,0xff,0xff,0xff,0xff,0xff,0xff,
    0xff,0xff,0xff,0xff,0xff,0xff,0xff,0xff,0xff,0xff,0xff,0xff,0xff,0xff,0xff,0xff,
    0xff,0xef,0x2d,0x00,0x00,0x00,0x00,0x00,0x00,0x00,0x00,0x00,0x00,0x00,0x00,0x00,
    0x00,0x00,0x0f,0xaf,0xff,0xff,0xff,0xff,0xff,0xff,0xff,0xff,0xff,0xff,0xff,0xff,
    0xff,0xff,0xff,0xff,0xff,0xff,0xff,0xff,0xff,0xff,0xaf,0x0f,0x00,0x00,0x00,0x00,
    0x00,0x00,0x00,0x00,0x00,0x00,0x00,0x00,0x00,0x00,0x00,0x00,0x00,0x00,0x3c,0xbf,
    0xff,0xff,0xff,0xff,0xff,0xff,0xff,0xff,0xff,0xff,0xff,0xff,0xff,0xff,0xff,0xff,
    0xff,0xff,0xbf,0x3c,0x00,0x00,0x00,0x00,0x00,0x00,0x00,0x00,0x00,0x00,0x00,0x00,
    0x00,0x00,0x00,0x00,0x00,0x00,0x00,0x00,0x00,0x00,0x3c,0x9f,0xef,0xff,0xff,0xff,
    0xff,0xff,0xff,0xff,0xff,0xff,0xff,0xff,0xff,0xef,0x9f,0x3c,0x00,0x00,0x00,0x00,
    0x00,0x00,0x00,0x00,0x00,0x00,0x00,0x00,0x00,0x00,0x00,0x00,0x00,0x00,0x00,0x00,
    0x00,0x00,0x00,0x00,0x00,0x00,0x00,0x4b,0x80,0xbf,0xcf,0xff,0xff,0xff,0xff,0xcf,
    0xbf,0x80,0x4b,0x00,0x00,0x00,0x00,0x00,0x00,0x00,0x00,0x00,0x00,0x00,0x00,0x00,
    0x00,0x00,0x00,0x00,0x00,0x00,0x00,0x00,0x00,0x00,0x00,0x00,0x00,0x00,0x00,0x00,
    0x00,0x00,0x00,0x00,0x00,0x00,0x00,0x00,0x00,0x00,0x00,0x00,0x00,0x00,0x00,0x00,
    0x00,0x00,0x00,0x00,0x00,0x00,0x00,0x00,0x00,0x00,0x00,0x00,
};

const lv_image_dsc_t icon_value = {
    .header = {
        .magic = LV_IMAGE_HEADER_MAGIC,
        .cf = LV_COLOR_FORMAT_RGB565A8,
        .flags = 0,
        .w = 42,
        .h = 42,
        .stride = 84,
        .reserved_2 = 0,
    },
    .data_size = sizeof(icon_value_map),
    .data = icon_value_map,
    .reserved = NULL,
    .reserved_2 = NULL,
};
